id,product_code,product_name,category,price_band,unit_price
1,10002,INFLATABLE POLITICAL GLOBE ,其他,低价格带,0.85
2,10080,GROOVY CACTUS INFLATABLE,其他,低价格带,0.39
3,10120,DOGGY RUBBER,其他,低价格带,0.21
4,10124A,SPOTS ON RED BOOKCOVER TAPE,文具礼品,低价格带,0.42
5,10125,MINI FUNKY DESIGN TAPES,其他,低价格带,0.85
6,10133,COLOURING PENCILS BROWN TUBE,文具礼品,低价格带,0.42
7,10135,COLOURING PENCILS BROWN TUBE,文具礼品,低价格带,1.25
8,11001,ASSTD DESIGN RACING CAR PEN,其他,中价格带,1.69
9,15034,PAPER POCKET TRAVELING FAN ,其他,低价格带,0.14
10,15036,ASSORTED COLOURS SILK FAN,其他,低价格带,0.83
11,15039,SANDALWOOD FAN,其他,低价格带,0.85
12,15044A,PINK PAPER PARASOL ,园艺户外,中价格带,2.95
13,15044B,BLUE PAPER PARASOL ,园艺户外,中价格带,2.95
14,15044C,PURPLE PAPER PARASOL,园艺户外,中价格带,2.95
15,15044D,RED PAPER PARASOL,园艺户外,中价格带,2.95
16,15056BL,EDWARDIAN PARASOL BLACK,园艺户外,高价格带,5.95
17,15056N,EDWARDIAN PARASOL NATURAL,园艺户外,高价格带,5.95
18,15056P,EDWARDIAN PARASOL PINK,园艺户外,高价格带,5.95
19,15058A,BLUE POLKADOT GARDEN PARASOL,园艺户外,高价格带,7.95
20,15058B,PINK POLKADOT GARDEN PARASOL,园艺户外,高价格带,7.95
21,15058C,ICE CREAM DESIGN GARDEN PARASOL,园艺户外,高价格带,7.95
22,15060B,FAIRY CAKE DESIGN UMBRELLA,服饰配饰,高价格带,3.75
23,16008,SMALL FOLDING SCISSOR(POINTED EDGE),其他,低价格带,0.12
24,16011,ANIMAL STICKERS,家居装饰,低价格带,0.21
25,16012,FOOD/DRINK SPONGE STICKERS,卫浴清洁,低价格带,0.21
26,16014,SMALL CHINESE STYLE SCISSOR,其他,低价格带,0.42
27,16015,MEDIUM CHINESE STYLE SCISSOR,其他,低价格带,0.5
28,16016,LARGE CHINESE STYLE SCISSOR,其他,低价格带,0.85
29,16020C,CLEAR STATIONERY BOX SET ,收纳储物,低价格带,0.85
30,16045,POPART WOODEN PENCILS ASST,文具礼品,低价格带,0.04
31,16046,TEATIME PEN CASE & PENS,其他,低价格带,0.85
32,16048,TEATIME ROUND PENCIL SHARPENER ,文具礼品,低价格带,0.12
33,16052,TEATIME PUSH DOWN RUBBER,其他,低价格带,0.19
34,16054,POPART RECT PENCIL SHARPENER ASST,文具礼品,低价格带,0.12
35,16156S,WRAP PINK FAIRY CAKES ,文具礼品,低价格带,0.42
36,16161P,WRAP ENGLISH ROSE ,文具礼品,低价格带,0.42
37,16161U,WRAP SUKI AND FRIENDS,文具礼品,低价格带,0.42
38,16162L,THE KING GIFT BAG,文具礼品,低价格带,0.65
39,16168M,FUNKY MONKEY GIFT BAG MEDIUM,文具礼品,低价格带,0.42
40,16169E,WRAP 50'S  CHRISTMAS,文具礼品,低价格带,0.42
41,16169K,WRAP FOLK ART,文具礼品,低价格带,0.42
42,16169M,WRAP DAISY CARPET ,文具礼品,低价格带,0.42
43,16169P,WRAP GREEN RUSSIAN FOLKART ,文具礼品,低价格带,0.42
44,16207A,PINK STRAWBERRY HANDBAG ,服饰配饰,中价格带,2.95
45,16216,LETTER SHAPE PENCIL SHARPENER,文具礼品,低价格带,0.06
46,16218,CARTOON  PENCIL SHARPENERS,文具礼品,低价格带,0.06
47,16219,HOUSE SHAPE PENCIL SHARPENER,文具礼品,低价格带,0.06
48,16225,RATTLE SNAKE EGGS,其他,低价格带,1.25
49,16235,RECYCLED PENCIL WITH RABBIT ERASER,文具礼品,低价格带,0.21
50,16236,KITTY PENCIL ERASERS,文具礼品,低价格带,0.21
51,16237,SLEEPING CAT ERASERS,文具礼品,低价格带,0.21
52,16238,PARTY TIME PENCIL ERASERS,文具礼品,低价格带,0.21
53,16258A,SWIRLY CIRCULAR RUBBERS IN BAG,服饰配饰,低价格带,0.42
54,16259,PIECE OF CAMO STATIONERY SET,文具礼品,低价格带,0.08
55,17001,HEAVENS SCENT FRAGRANCE OILS ASSTD,其他,低价格带,0.29
56,17003,BROCADE RING PURSE ,服饰配饰,低价格带,0.29
57,17012A,ORIGAMI VANILLA INCENSE/CANDLE SET ,灯烛照明,低价格带,0.85
58,17012B,ORIGAMI JASMINE INCENSE/CANDLE SET,灯烛照明,低价格带,0.85
59,17012C,ORIGAMI LAVENDER INCENSE/CANDL SET ,其他,低价格带,0.85
60,17012D,ORIGAMI ROSE INCENSE/CANDLE SET ,灯烛照明,低价格带,0.85
61,17012F,ORIGAMI SANDLEWOOD INCENSE/CAND SET,其他,低价格带,0.85
62,17013D,ORIGAMI ROSE INCENSE IN TUBE,其他,低价格带,1.03
63,17021,NAMASTE SWAGAT INCENSE,其他,低价格带,0.3
64,17038,PORCELAIN BUDAH INCENSE HOLDER,其他,低价格带,0.1
65,17084A,TRANQUILITY MASALA INCENSE,其他,低价格带,0.21
66,17084J,LOVE POTION MASALA INCENSE,其他,低价格带,0.21
67,17084N,FAIRY DREAMS INCENSE ,其他,低价格带,0.21
68,17084P,DRAGONS BLOOD INCENSE,其他,低价格带,0.21
69,17084R,ASSORTED INCENSE PACK,其他,低价格带,0.21
70,17090A,LAVENDER INCENSE 40 CONES IN TIN,其他,低价格带,1.25
71,17090D,VANILLA INCENSE 40 CONES IN TIN,其他,低价格带,1.25
72,17091A,LAVENDER INCENSE IN TIN,其他,低价格带,0.38
73,17091J,VANILLA INCENSE IN TIN,其他,低价格带,0.38
74,17096,ASSORTED LAQUERED INCENSE HOLDERS,其他,低价格带,0.19
75,17107D,"FLOWER FAIRY,5 SUMMER B'DRAW LINERS",园艺户外,中价格带,2.55
76,17129F,BLUE GLASS GEMS IN BAG,服饰配饰,低价格带,0.85
77,17136A,BLUE STONES ON WIRE FOR CANDLE,灯烛照明,低价格带,0.08
78,17164B,ASS COL SMALL SAND GECKO P'WEIGHT,其他,低价格带,0.42
79,17165D,ASS COL LARGE SAND FROG P'WEIGHT,其他,低价格带,1.05
80,18007,ESSENTIAL BALM 3.5g TIN IN ENVELOPE,其他,低价格带,0.18
81,18094C,WHITE AND BLUE CERAMIC OIL BURNER,其他,低价格带,1.25
82,18097A,PINK TALL PORCELAIN T-LIGHT HOLDER ,灯烛照明,中价格带,2.55
83,18097C,WHITE TALL PORCELAIN T-LIGHT HOLDER,灯烛照明,中价格带,2.55
84,18098C,PORCELAIN BUTTERFLY OIL BURNER,其他,中价格带,2.95
85,20615,BLUE POLKADOT PASSPORT COVER,其他,中价格带,1.43
86,20616,CHERRY BLOSSOM PASSPORT COVER,其他,低价格带,0.75
87,20617,FIRST CLASS PASSPORT COVER ,其他,高价格带,4.13
88,20618,QUEEN OF THE SKIES PASSPORT COVER ,其他,中价格带,2.1
89,20619,TROPICAL PASSPORT COVER ,其他,中价格带,2.1
90,20622,VIPPASSPORT COVER ,其他,中价格带,2.1
91,20652,BLUE POLKADOT LUGGAGE TAG ,文具礼品,低价格带,1.25
92,20653,CHERRY BLOSSOM LUGGAGE TAG,文具礼品,低价格带,1.25
93,20654,FIRST CLASS LUGGAGE TAG ,文具礼品,低价格带,1.25
94,20655,QUEEN OF SKIES LUGGAGE TAG,文具礼品,低价格带,1.25
95,20657,TROPICAL LUGGAGE TAG,文具礼品,低价格带,1.25
96,20658,RED RETROSPOT LUGGAGE TAG,文具礼品,低价格带,1.25
97,20659,ECONOMY LUGGAGE TAG,文具礼品,低价格带,1.16
98,20662,FIRST CLASS HOLIDAY PURSE ,服饰配饰,高价格带,4.37
99,20665,RED RETROSPOT PURSE ,服饰配饰,中价格带,2.95
100,20668,DISCO BALL CHRISTMAS DECORATION,家居装饰,低价格带,0.12
101,20669,RED HEART LUGGAGE TAG,文具礼品,低价格带,1.25
102,20670,VIP HOLIDAY PURSE,服饰配饰,高价格带,5.79
103,20671,BLUE TEATIME PRINT BOWL ,厨房餐饮,低价格带,1.25
104,20674,GREEN POLKADOT BOWL,厨房餐饮,低价格带,1.25
105,20675,BLUE POLKADOT BOWL,厨房餐饮,低价格带,1.25
106,20676,RED RETROSPOT BOWL,厨房餐饮,低价格带,1.25
107,20677,PINK POLKADOT BOWL,厨房餐饮,低价格带,1.25
108,20679,EDWARDIAN PARASOL RED,园艺户外,高价格带,5.95
109,20681,PINK POLKADOT CHILDRENS UMBRELLA,服饰配饰,高价格带,3.25
110,20682,RED RETROSPOT CHILDRENS UMBRELLA,服饰配饰,高价格带,3.25
111,20684,STRAWBERRY DREAM CHILDS UMBRELLA,服饰配饰,高价格带,3.25
112,20685,DOORMAT RED RETROSPOT,家居装饰,高价格带,7.95
113,20686,DOLLY MIXTURE CHILDREN'S UMBRELLA,玩具游戏,高价格带,3.25
114,20694,FLORAL PINK MONSTER,其他,高价格带,3.75
115,20696,FLORAL SOFT CAR TOY,玩具游戏,高价格带,3.75
116,20698,LITTLE PINK MONSTER SOFT TOY,玩具游戏,中价格带,2.55
117,20702,PINK PADDED MOBILE,其他,高价格带,4.25
118,20704,MR ROBOT SOFT TOY,玩具游戏,高价格带,6.95
119,20705,MRS ROBOT SOFT TOY,玩具游戏,高价格带,6.95
120,20707,CRAZY DAISY HEART DECORATION,家居装饰,中价格带,1.85
121,20711,JUMBO BAG TOYS ,玩具游戏,中价格带,2.08
122,20712,JUMBO BAG WOODLAND ANIMALS,服饰配饰,中价格带,2.08
123,20713,JUMBO BAG OWLS,服饰配饰,中价格带,2.08
124,20716,PARTY FOOD SHOPPER BAG,服饰配饰,低价格带,1.25
125,20717,STRAWBERRY SHOPPER BAG,服饰配饰,低价格带,1.25
126,20718,RED RETROSPOT SHOPPER BAG,服饰配饰,低价格带,1.25
127,20719,WOODLAND CHARLOTTE BAG,服饰配饰,低价格带,0.85
128,20723,STRAWBERRY CHARLOTTE BAG,服饰配饰,低价格带,0.85
129,20724,RED RETROSPOT CHARLOTTE BAG,服饰配饰,低价格带,0.85
130,20725,LUNCH BAG RED RETROSPOT,厨房餐饮,中价格带,1.65
131,20726,LUNCH BAG WOODLAND,厨房餐饮,中价格带,1.65
132,20727,LUNCH BAG  BLACK SKULL.,厨房餐饮,中价格带,1.65
133,20728,LUNCH BAG CARS BLUE,厨房餐饮,中价格带,1.65
134,20733,GOLD MINI TAPE MEASURE ,其他,低价格带,0.85
135,20735,BLACK MINI TAPE MEASURE ,其他,低价格带,0.85
136,20748,KENSINGTON COFFEE SET,厨房餐饮,高价格带,12.75
137,20749,ASSORTED COLOUR MINI CASES,其他,高价格带,7.95
138,20750,RED RETROSPOT MINI CASES,其他,高价格带,7.95
139,20751,FUNKY WASHING UP GLOVES ASSORTED,服饰配饰,中价格带,2.1
140,20752,BLUE POLKADOT WASHING UP GLOVES,服饰配饰,中价格带,2.1
141,20754,RETROSPOT RED WASHING UP GLOVES,服饰配饰,中价格带,2.1
142,20755,BLUE PAISLEY POCKET BOOK,文具礼品,低价格带,0.85
143,20756,GREEN FERN POCKET BOOK,文具礼品,低价格带,0.85
144,20757,RED DAISY POCKET BOOK ,文具礼品,低价格带,0.85
145,20758,ABSTRACT CIRCLES POCKET BOOK,文具礼品,低价格带,0.85
146,20759,CHRYSANTHEMUM POCKET BOOK ,文具礼品,低价格带,0.85
147,20760,GARDEN PATH POCKET BOOK,园艺户外,低价格带,0.85
148,20761,BLUE PAISLEY SKETCHBOOK,文具礼品,高价格带,3.75
149,20762,GREEN FERN SKETCHBOOK ,文具礼品,高价格带,3.75
150,20763,DAISY SKETCHBOOK ,文具礼品,高价格带,3.75
151,20764,ABSTRACT CIRCLES SKETCHBOOK ,文具礼品,高价格带,3.75
152,20765,CHRYSANTHEMUM SKETCHBOOK ,文具礼品,高价格带,3.75
153,20766,GARDEN PATH SKETCHBOOK,园艺户外,高价格带,3.75
154,20767,BLUE PAISLEY JOURNAL ,其他,中价格带,2.55
155,20768,GREEN FERN JOURNAL ,其他,中价格带,2.55
156,20769,DAISY JOURNAL ,其他,中价格带,2.55
157,20770,ABSTRACT CIRCLE JOURNAL ,其他,中价格带,2.55
158,20771,CHRYSANTHEMUM  JOURNAL,其他,中价格带,2.55
159,20772,GARDEN PATH JOURNAL,园艺户外,中价格带,2.55
160,20773,BLUE PAISLEY NOTEBOOK,文具礼品,中价格带,1.65
161,20774,GREEN FERN NOTEBOOK,文具礼品,中价格带,1.65
162,20775,DAISY NOTEBOOK ,文具礼品,中价格带,1.65
163,20777,CHRYSANTHEMUM NOTEBOOK,文具礼品,中价格带,1.65
164,20778,GARDEN PATH NOTEBOOK ,园艺户外,中价格带,1.65
165,20780,BLACK EAR MUFF HEADPHONES,其他,高价格带,10.79
166,20781,GOLD EAR MUFF HEADPHONES,其他,高价格带,5.49
167,20782,CAMOUFLAGE EAR MUFF HEADPHONES,其他,高价格带,5.49
168,20785,FUSCHIA RETRO BAR STOOL,其他,高价格带,37.95
169,20793,BLUE TILED TRAY,其他,高价格带,6.75
170,20794,BLUE  TILE HOOK,家居装饰,中价格带,2.55
171,20795,LARGE BLUE PROVENCAL CERAMIC BALL,其他,中价格带,2.1
172,20796,SMALL BLUE PROVENCAL CERAMIC BALL,其他,中价格带,1.65
173,20801,LARGE PINK GLASS SUNDAE DISH,厨房餐饮,低价格带,0.79
174,20802,SMALL GLASS SUNDAE DISH CLEAR,厨房餐饮,中价格带,1.65
175,20803,SMALL PINK GLASS SUNDAE DISH,厨房餐饮,低价格带,0.39
176,20819,SILVER TEDDY BEAR,玩具游戏,高价格带,3.75
177,20820,SILVER LOOKING MIRROR,家居装饰,高价格带,4.95
178,20821,GOLDIE LOOKING MIRROR,家居装饰,高价格带,4.95
179,20823,GOLD WINE GOBLET,其他,低价格带,0.79
180,20826,SILVER APERITIF GLASS,其他,低价格带,0.39
181,20828,GLITTER BUTTERFLY CLIPS,其他,中价格带,2.55
182,20829,GLITTER HANGING BUTTERFLY STRING,其他,中价格带,2.1
183,20830,SILVER PHOTO FRAME,家居装饰,中价格带,2.1
184,20831,GOLD PHOTO FRAME,家居装饰,低价格带,0.79
185,20832,RED FLOCK LOVE HEART PHOTO FRAME,家居装饰,低价格带,0.72
186,20835,FRENCH LATTICE CUSHION COVER ,家居装饰,低价格带,0.83
187,20836,FRENCH PAISLEY CUSHION COVER,家居装饰,低价格带,0.83
188,20837,FRENCH FLORAL CUSHION COVER ,家居装饰,低价格带,0.83
189,20838,FRENCH LATTICE CUSHION COVER ,家居装饰,低价格带,0.85
190,20839,FRENCH PAISLEY CUSHION COVER ,家居装饰,低价格带,0.85
191,20840,FRENCH FLORAL CUSHION COVER ,家居装饰,低价格带,0.85
192,20845,ZINC HEART LATTICE 2 WALL PLANTER,园艺户外,高价格带,6.35
193,20846,ZINC HEART LATTICE T-LIGHT HOLDER,灯烛照明,低价格带,1.25
194,20847,ZINC HEART LATTICE CHARGER LARGE,家居装饰,高价格带,3.75
195,20854,BLUE PATCH PURSE PINK HEART,服饰配饰,中价格带,1.65
196,20856,DENIM PATCH PURSE PINK BUTTERFLY,服饰配饰,中价格带,1.65
197,20866,BLUE ROSE FABRIC MIRROR,家居装饰,低价格带,1.25
198,20867,PINK ROSE FABRIC MIRROR,家居装饰,低价格带,1.25
199,20868,SILVER FABRIC MIRROR,家居装饰,低价格带,0.39
200,20869,GOLD FABRIC MIRROR,家居装饰,低价格带,0.39
201,20878,SET/9 CHRISTMAS T-LIGHTS SCENTED ,灯烛照明,低价格带,1.25
202,20886,BOX OF 9 PEBBLE CANDLES,收纳储物,中价格带,1.95
203,20893,HANGING BAUBLE T-LIGHT HOLDER SMALL,灯烛照明,中价格带,2.55
204,20894,HANGING BAUBLE T-LIGHT HOLDER LARGE,灯烛照明,中价格带,2.95
205,20897,VINTAGE NOTEBOOK PARIS DAYS,文具礼品,中价格带,2.95
206,20914,SET/5 RED RETROSPOT LID GLASS BOWLS,厨房餐饮,中价格带,2.95
207,20932,PINK POT PLANT CANDLE,灯烛照明,中价格带,2.95
208,20934,SET/3 POT PLANT CANDLES,灯烛照明,高价格带,5.45
209,20936,FORKED CACTUS CANDLE,灯烛照明,中价格带,2.95
210,20941,FROG CANDLE,灯烛照明,低价格带,1.25
211,20956,PORCELAIN T-LIGHT HOLDERS ASSORTED,灯烛照明,低价格带,1.25
212,20961,STRAWBERRY BATH SPONGE ,卫浴清洁,低价格带,1.25
213,20963,APPLE BATH SPONGE,卫浴清洁,低价格带,1.25
214,20966,SANDWICH BATH SPONGE,卫浴清洁,低价格带,1.25
215,20967,GREY FLORAL FELTCRAFT SHOULDER BAG,服饰配饰,高价格带,3.75
216,20969,RED FLORAL FELTCRAFT SHOULDER BAG,服饰配饰,高价格带,3.75
217,20970,PINK FLORAL FELTCRAFT SHOULDER BAG,服饰配饰,高价格带,3.75
218,20971,PINK BLUE FELT CRAFT TRINKET BOX,收纳储物,低价格带,1.25
219,20972,PINK CREAM FELT CRAFT TRINKET BOX ,收纳储物,低价格带,1.25
220,20973,12 PENCIL SMALL TUBE WOODLAND,文具礼品,低价格带,0.65
221,20974,12 PENCILS SMALL TUBE SKULL,文具礼品,低价格带,0.65
222,20975,12 PENCILS SMALL TUBE RED RETROSPOT,文具礼品,低价格带,0.65
223,20977,36 PENCILS TUBE WOODLAND,文具礼品,低价格带,1.25
224,20978,36 PENCILS TUBE SKULLS,文具礼品,低价格带,1.25
225,20979,36 PENCILS TUBE RED RETROSPOT,文具礼品,低价格带,1.25
226,20980,36 PENCILS TUBE POSY,文具礼品,低价格带,1.25
227,20981,12 PENCILS TALL TUBE WOODLAND,文具礼品,低价格带,0.85
228,20982,12 PENCILS TALL TUBE SKULLS,文具礼品,低价格带,0.85
229,20983,12 PENCILS TALL TUBE RED RETROSPOT,文具礼品,低价格带,0.85
230,20984,12 PENCILS TALL TUBE POSY,文具礼品,低价格带,0.29
231,20985,HEART CALCULATOR,家居装饰,低价格带,1.25
232,20986,BLUE CALCULATOR RULER,文具礼品,低价格带,1.25
233,20992,JAZZ HEARTS PURSE NOTEBOOK,文具礼品,低价格带,0.39
234,20996,JAZZ HEARTS ADDRESS BOOK,文具礼品,低价格带,0.19
235,20998,ROSE DU SUD OVEN GLOVE,服饰配饰,中价格带,2.95
236,21000,ROSE DU SUD COSMETICS BAG,服饰配饰,高价格带,4.25
237,21001,ROSE DU SUD WASHBAG ,服饰配饰,高价格带,5.95
238,21002,ROSE DU SUD DRAWSTRING BAG,服饰配饰,高价格带,4.25
239,21011,GLITTER SNOW PEAR TREE DECORATION,家居装饰,中价格带,1.45
240,21012,ANTIQUE ALL GLASS CANDLESTICK,灯烛照明,中价格带,2.1
241,21014,SWISS CHALET TREE DECORATION ,家居装饰,低价格带,0.29
242,21015,DARK BIRD HOUSE TREE DECORATION,家居装饰,低价格带,0.29
243,21018,BIRD BOX CHRISTMAS TREE DECORATION,收纳储物,低价格带,0.85
244,21025,SPACE FROG,其他,低价格带,1.25
245,21026,SPACE OWL,其他,低价格带,1.25
246,21028,NINJA RABBIT BLACK,其他,低价格带,1.25
247,21030,SPACE CADET RED,其他,低价格带,1.25
248,21031,SPACE CADET BLACK,其他,低价格带,1.25
249,21033,JUMBO BAG CHARLIE AND LOLA TOYS,玩具游戏,中价格带,2.08
250,21034,REX CASH+CARRY JUMBO SHOPPER,其他,低价格带,0.95
251,21035,SET/2 RED RETROSPOT TEA TOWELS ,厨房餐饮,高价格带,3.25
252,21038,SET/4 MODERN VINTAGE COTTON NAPKINS,文具礼品,低价格带,0.79
253,21039,RED RETROSPOT SHOPPING BAG,服饰配饰,中价格带,2.55
254,21041,RED RETROSPOT OVEN GLOVE DOUBLE,服饰配饰,中价格带,2.95
255,21042,RED RETROSPOT APRON ,服饰配饰,高价格带,5.95
256,21043,APRON MODERN VINTAGE COTTON,文具礼品,中价格带,1.95
257,21051,RIBBONS PURSE ,服饰配饰,中价格带,2.1
258,21054,NURSE'S BAG SOFT TOY,玩具游戏,高价格带,8.95
259,21055,TOOL BOX SOFT TOY ,收纳储物,高价格带,8.95
260,21056,DOCTOR'S BAG SOFT TOY,玩具游戏,高价格带,8.95
261,21058,PARTY INVITES WOODLAND,其他,低价格带,0.85
262,21059,PARTY INVITES DINOSAURS,其他,低价格带,0.85
263,21060,PARTY INVITES BALLOON GIRL,其他,低价格带,0.85
264,21061,PARTY INVITES FOOTBALL,其他,低价格带,0.85
265,21062,PARTY INVITES SPACEMAN,其他,低价格带,0.85
266,21063,PARTY INVITES JAZZ HEARTS,家居装饰,低价格带,0.85
267,21064,BOOM BOX SPEAKER BOYS,收纳储物,高价格带,5.95
268,21065,BOOM BOX SPEAKER GIRLS,收纳储物,高价格带,5.95
269,21066,VINTAGE RED MUG,厨房餐饮,低价格带,1.25
270,21067,VINTAGE RED TEATIME MUG,厨房餐饮,低价格带,1.25
271,21068,VINTAGE BILLBOARD LOVE/HATE MUG,厨房餐饮,低价格带,1.25
272,21069,VINTAGE BILLBOARD TEA MUG,厨房餐饮,低价格带,1.25
273,21070,VINTAGE BILLBOARD MUG ,厨房餐饮,低价格带,1.25
274,21071,VINTAGE BILLBOARD DRINK ME MUG,厨房餐饮,低价格带,1.25
275,21078,SET/20 STRAWBERRY PAPER NAPKINS ,其他,低价格带,0.85
276,21080,SET/20 RED RETROSPOT PAPER NAPKINS ,其他,低价格带,0.85
277,21084,SET/6 COLLAGE PAPER CUPS,厨房餐饮,低价格带,0.19
278,21086,SET/6 RED SPOTTY PAPER CUPS,厨房餐饮,低价格带,0.65
279,21087,SET/6 POSIES PAPER CUPS,厨房餐饮,低价格带,0.65
280,21088,SET/6 FRUIT SALAD PAPER CUPS,厨房餐饮,低价格带,0.19
281,21089,SET/6 GREEN SPRING PAPER CUPS,厨房餐饮,低价格带,0.19
282,21090,SET/6 COLLAGE PAPER PLATES,厨房餐饮,低价格带,0.39
283,21094,SET/6 RED SPOTTY PAPER PLATES,厨房餐饮,低价格带,0.85
284,21095,SET/6 POSIES PAPER PLATES,厨房餐饮,低价格带,0.85
285,21096,SET/6 FRUIT SALAD  PAPER PLATES,厨房餐饮,低价格带,0.39
286,21098,CHRISTMAS TOILET ROLL,卫浴清洁,低价格带,1.25
287,21106,CREAM SLICE FLANNEL CHOCOLATE SPOT ,其他,中价格带,2.95
288,21107,CREAM SLICE FLANNEL PINK SPOT ,其他,中价格带,2.95
289,21108,FAIRY CAKE FLANNEL ASSORTED COLOUR,其他,低价格带,0.79
290,21109,LARGE CAKE TOWEL CHOCOLATE SPOTS,卫浴清洁,高价格带,6.75
291,21110,LARGE CAKE TOWEL PINK SPOTS,卫浴清洁,高价格带,6.75
292,21111,"SWISS ROLL TOWEL, CHOCOLATE  SPOTS",卫浴清洁,低价格带,1.25
293,21112,"SWISS ROLL TOWEL, PINK  SPOTS",卫浴清洁,低价格带,1.25
294,21114,LAVENDER SCENTED FABRIC HEART,家居装饰,低价格带,1.25
295,21115,ROSE CARAVAN DOORSTOP,家居装饰,高价格带,6.75
296,21116,OWL DOORSTOP,家居装饰,高价格带,4.95
297,21117,BLOND DOLL DOORSTOP,玩具游戏,低价格带,1.25
298,21121,SET/10 RED POLKADOT PARTY CANDLES,灯烛照明,低价格带,1.25
299,21122,SET/10 PINK POLKADOT PARTY CANDLES,灯烛照明,低价格带,1.25
300,21123,SET/10 IVORY POLKADOT PARTY CANDLES,灯烛照明,低价格带,1.25
301,21124,SET/10 BLUE POLKADOT PARTY CANDLES,灯烛照明,低价格带,1.25
302,21125,SET 6 FOOTBALL CELEBRATION CANDLES,灯烛照明,低价格带,1.25
303,21126,SET OF 6 GIRLS CELEBRATION CANDLES,灯烛照明,低价格带,1.25
304,21128,GOLD FISHING GNOME,其他,高价格带,6.95
305,21129,SILVER FISHING GNOME ,其他,高价格带,6.95
306,21131,GOLD STANDING GNOME,其他,高价格带,4.25
307,21132,SILVER STANDING GNOME   ,其他,高价格带,4.25
308,21135,VICTORIAN  METAL POSTCARD SPRING,文具礼品,中价格带,1.69
309,21136,PAINTED METAL PEARS ASSORTED,其他,中价格带,1.69
310,21137,BLACK RECORD COVER FRAME,家居装饰,高价格带,3.75
311,21143,ANTIQUE GLASS HEART DECORATION ,家居装饰,中价格带,1.95
312,21145,ANTIQUE GLASS PLACE SETTING,其他,低价格带,1.25
313,21147,JINGLE BELLS TREE DECORATION,家居装饰,中价格带,2.1
314,21154,RED RETROSPOT OVEN GLOVE ,服饰配饰,低价格带,1.25
315,21155,RED RETROSPOT PEG BAG,服饰配饰,中价格带,2.55
316,21156,RETROSPOT CHILDRENS APRON,服饰配饰,中价格带,1.95
317,21158,MOODY GIRL DOOR HANGER ,家居装饰,低价格带,0.39
318,21159,MOODY BOY  DOOR HANGER ,家居装饰,低价格带,0.39
319,21161,KEEP OUT BOYS DOOR HANGER ,家居装饰,中价格带,1.45
320,21162,TOXIC AREA  DOOR HANGER ,家居装饰,低价格带,0.39
321,21163,DO NOT TOUCH MY STUFF DOOR HANGER ,家居装饰,低价格带,0.39
322,21164,HOME SWEET HOME METAL SIGN ,家居装饰,中价格带,2.95
323,21165,BEWARE OF THE CAT METAL SIGN ,家居装饰,中价格带,1.69
324,21166,COOK WITH WINE METAL SIGN ,厨房餐饮,中价格带,2.08
325,21167,WHITE SAGE INCENSE,其他,低价格带,0.21
326,21169,YOU'RE CONFUSING ME METAL SIGN ,家居装饰,中价格带,1.69
327,21171,BATHROOM METAL SIGN ,卫浴清洁,中价格带,1.45
328,21172,PARTY METAL SIGN ,家居装饰,中价格带,1.45
329,21174,POTTERING IN THE SHED METAL SIGN,家居装饰,中价格带,2.08
330,21175,GIN + TONIC DIET METAL SIGN,家居装饰,中价格带,2.55
331,21179,NO JUNK MAIL METAL SIGN,家居装饰,低价格带,0.39
332,21181,PLEASE ONE PERSON METAL SIGN,家居装饰,中价格带,2.1
333,21187,WHITE BELL HONEYCOMB PAPER GARLAND ,其他,中价格带,1.65
334,21188,3D HEARTS  HONEYCOMB PAPER GARLAND,家居装饰,中价格带,2.95
335,21189,WHITE HONEYCOMB PAPER GARLAND ,其他,中价格带,1.65
336,21191,LARGE WHITE HONEYCOMB PAPER BELL  ,其他,中价格带,2.1
337,21192,WHITE BELL HONEYCOMB PAPER ,其他,中价格带,1.65
338,21194,PINK  HONEYCOMB PAPER FAN,其他,低价格带,0.65
339,21195,PINK  HONEYCOMB PAPER BALL ,其他,中价格带,2.1
340,21197,MULTICOLOUR  CONFETTI IN TUBE,其他,中价格带,1.65
341,21198,WHITE HEART CONFETTI IN TUBE,家居装饰,中价格带,1.65
342,21199,PINK  HEART CONFETTI IN TUBE,家居装饰,中价格带,1.65
343,21200,MULTICOLOUR HONEYCOMB PAPER GARLAND,其他,中价格带,1.65
344,21201,TROPICAL  HONEYCOMB PAPER GARLAND ,其他,中价格带,2.55
345,21202,DOLLY HONEYCOMB GARLAND,玩具游戏,低价格带,1.15
346,21204,DAISIES  HONEYCOMB GARLAND ,其他,中价格带,1.65
347,21205,MULTICOLOUR 3D BALLS GARLAND,其他,中价格带,2.55
348,21206,STRAWBERRY HONEYCOMB  GARLAND ,其他,中价格带,1.65
349,21207,SKULL AND CROSSBONES  GARLAND ,其他,中价格带,1.65
350,21208,PASTEL COLOUR HONEYCOMB FAN,其他,低价格带,0.39
351,21209,MULTICOLOUR HONEYCOMB FAN,其他,低价格带,0.39
352,21210,SET OF 72 RETROSPOT PAPER  DOILIES,其他,中价格带,1.45
353,21211,SET OF 72 SKULL PAPER  DOILIES,其他,中价格带,1.45
354,21212,PACK OF 72 RETROSPOT CAKE CASES,其他,低价格带,0.55
355,21213,PACK OF 72 SKULL CAKE CASES,其他,低价格带,0.55
356,21215,IVORY PAPER CUP CAKE CASES ,厨房餐饮,低价格带,0.55
357,21216,"SET 3 RETROSPOT TEA,COFFEE,SUGAR",厨房餐饮,高价格带,4.95
358,21217,RED RETROSPOT ROUND CAKE TINS,其他,高价格带,9.95
359,21218,RED SPOTTY BISCUIT TIN,其他,高价格带,3.75
360,21219,SET/4 BADGES BALLOON GIRL,其他,低价格带,1.25
361,21220,SET/4 BADGES DOGS,其他,中价格带,2.46
362,21221,SET/4 BADGES CUTE CREATURES,其他,低价格带,1.25
363,21222,SET/4 BADGES BEETLES,其他,低价格带,1.25
364,21224,SET/4 SKULL BADGES,其他,低价格带,1.25
365,21226,POCKET MIRROR WOODLAND,家居装饰,低价格带,1.25
366,21228,POCKET MIRROR GLAMOROUS,家居装饰,低价格带,1.25
367,21231,SWEETHEART CERAMIC TRINKET BOX,收纳储物,低价格带,1.25
368,21232,STRAWBERRY CERAMIC TRINKET BOX,收纳储物,低价格带,1.25
369,21238,RED RETROSPOT CUP,厨房餐饮,低价格带,0.85
370,21239,PINK  POLKADOT CUP,厨房餐饮,低价格带,0.85
371,21240,BLUE POLKADOT CUP,厨房餐饮,低价格带,0.85
372,21242,RED RETROSPOT PLATE ,厨房餐饮,中价格带,1.69
373,21243,PINK  POLKADOT PLATE ,厨房餐饮,中价格带,1.69
374,21244,BLUE POLKADOT PLATE ,厨房餐饮,中价格带,1.69
375,21245,GREEN POLKADOT PLATE ,厨房餐饮,中价格带,1.69
376,21246,RED RETROSPOT BIG BOWL,厨房餐饮,高价格带,4.95
377,21248,DOOR HANGER  MUM + DADS ROOM,家居装饰,中价格带,1.45
378,21249,WOODLAND  HEIGHT CHART STICKERS ,家居装饰,中价格带,2.95
379,21250,SET OF SKULL WALL STICKERS,家居装饰,中价格带,2.95
380,21251,DINOSAUR HEIGHT CHART STICKER SET,家居装饰,中价格带,2.95
381,21257,VICTORIAN SEWING BOX MEDIUM,收纳储物,高价格带,7.95
382,21258,VICTORIAN SEWING BOX LARGE,收纳储物,高价格带,12.75
383,21259,VICTORIAN SEWING BOX SMALL ,收纳储物,高价格带,5.95
384,21260,FIRST AID TIN,其他,高价格带,3.25
385,21261,GREEN GOOSE FEATHER CHRISTMAS TREE ,其他,中价格带,2.95
386,21262,WHITE GOOSE FEATHER CHRISTMAS TREE ,其他,中价格带,2.95
387,21263,GREEN GOOSE FEATHER TREE 60CM,其他,中价格带,1.95
388,21264,WHITE GOOSE FEATHER TREE 60CM ,其他,中价格带,1.95
389,21269,ANTIQUE CREAM CUTLERY SHELF ,厨房餐饮,高价格带,8.5
390,21270,ANTIQUE CREAM CUTLERY CUPBOARD,厨房餐饮,高价格带,12.75
391,21272,SALLE DE BAIN HOOK,家居装饰,低价格带,1.25
392,21275,ZINC TOP  2 DOOR WOODEN SHELF ,家居装饰,高价格带,16.95
393,21277,FRENCH STYLE EMBOSSED HEART CABINET,收纳储物,高价格带,21.95
394,21278,VINTAGE KITCHEN PRINT PUDDINGS,厨房餐饮,中价格带,2.55
395,21279,VINTAGE KITCHEN PRINT FRUITS,厨房餐饮,中价格带,2.55
396,21280,VINTAGE KITCHEN PRINT VEGETABLES,厨房餐饮,中价格带,2.55
397,21284,RETROSPOT CANDLE  SMALL,灯烛照明,中价格带,1.69
398,21285,RETROSPOT CANDLE  MEDIUM,灯烛照明,低价格带,0.39
399,21286,RETROSPOT CANDLE  LARGE,灯烛照明,低价格带,0.59
400,21287,SCENTED VELVET LOUNGE CANDLE ,灯烛照明,低价格带,0.38
401,21288,STRIPEY CHOCOLATE NESTING BOXES,收纳储物,中价格带,2.95
402,21289,LARGE STRIPES CHOCOLATE GIFT BAG,文具礼品,低价格带,1.25
403,21291,SMALL POLKADOT CHOCOLATE GIFT BAG ,文具礼品,低价格带,0.85
404,21292,SMALL STRIPES CHOCOLATE GIFT BAG ,文具礼品,低价格带,0.85
405,21293,MIRRORED DOVE WALL DECORATION,家居装饰,中价格带,2.1
406,21294,ETCHED GLASS COASTER,其他,低价格带,0.39
407,21306,SET/4 DAISY MIRROR MAGNETS,家居装饰,低价格带,0.29
408,21307,SET/4 BUTTERFLY MIRROR MAGNETS,家居装饰,中价格带,2.1
409,21311,SET/4 BIRD MIRROR MAGNETS ,家居装饰,低价格带,0.29
410,21313,GLASS HEART T-LIGHT HOLDER ,灯烛照明,低价格带,0.85
411,21314,SMALL GLASS HEART TRINKET POT,家居装饰,中价格带,2.1
412,21316,SMALL CHUNKY GLASS ROMAN  BOWL,厨房餐饮,低价格带,0.79
413,21317,GLASS SPHERE CANDLE STAND MEDIUM,灯烛照明,高价格带,5.45
414,21318,GLASS CHALICE BLUE SMALL ,其他,低价格带,0.39
415,21319,GLASS CHALICE GREEN  SMALL ,其他,中价格带,1.65
416,21324,HANGING MEDINA LANTERN SMALL,灯烛照明,中价格带,2.95
417,21326,AGED GLASS SILVER T-LIGHT HOLDER,灯烛照明,低价格带,0.65
418,21327,SKULLS WRITING SET ,其他,中价格带,1.65
419,21328,BALLOONS  WRITING SET ,其他,中价格带,1.65
420,21329,DINOSAURS  WRITING SET ,其他,中价格带,1.65
421,21331,MOROCCAN BEATEN METAL DISH LARGE,厨房餐饮,高价格带,12.75
422,21340,CLASSIC METAL BIRDCAGE PLANT HOLDER,园艺户外,高价格带,12.75
423,21344,MOROCCAN BEATEN METAL DISH,厨房餐饮,高价格带,9.95
424,21351,CINAMMON & ORANGE WREATH,其他,高价格带,6.75
425,21352,EUCALYPTUS & PINECONE  WREATH,其他,高价格带,6.75
426,21354,TOAST ITS - BEST MUM,其他,低价格带,1.25
427,21355,TOAST ITS - I LOVE YOU ,其他,低价格带,1.25
428,21356,TOAST ITS - FAIRY FLOWER,园艺户外,低价格带,1.25
429,21357,TOAST ITS - DINOSAUR,其他,低价格带,1.25
430,21358,TOAST ITS - HAPPY BIRTHDAY,其他,低价格带,1.25
431,21359,RELAX LARGE WOOD LETTERS,文具礼品,高价格带,3.95
432,21360,JOY LARGE WOOD LETTERS,文具礼品,高价格带,9.95
433,21361,LOVE LARGE WOOD LETTERS ,文具礼品,高价格带,12.75
434,21363,HOME SMALL WOOD LETTERS,文具礼品,高价格带,4.95
435,21364,PEACE SMALL WOOD LETTERS,文具礼品,高价格带,6.75
436,21365,MIRRORED WALL ART STARS,家居装饰,低价格带,0.75
437,21366,MIRRORED WALL ART PHOTO FRAMES,家居装饰,高价格带,4.25
438,21367,MIRRORED WALL ART GENTS,家居装饰,低价格带,0.75
439,21368,MIRRORED WALL ART LADIES,家居装饰,低价格带,0.75
440,21369,MIRRORED WALL ART SPLODGES,家居装饰,低价格带,1.25
441,21370,MIRRORED WALL ART FOXY,家居装饰,高价格带,6.35
442,21372,MIRRORED WALL ART TABLE LAMP,灯烛照明,低价格带,0.75
443,21373,MIRRORED WALL ART SNOWFLAKES,家居装饰,低价格带,0.75
444,21374,MIRRORED WALL ART SKULLS,家居装饰,低价格带,1.25
445,21375,LARGE CAMPHOR WOOD FIELD MUSHROOM ,其他,高价格带,5.45
446,21376,LARGE  TALL CAMPHOR WOOD TOADSTOOL ,其他,高价格带,5.45
447,21377,SMALL CAMPHOR WOOD FIELD  MUSHROOM,其他,中价格带,1.65
448,21378,SMALL TALL CAMPHOR WOOD TOADSTOOL,其他,中价格带,1.65
449,21379,CAMPHOR WOOD PORTOBELLO MUSHROOM,其他,低价格带,1.25
450,21380,WOODEN HAPPY BIRTHDAY GARLAND,其他,中价格带,2.95
451,21381,MINI WOODEN HAPPY BIRTHDAY GARLAND,其他,中价格带,1.69
452,21382,SET/4 SPRING FLOWER DECORATION,园艺户外,中价格带,2.95
453,21383,PACK OF 12 STICKY BUNNIES,其他,低价格带,0.65
454,21385,IVORY HANGING DECORATION  HEART,家居装饰,低价格带,0.85
455,21386,IVORY HANGING DECORATION  EGG,家居装饰,低价格带,0.19
456,21389,IVORY HANGING DECORATION  BIRD,家居装饰,低价格带,0.85
457,21390,FILIGRIS HEART WITH BUTTERFLY,家居装饰,低价格带,1.25
458,21391,FRENCH LAVENDER SCENT HEART,家居装饰,低价格带,0.75
459,21394,RED POLKADOT BEAKER ,其他,低价格带,0.39
460,21395,BLUE POLKADOT BEAKER ,其他,低价格带,0.39
461,21397,BLUE POLKADOT EGG CUP ,厨房餐饮,低价格带,0.39
462,21398,RED POLKADOT COFFEE  MUG,厨房餐饮,低价格带,0.39
463,21399,BLUE POLKADOT COFFEE MUG,厨房餐饮,低价格带,0.39
464,21400,RED PUDDING SPOON,其他,低价格带,0.12
465,21401,BLUE PUDDING SPOON,其他,低价格带,0.12
466,21402,RED  EGG  SPOON,其他,低价格带,0.12
467,21403,BLUE EGG  SPOON,其他,低价格带,0.12
468,21407,BROWN CHECK CAT DOORSTOP ,家居装饰,高价格带,4.25
469,21408,SPOTTY PINK DUCK DOORSTOP,家居装饰,高价格带,4.25
470,21411,GINGHAM HEART  DOORSTOP RED,家居装饰,高价格带,4.25
471,21413,PERIWINKLE T-LIGHT HOLDER,灯烛照明,低价格带,1.25
472,21415,CLAM SHELL SMALL ,其他,中价格带,2.1
473,21416,CLAM SHELL LARGE,其他,高价格带,3.75
474,21417,COCKLE SHELL DISH,厨房餐饮,中价格带,1.45
475,21418,STARFISH SOAP DISH,厨房餐饮,中价格带,2.55
476,21420,OYSTER TRINKET BOX,收纳储物,高价格带,3.25
477,21421,PORCELAIN ROSE LARGE ,其他,低价格带,1.25
478,21422,PORCELAIN ROSE SMALL,其他,低价格带,0.85
479,21424,WOODLAND STORAGE BOX LARGE ,收纳储物,中价格带,2.95
480,21425,SKULLS STORAGE BOX LARGE,收纳储物,中价格带,2.75
481,21426,WOODLAND STORAGE BOX SMALL,收纳储物,中价格带,2.1
482,21427,SKULLS STORAGE BOX SMALL,收纳储物,中价格带,2.1
483,21428,SET3 BOOK BOX GREEN GINGHAM FLOWER ,收纳储物,高价格带,4.25
484,21429,RED GINGHAM ROSE JEWELLERY BOX,收纳储物,中价格带,1.95
485,21430,SET/3 RED GINGHAM ROSE STORAGE BOX,收纳储物,高价格带,3.75
486,21439,BASKET OF TOADSTOOLS,收纳储物,低价格带,1.25
487,21441,BLUE BIRDHOUSE DECORATION,家居装饰,低价格带,0.19
488,21442,GREEN BIRDHOUSE DECORATION,家居装饰,低价格带,0.85
489,21445,12 PINK ROSE PEG PLACE SETTINGS,其他,低价格带,1.25
490,21446,12 RED ROSE PEG PLACE SETTINGS,其他,低价格带,1.25
491,21447,12 IVORY ROSE PEG PLACE SETTINGS,其他,低价格带,1.25
492,21448,12 DAISY PEGS IN WOOD BOX,收纳储物,中价格带,1.65
493,21452,TOADSTOOL MONEY BOX,收纳储物,中价格带,2.95
494,21454,PAINTED PINK RABBIT ,其他,低价格带,0.85
495,21455,PAINTED YELLOW WOODEN DAISY,其他,低价格带,0.85
496,21456,2 PICTURE BOOK EGGS EASTER CHICKS,文具礼品,低价格带,1.25
497,21457,2 PICTURE BOOK EGGS EASTER DUCKS,文具礼品,低价格带,1.25
498,21458,2 PICTURE BOOK EGGS EASTER BUNNY,文具礼品,低价格带,1.25
499,21459,YELLOW EASTER EGG HUNT START POST,其他,中价格带,1.95
500,21460,GREEN EASTER EGG HUNT START POST,其他,中价格带,1.95
501,21462,"NURSERY A,B,C PAINTED LETTERS",文具礼品,高价格带,6.75
502,21463,MIRRORED DISCO BALL ,家居装饰,高价格带,5.95
503,21464,DISCO BALL ROTATOR BATTERY OPERATED,其他,高价格带,4.25
504,21465,PINK FLOWER CROCHET FOOD COVER,园艺户外,高价格带,3.75
505,21466,RED FLOWER CROCHET FOOD COVER,园艺户外,高价格带,3.75
506,21467,CHERRY CROCHET FOOD COVER,其他,高价格带,3.75
507,21468,BUTTERFLY CROCHET FOOD COVER,其他,高价格带,3.75
508,21469,POLKA DOT RAFFIA FOOD COVER,其他,高价格带,3.75
509,21470,FLOWER VINE RAFFIA FOOD COVER,园艺户外,高价格带,3.75
510,21471,STRAWBERRY RAFFIA FOOD COVER,其他,高价格带,3.75
511,21472,LADYBIRD + BEE RAFFIA FOOD COVER,其他,高价格带,3.75
512,21473,SWEETHEART CREAM STEEL TABLE RECT,家居装饰,高价格带,19.95
513,21476,STEEL SWEETHEART ROUND TABLE CREAM,家居装饰,高价格带,14.95
514,21479,WHITE SKULL HOT WATER BOTTLE ,厨房餐饮,高价格带,4.25
515,21481,FAWN BLUE HOT WATER BOTTLE,厨房餐饮,高价格带,3.39
516,21484,CHICK GREY HOT WATER BOTTLE,厨房餐饮,高价格带,4.25
517,21485,RETROSPOT HEART HOT WATER BOTTLE,厨房餐饮,高价格带,4.95
518,21494,ROTATING LEAVES T-LIGHT HOLDER,灯烛照明,低价格带,1.25
519,21495,SKULLS AND CROSSBONES WRAP,文具礼品,低价格带,0.42
520,21497,FANCY FONTS BIRTHDAY WRAP,文具礼品,低价格带,0.42
521,21498,RED RETROSPOT WRAP ,文具礼品,低价格带,0.42
522,21499,BLUE POLKADOT WRAP,文具礼品,低价格带,0.42
523,21500,PINK POLKADOT WRAP ,文具礼品,低价格带,0.42
524,21503,TOYBOX  WRAP ,收纳储物,低价格带,0.42
525,21504,SKULLS GREETING CARD,文具礼品,低价格带,0.42
526,21506,"FANCY FONT BIRTHDAY CARD, ",文具礼品,低价格带,0.42
527,21507,"ELEPHANT, BIRTHDAY CARD, ",文具礼品,低价格带,0.42
528,21508,VINTAGE KID DOLLY CARD ,玩具游戏,低价格带,0.42
529,21509,COWBOYS AND INDIANS BIRTHDAY CARD ,文具礼品,低价格带,0.42
530,21518,BANK ACCOUNT  GREETING  CARD ,文具礼品,低价格带,0.42
531,21519,GIN & TONIC DIET GREETING CARD ,文具礼品,低价格带,0.42
532,21520,BOOZE & WOMEN GREETING CARD ,文具礼品,低价格带,0.42
533,21523,DOORMAT FANCY FONT HOME SWEET HOME,家居装饰,高价格带,7.95
534,21524,DOORMAT SPOTTY HOME SWEET HOME,家居装饰,高价格带,7.95
535,21527,RED RETROSPOT TRADITIONAL TEAPOT ,厨房餐饮,高价格带,7.95
536,21528,DAIRY MAID TRADITIONAL TEAPOT ,厨房餐饮,高价格带,6.95
537,21530,DAIRY MAID TOASTRACK,其他,低价格带,0.79
538,21531,RED RETROSPOT SUGAR JAM BOWL,厨房餐饮,中价格带,2.55
539,21533,RETROSPOT LARGE MILK JUG,厨房餐饮,高价格带,4.95
540,21534,DAIRY MAID LARGE MILK JUG,厨房餐饮,高价格带,4.95
541,21535,RED RETROSPOT SMALL MILK JUG,厨房餐饮,中价格带,2.55
542,21537,RED RETROSPOT PUDDING BOWL,厨房餐饮,高价格带,4.25
543,21539,RED RETROSPOT BUTTER DISH,厨房餐饮,高价格带,4.95
544,21544,SKULLS  WATER TRANSFER TATTOOS ,其他,低价格带,0.85
545,21547,CERAMIC BIRDHOUSE CRESTED TIT SMALL,其他,中价格带,2.95
546,21555,CERAMIC STRAWBERRY TRINKET TRAY,其他,中价格带,2.55
547,21556,CERAMIC STRAWBERRY MONEY BOX,收纳储物,中价格带,2.25
548,21557,SET OF 6 FUNKY BEAKERS,其他,中价格带,2.95
549,21558,SKULL LUNCH BOX WITH CUTLERY ,厨房餐饮,中价格带,2.55
550,21559,STRAWBERRY LUNCH BOX WITH CUTLERY,厨房餐饮,中价格带,2.55
551,21561,DINOSAUR LUNCH BOX WITH CUTLERY,厨房餐饮,中价格带,2.55
552,21562,HAWAIIAN GRASS SKIRT ,其他,低价格带,1.25
553,21563,RED HEART SHAPE LOVE BUCKET ,家居装饰,中价格带,2.95
554,21564,PINK  HEART SHAPE LOVE BUCKET ,家居装饰,中价格带,2.95
555,21576,LETS GO SHOPPING COTTON TOTE BAG,服饰配饰,中价格带,2.25
556,21577,SAVE THE PLANET COTTON TOTE BAG,服饰配饰,中价格带,2.25
557,21578,WOODLAND DESIGN  COTTON TOTE BAG,服饰配饰,中价格带,2.25
558,21579,LOLITA  DESIGN  COTTON TOTE BAG,服饰配饰,中价格带,2.25
559,21580,RABBIT  DESIGN  COTTON TOTE BAG,服饰配饰,中价格带,2.25
560,21581,SKULLS  DESIGN  COTTON TOTE BAG,服饰配饰,中价格带,2.25
561,21584,RETROSPOT SMALL TUBE MATCHES,其他,中价格带,1.65
562,21586,KINGS CHOICE GIANT TUBE MATCHES,其他,中价格带,2.55
563,21587,COSY HOUR GIANT TUBE MATCHES,其他,中价格带,2.55
564,21588,RETROSPOT GIANT TUBE MATCHES,其他,中价格带,2.55
565,21591,COSY HOUR CIGAR BOX MATCHES ,收纳储物,低价格带,1.25
566,21592,RETROSPOT CIGAR BOX MATCHES ,收纳储物,低价格带,1.25
567,21609,SET 12 LAVENDER  BOTANICAL T-LIGHTS,灯烛照明,中价格带,2.95
568,21613,S/12 VANILLA  BOTANICAL T-LIGHTS,灯烛照明,中价格带,2.95
569,21615,4 LAVENDER BOTANICAL DINNER CANDLES,灯烛照明,低价格带,1.25
570,21616,4 PEAR BOTANICAL DINNER CANDLES,灯烛照明,低价格带,1.25
571,21617,4 LILY  BOTANICAL DINNER CANDLES,灯烛照明,中价格带,2.5
572,21618,4 WILDFLOWER BOTANICAL CANDLES,灯烛照明,低价格带,1.25
573,21619,4 VANILLA BOTANICAL CANDLES,灯烛照明,低价格带,1.25
574,21620,SET OF 4 ROSE BOTANICAL CANDLES,灯烛照明,低价格带,1.25
575,21621,VINTAGE UNION JACK BUNTING,文具礼品,高价格带,8.5
576,21622,VINTAGE UNION JACK CUSHION COVER,文具礼品,高价格带,4.95
577,21623,VINTAGE UNION JACK MEMOBOARD,文具礼品,高价格带,9.95
578,21624,VINTAGE UNION JACK DOORSTOP,文具礼品,高价格带,5.95
579,21625,VINTAGE UNION JACK APRON,文具礼品,高价格带,6.95
580,21626,VINTAGE UNION JACK PENNANT,文具礼品,中价格带,1.95
581,21627,ELEPHANT CARNIVAL POUFFE,其他,高价格带,14.95
582,21628,TRIANGULAR POUFFE VINTAGE ,文具礼品,高价格带,14.95
583,21629,SQUARE FLOOR CUSHION VINTAGE RED,文具礼品,高价格带,7.95
584,21630,FLOOR CUSHION ELEPHANT CARNIVAL,家居装饰,高价格带,8.95
585,21631,HIPPY CHIC DECORATIVE PARASOL,园艺户外,高价格带,3.95
586,21633,SUNFLOWER DECORATIVE PARASOL,园艺户外,高价格带,12.75
587,21634,ASSORTED MINI MADRAS NOTEBOOK,文具礼品,低价格带,0.39
588,21635,MADRAS NOTEBOOK LARGE ,文具礼品,低价格带,1.25
589,21636,MADRAS NOTEBOOK MEDIUM,文具礼品,低价格带,0.75
590,21638,ASSORTED TUTTI FRUTTI NOTEBOOK,文具礼品,中价格带,2.1
591,21640,ASSORTED TUTTI FRUTTI  FOB NOTEBOOK,文具礼品,低价格带,0.85
592,21641,ASSORTED TUTTI FRUTTI KEYRING BALL,服饰配饰,低价格带,0.85
593,21642,ASSORTED TUTTI FRUTTI PEN,其他,低价格带,0.29
594,21643,ASSORTED TUTTI FRUTTI MIRROR,家居装饰,低价格带,1.25
595,21644,ASSORTED TUTTI FRUTTI HEART BOX,收纳储物,低价格带,1.25
596,21647,ASSORTED TUTTI FRUTTI LARGE PURSE,服饰配饰,中价格带,2.1
597,21648,ASSORTED TUTTI FRUTTI SMALL PURSE,服饰配饰,低价格带,1.25
598,21650,ASSORTED TUTTI FRUTTI BRACELET,服饰配饰,低价格带,0.19
599,21651,HANGING GLASS ETCHED TEALIGHT,灯烛照明,中价格带,1.65
600,21654,RIDGED GLASS FINGER BOWL,厨房餐饮,低价格带,0.39
601,21655,HANGING RIDGE GLASS T-LIGHT HOLDER,灯烛照明,中价格带,1.69
602,21657,MILK BOTTLE WITH GLASS STOPPER ,厨房餐饮,高价格带,6.95
603,21658,GLASS  BEURRE DISH,厨房餐饮,高价格带,3.95
604,21662,VINTAGE GLASS COFFEE CADDY,厨房餐饮,高价格带,5.95
605,21664,RIDGED GLASS STORAGE JAR CREAM LID,收纳储物,高价格带,3.75
606,21666,RIDGED GLASS T-LIGHT HOLDER,灯烛照明,低价格带,0.65
607,21668,RED STRIPE CERAMIC DRAWER KNOB,收纳储物,低价格带,1.25
608,21669,BLUE STRIPE CERAMIC DRAWER KNOB,收纳储物,低价格带,1.25
609,21670,BLUE SPOT CERAMIC DRAWER KNOB,收纳储物,低价格带,1.25
610,21671,RED SPOT CERAMIC DRAWER KNOB,收纳储物,低价格带,1.25
611,21672,WHITE SPOT RED CERAMIC DRAWER KNOB,收纳储物,低价格带,1.25
612,21673,WHITE SPOT BLUE CERAMIC DRAWER KNOB,收纳储物,低价格带,1.25
613,21675,BUTTERFLIES STICKERS,家居装饰,低价格带,0.85
614,21676,FLOWERS  STICKERS,园艺户外,低价格带,1.24
615,21677,HEARTS  STICKERS,家居装饰,低价格带,0.85
616,21678,PAISLEY PATTERN  STICKERS,家居装饰,低价格带,0.85
617,21679,SKULLS  STICKERS,家居装饰,低价格带,0.85
618,21680,WOODLAND  STICKERS,家居装饰,低价格带,0.85
619,21682,LARGE MEDINA STAMPED METAL BOWL ,厨房餐饮,高价格带,4.95
620,21683,MEDIUM MEDINA STAMPED METAL BOWL ,厨房餐饮,中价格带,2.95
621,21684,SMALL MEDINA STAMPED METAL BOWL ,厨房餐饮,低价格带,0.85
622,21686,MEDINA STAMPED METAL STOOL,文具礼品,高价格带,39.95
623,21688,SILVER PLATE CANDLE BOWL SMALL,厨房餐饮,中价格带,2.95
624,21689,SILVER VANILLA  FLOWER CANDLE POT,灯烛照明,高价格带,3.75
625,21690,SILVER  CANDLEPOT JARDIN ,收纳储物,高价格带,3.75
626,21693,SMALL HAMMERED SILVER CANDLEPOT ,灯烛照明,中价格带,2.95
627,21695,SMALL SILVER FLOWER CANDLE POT,灯烛照明,中价格带,2.95
628,21696,SMALL SILVER TRELLIS CANDLEPOT,灯烛照明,中价格带,2.95
629,21698,MOCK LOBSTER FRIDGE MAGNET,家居装饰,低价格带,0.39
630,21700,BIG DOUGHNUT FRIDGE MAGNETS,家居装饰,低价格带,0.85
631,21703,BAG 125g SWIRLY MARBLES,服饰配饰,低价格带,0.42
632,21704,BAG 250g SWIRLY MARBLES,服饰配饰,低价格带,0.85
633,21705,BAG 500g SWIRLY MARBLES,服饰配饰,中价格带,1.65
634,21706,FOLDING UMBRELLA RED/WHITE POLKADOT,服饰配饰,高价格带,4.95
635,21707,FOLDING UMBRELLA BLACKBLUE POLKADOT,服饰配饰,高价格带,4.95
636,21708,FOLDING UMBRELLA CREAM POLKADOT,服饰配饰,高价格带,4.95
637,21709,FOLDING UMBRELLA CHOCOLATE POLKADOT,服饰配饰,高价格带,4.95
638,21711,FOLDING UMBRELLA WHITE/RED POLKADOT,服饰配饰,高价格带,4.6
639,21713,CITRONELLA CANDLE FLOWERPOT,灯烛照明,中价格带,2.1
640,21714,CITRONELLA CANDLE GARDEN POT,灯烛照明,低价格带,1.25
641,21715,GIRLS VINTAGE TIN SEASIDE BUCKET,文具礼品,中价格带,2.55
642,21716,BOYS VINTAGE TIN SEASIDE BUCKET,文具礼品,中价格带,2.55
643,21717,EASTER TIN BUCKET,其他,中价格带,2.55
644,21718,RED METAL BEACH SPADE ,其他,低价格带,1.25
645,21719,LOVELY BONBON STICKER SHEET,家居装饰,低价格带,0.85
646,21720,CAKE SHOP  STICKER SHEET,家居装饰,低价格带,0.85
647,21721,CANDY SHOP  STICKER SHEET,家居装饰,低价格带,0.85
648,21722,SWEET PUDDING STICKER SHEET,家居装饰,低价格带,0.85
649,21723,ALPHABET HEARTS STICKER SHEET,文具礼品,低价格带,0.85
650,21724,PANDA AND BUNNIES STICKER SHEET,家居装饰,低价格带,0.85
651,21725,SWEETIES  STICKERS,家居装饰,低价格带,0.85
652,21726,MULTI HEARTS  STICKERS,家居装饰,低价格带,0.85
653,21730,GLASS STAR FROSTED T-LIGHT HOLDER,灯烛照明,高价格带,4.95
654,21731,RED TOADSTOOL LED NIGHT LIGHT,灯烛照明,中价格带,1.65
655,21733,RED HANGING HEART T-LIGHT HOLDER,灯烛照明,中价格带,2.95
656,21735,TWO DOOR CURIO CABINET,收纳储物,高价格带,12.75
657,21738,COSY SLIPPER SHOES SMALL  RED ,其他,中价格带,2.95
658,21739,COSY SLIPPER SHOES SMALL GREEN,其他,中价格带,2.95
659,21741,COSY SLIPPER SHOES LARGE GREEN,其他,中价格带,2.95
660,21742,LARGE ROUND WICKER PLATTER ,其他,高价格带,5.95
661,21743,STAR PORTABLE TABLE LIGHT ,灯烛照明,中价格带,2.95
662,21744,SNOWFLAKE PORTABLE TABLE LIGHT ,灯烛照明,中价格带,2.95
663,21745,GAOLERS KEYS DECORATIVE GARDEN ,园艺户外,高价格带,3.75
664,21746,SMALL RED RETROSPOT WINDMILL,其他,低价格带,1.25
665,21747,SMALL SKULL WINDMILL,其他,低价格带,1.25
666,21749,LARGE RED RETROSPOT WINDMILL,其他,中价格带,2.1
667,21750,LARGE SKULL WINDMILL,其他,中价格带,2.1
668,21754,HOME BUILDING BLOCK WORD,家居装饰,高价格带,5.95
669,21755,LOVE BUILDING BLOCK WORD,其他,高价格带,5.95
670,21756,BATH BUILDING BLOCK WORD,卫浴清洁,高价格带,5.95
671,21758,VINTAGE SHELLS PRINT,文具礼品,高价格带,6.45
672,21761,WOOD AND GLASS MEDICINE CABINET,收纳储物,高价格带,29.95
673,21770,OPEN CLOSED METAL SIGN,家居装饰,高价格带,4.95
674,21773,DECORATIVE ROSE BATHROOM BOTTLE,厨房餐饮,低价格带,1.25
675,21774,DECORATIVE CATS BATHROOM BOTTLE,厨房餐饮,低价格带,1.25
676,21775,DECORATIVE FLORE BATHROOM BOTTLE,厨房餐饮,低价格带,1.25
677,21781,MA CAMPAGNE CUTLERY BOX,厨房餐饮,高价格带,14.95
678,21784,SHOE SHINE BOX ,收纳储物,高价格带,9.95
679,21786,POLKADOT RAIN HAT ,服饰配饰,低价格带,0.42
680,21787,RAIN PONCHO RETROSPOT,其他,低价格带,0.85
681,21788,KIDS RAIN MAC BLUE,其他,低价格带,0.85
682,21789,KIDS RAIN MAC PINK,其他,低价格带,0.85
683,21790,VINTAGE SNAP CARDS,文具礼品,低价格带,0.85
684,21791,VINTAGE HEADS AND TAILS CARD GAME ,玩具游戏,低价格带,1.25
685,21792,CLASSIC FRENCH STYLE BASKET GREEN ,收纳储物,高价格带,3.95
686,21793,CLASSIC FRENCH STYLE BASKET BROWN,收纳储物,高价格带,3.95
687,21794,CLASSIC FRENCH STYLE BASKET NATURAL,收纳储物,高价格带,3.95
688,21801,CHRISTMAS TREE DECORATION WITH BELL,家居装饰,低价格带,0.42
689,21802,CHRISTMAS TREE HEART DECORATION,家居装饰,低价格带,0.42
690,21803,CHRISTMAS TREE STAR DECORATION,家居装饰,低价格带,0.42
691,21804,WHITE CHRISTMAS GARLAND STARS TREES,其他,高价格带,3.75
692,21807,WHITE CHRISTMAS STAR DECORATION,家居装饰,低价格带,0.42
693,21808,"CHRISTMAS GARLAND STARS,TREES",其他,高价格带,3.75
694,21809,CHRISTMAS HANGING TREE WITH BELL,其他,低价格带,0.39
695,21810,CHRISTMAS HANGING STAR WITH BELL,其他,低价格带,0.39
696,21811,HANGING HEART WITH BELL,家居装饰,低价格带,0.39
697,21812,GARLAND WITH HEARTS AND BELLS,家居装饰,高价格带,4.95
698,21814,HEART T-LIGHT HOLDER ,灯烛照明,中价格带,1.45
699,21815,STAR  T-LIGHT HOLDER ,灯烛照明,中价格带,1.45
700,21817,GLITTER CHRISTMAS TREE,其他,低价格带,0.39
701,21818,GLITTER HEART DECORATION,家居装饰,低价格带,0.39
702,21819,GLITTER CHRISTMAS STAR ,其他,低价格带,0.39
703,21820,GLITTER HEART GARLAND WITH BELLS ,家居装饰,高价格带,3.75
704,21821,GLITTER STAR GARLAND WITH BELLS ,其他,高价格带,3.75
705,21822,GLITTER CHRISTMAS TREE WITH BELLS,其他,低价格带,0.79
706,21823,PAINTED METAL HEART WITH HOLLY BELL,家居装饰,中价格带,1.45
707,21824,PAINTED METAL STAR WITH HOLLY BELLS,其他,低价格带,0.39
708,21826,EIGHT PIECE DINOSAUR SET,其他,低价格带,1.25
709,21827,EIGHT PIECE CREEPY CRAWLIE SET,其他,低价格带,1.25
710,21828,EIGHT PIECE SNAKE  SET,其他,低价格带,1.25
711,21829,DINOSAUR KEYRINGS ASSORTED,服饰配饰,低价格带,0.21
712,21830,ASSORTED CREEPY CRAWLIES,其他,低价格带,0.42
713,21832,CHOCOLATE CALCULATOR,其他,中价格带,1.65
714,21833,CAMOUFLAGE LED TORCH,其他,中价格带,1.69
715,21841,BABY MOUSE RED GINGHAM DRESS,服饰配饰,高价格带,4.25
716,21843,RED RETROSPOT CAKE STAND,其他,高价格带,10.95
717,21844,RED RETROSPOT MUG,厨房餐饮,中价格带,2.95
718,21845,DAIRY MAID STRIPE MUG,厨房餐饮,低价格带,0.79
719,21846,PINK DIAMANTE PEN IN GIFT BOX,收纳储物,高价格带,4.95
720,21850,BLUE  DIAMANTE PEN IN GIFT BOX,收纳储物,高价格带,4.95
721,21851,LILAC DIAMANTE PEN IN GIFT BOX,收纳储物,高价格带,4.95
722,21864,UNION JACK FLAG PASSPORT COVER ,其他,中价格带,2.1
723,21865,PINK UNION JACK  PASSPORT COVER ,其他,中价格带,2.1
724,21866,UNION JACK FLAG LUGGAGE TAG,文具礼品,低价格带,1.25
725,21867,PINK UNION JACK  LUGGAGE TAG,文具礼品,低价格带,1.25
726,21868,POTTING SHED TEA MUG,厨房餐饮,低价格带,1.25
727,21870,I CAN ONLY PLEASE ONE PERSON MUG,厨房餐饮,低价格带,1.25
728,21871,SAVE THE PLANET MUG,厨房餐饮,低价格带,1.25
729,21872,GLAMOROUS  MUG,厨房餐饮,低价格带,1.25
730,21873,IF YOU CAN'T STAND THE HEAT MUG,厨房餐饮,低价格带,1.25
731,21874,GIN AND TONIC MUG,厨房餐饮,低价格带,1.25
732,21875,KINGS CHOICE MUG,厨房餐饮,低价格带,1.25
733,21876,POTTERING MUG,厨房餐饮,中价格带,1.65
734,21877,HOME SWEET HOME MUG,厨房餐饮,低价格带,1.25
735,21878,PACK OF 6 SANDCASTLE FLAGS ASSORTED,其他,低价格带,0.85
736,21879,HEARTS GIFT TAPE,文具礼品,低价格带,0.19
737,21880,RED RETROSPOT TAPE,其他,低价格带,0.65
738,21881,CUTE CATS TAPE,其他,低价格带,0.65
739,21882,SKULLS TAPE,其他,低价格带,0.65
740,21883,STARS GIFT TAPE ,文具礼品,低价格带,0.65
741,21884,CAKES AND BOWS GIFT  TAPE,文具礼品,低价格带,0.65
742,21888,BINGO SET,其他,高价格带,3.75
743,21889,WOODEN BOX OF DOMINOES,收纳储物,低价格带,1.25
744,21890,S/6 WOODEN SKITTLES IN COTTON BAG,服饰配饰,高价格带,3.25
745,21891,TRADITIONAL WOODEN SKIPPING ROPE,玩具游戏,中价格带,1.45
746,21892,TRADITIONAL WOODEN CATCH CUP GAME ,厨房餐饮,低价格带,1.25
747,21894,POTTING SHED SEED ENVELOPES,园艺户外,低价格带,1.25
748,21896,POTTING SHED TWINE,其他,中价格带,2.1
749,21898,POTTING SHED ROSE CANDLE,灯烛照明,高价格带,3.21
750,21899,"KEY FOB , GARAGE DESIGN",其他,低价格带,0.65
751,21900,"KEY FOB , SHED",其他,低价格带,0.65
752,21901,"KEY FOB , BACK DOOR ",家居装饰,低价格带,0.65
753,21902,"KEY FOB , FRONT  DOOR ",家居装饰,低价格带,0.65
754,21903,MAN FLU METAL SIGN,家居装饰,中价格带,2.1
755,21904,HOUSE WRECKING METAL SIGN ,家居装饰,中价格带,2.1
756,21905,MORE BUTTER METAL SIGN ,家居装饰,低价格带,0.79
757,21906,PHARMACIE FIRST AID TIN,其他,高价格带,6.75
758,21907,I'M ON HOLIDAY METAL SIGN,家居装饰,中价格带,2.1
759,21908,CHOCOLATE THIS WAY METAL SIGN,家居装饰,中价格带,2.1
760,21911,GARDEN METAL SIGN ,园艺户外,中价格带,1.65
761,21912,VINTAGE SNAKES & LADDERS,文具礼品,高价格带,3.75
762,21913,VINTAGE SEASIDE JIGSAW PUZZLES,玩具游戏,高价格带,3.75
763,21914,BLUE HARMONICA IN BOX ,收纳储物,低价格带,1.25
764,21915,RED  HARMONICA IN BOX ,收纳储物,低价格带,1.25
765,21916,SET 12 RETRO WHITE CHALK STICKS,其他,低价格带,0.42
766,21917,SET 12 KIDS  WHITE CHALK STICKS,其他,低价格带,0.42
767,21918,SET 12 KIDS COLOUR  CHALK STICKS,其他,低价格带,0.42
768,21922,UNION STRIPE WITH FRINGE  HAMMOCK,其他,高价格带,7.95
769,21925,UNION STRIPE CUSHION COVER ,家居装饰,低价格带,1.25
770,21926,RED/CREAM STRIPE CUSHION COVER ,家居装饰,低价格带,1.25
771,21927,BLUE/CREAM STRIPE CUSHION COVER ,家居装饰,低价格带,1.25
772,21928,JUMBO BAG SCANDINAVIAN BLUE PAISLEY,服饰配饰,中价格带,2.08
773,21929,JUMBO BAG PINK VINTAGE PAISLEY,文具礼品,中价格带,2.08
774,21930,JUMBO STORAGE BAG SKULLS,收纳储物,中价格带,2.08
775,21931,JUMBO STORAGE BAG SUKI,收纳储物,中价格带,2.08
776,21932,SCANDINAVIAN PAISLEY PICNIC BAG,服饰配饰,中价格带,1.65
777,21933,PINK VINTAGE PAISLEY PICNIC BAG,文具礼品,中价格带,1.65
778,21934,SKULL SHOULDER BAG,服饰配饰,中价格带,1.65
779,21935,SUKI  SHOULDER BAG,服饰配饰,中价格带,1.65
780,21936,RED RETROSPOT PICNIC BAG,服饰配饰,中价格带,2.95
781,21937,STRAWBERRY   PICNIC BAG,服饰配饰,中价格带,2.95
782,21942,SKULLS DESIGN FLANNEL,其他,低价格带,0.85
783,21943,CAKES AND RABBITS DESIGN FLANNEL ,其他,低价格带,0.85
784,21944,KITTENS DESIGN FLANNEL,其他,低价格带,0.85
785,21945,STRAWBERRIES  DESIGN FLANNEL ,其他,低价格带,0.85
786,21947,SET OF 6 HEART CHOPSTICKS,厨房餐饮,低价格带,1.25
787,21948,SET OF 6 CAKE CHOPSTICKS,厨房餐饮,低价格带,1.25
788,21949,SET OF 6 STRAWBERRY CHOPSTICKS,厨房餐饮,低价格带,1.25
789,21955,DOORMAT UNION JACK GUNS AND ROSES,家居装饰,高价格带,7.95
790,21967,PACK OF 12 SKULL TISSUES,其他,低价格带,0.34
791,21972,SET OF 36 DINOSAUR PAPER DOILIES,其他,中价格带,1.45
792,21973,SET OF 36 MUSHROOM PAPER DOILIES,其他,中价格带,1.45
793,21974,SET OF 36 PAISLEY FLOWER DOILIES,园艺户外,中价格带,1.45
794,21975,PACK OF 60 DINOSAUR CAKE CASES,其他,低价格带,0.55
795,21976,PACK OF 60 MUSHROOM CAKE CASES,其他,低价格带,0.55
796,21977,PACK OF 60 PINK PAISLEY CAKE CASES,其他,低价格带,0.55
797,21980,PACK OF 12 RED RETROSPOT TISSUES ,其他,低价格带,0.29
798,21981,PACK OF 12 WOODLAND TISSUES ,其他,低价格带,0.29
799,21982,PACK OF 12 SUKI TISSUES ,其他,低价格带,0.29
800,21983,PACK OF 12 BLUE PAISLEY TISSUES ,其他,低价格带,0.29
801,21984,PACK OF 12 PINK PAISLEY TISSUES ,其他,低价格带,0.34
802,21985,PACK OF 12 HEARTS DESIGN TISSUES ,家居装饰,低价格带,0.29
803,21986,PACK OF 12 PINK POLKADOT TISSUES,其他,低价格带,0.29
804,21987,PACK OF 6 SKULL PAPER CUPS,厨房餐饮,低价格带,0.65
805,21988,PACK OF 6 SKULL PAPER PLATES,厨房餐饮,低价格带,0.85
806,21989,PACK OF 20 SKULL PAPER NAPKINS,其他,低价格带,0.85
807,21990,MODERN FLORAL STATIONERY SET,文具礼品,低价格带,1.25
808,21991,BOHEMIAN COLLAGE STATIONERY SET,文具礼品,低价格带,1.25
809,21992,VINTAGE PAISLEY STATIONERY SET,文具礼品,低价格带,1.25
810,21993,FLORAL FOLK STATIONERY SET,文具礼品,低价格带,1.25
811,22021,BLUE FELT EASTER EGG BASKET,收纳储物,中价格带,1.65
812,22023,EMPIRE BIRTHDAY CARD,文具礼品,低价格带,0.42
813,22024,RAINY LADIES BIRTHDAY CARD,文具礼品,低价格带,0.42
814,22025,RING OF ROSES BIRTHDAY CARD,文具礼品,低价格带,0.42
815,22026,BANQUET BIRTHDAY  CARD  ,文具礼品,低价格带,0.42
816,22027,TEA PARTY BIRTHDAY CARD,厨房餐饮,低价格带,0.42
817,22028,PENNY FARTHING BIRTHDAY CARD,文具礼品,低价格带,0.42
818,22029,SPACEBOY BIRTHDAY CARD,文具礼品,低价格带,0.42
819,22030,SWALLOWS GREETING CARD,文具礼品,低价格带,0.42
820,22031,BOTANICAL LAVENDER BIRTHDAY CARD,文具礼品,低价格带,0.42
821,22032,BOTANICAL LILY GREETING CARD,文具礼品,低价格带,0.42
822,22033,BOTANICAL ROSE GREETING CARD,文具礼品,低价格带,0.42
823,22035,VINTAGE CARAVAN GREETING CARD ,文具礼品,低价格带,0.42
824,22037,ROBOT BIRTHDAY CARD,文具礼品,低价格带,0.42
825,22038,BOTANICAL LAVENDER GIFT WRAP ,文具礼品,低价格带,0.42
826,22039,BOTANICAL LILY GIFT WRAP,文具礼品,低价格带,0.42
827,22040,BOTANICAL ROSE GIFT WRAP,文具礼品,低价格带,0.42
828,22041,RECORD FRAME 7 SINGLE SIZE ,家居装饰,中价格带,2.55
829,22042,CHRISTMAS CARD SINGING ANGEL,文具礼品,低价格带,0.42
830,22043,CHRISTMAS CARD SCREEN PRINT ,文具礼品,低价格带,0.19
831,22044,CHRISTMAS CARD STACK OF PRESENTS,文具礼品,低价格带,0.19
832,22045,SPACEBOY GIFT WRAP,文具礼品,低价格带,0.42
833,22046,TEA PARTY  WRAPPING PAPER ,厨房餐饮,低价格带,0.42
834,22047,EMPIRE GIFT WRAP,文具礼品,低价格带,0.42
835,22048,BIRTHDAY BANQUET GIFT WRAP,文具礼品,低价格带,0.42
836,22049,WRAP CHRISTMAS SCREEN PRINT,文具礼品,低价格带,0.42
837,22050,PINK PAISLEY ROSE GIFT WRAP,文具礼品,低价格带,0.42
838,22051,BLUE SCANDINAVIAN PAISLEY WRAP,文具礼品,低价格带,0.42
839,22052,VINTAGE CARAVAN GIFT WRAP,文具礼品,低价格带,0.42
840,22053,EMPIRE DESIGN ROSETTE,其他,低价格带,1.25
841,22055,MINI CAKE STAND  HANGING STRAWBERY,其他,中价格带,1.65
842,22057,CERAMIC PLATE STRAWBERRY DESIGN,厨房餐饮,中价格带,1.49
843,22059,CERAMIC STRAWBERRY DESIGN MUG,厨房餐饮,中价格带,1.49
844,22060,LARGE CAKE STAND HANGING HEARTS,家居装饰,高价格带,3.95
845,22061,LARGE CAKE STAND  HANGING STRAWBERY,其他,高价格带,9.95
846,22062,CERAMIC BOWL WITH LOVE HEART DESIGN,厨房餐饮,低价格带,0.83
847,22063,CERAMIC BOWL WITH STRAWBERRY DESIGN,厨房餐饮,中价格带,2.95
848,22064,PINK DOUGHNUT TRINKET POT ,其他,中价格带,1.65
849,22065,CHRISTMAS PUDDING TRINKET POT ,其他,低价格带,0.39
850,22066,LOVE HEART TRINKET POT,家居装饰,低价格带,0.39
851,22067,CHOC TRUFFLE GOLD TRINKET POT ,其他,中价格带,1.65
852,22068,BLACK PIRATE TREASURE CHEST,其他,中价格带,1.65
853,22069,BROWN  PIRATE TREASURE CHEST ,其他,低价格带,1.02
854,22070,SMALL RED RETROSPOT MUG IN BOX ,厨房餐饮,高价格带,3.75
855,22071,SMALL WHITE RETROSPOT MUG IN BOX ,厨房餐饮,高价格带,3.75
856,22072,RED RETROSPOT TEA CUP AND SAUCER ,厨房餐饮,高价格带,3.75
857,22073,RED RETROSPOT STORAGE JAR,收纳储物,高价格带,3.75
858,22074,6 RIBBONS SHIMMERING PINKS ,文具礼品,中价格带,1.65
859,22075,6 RIBBONS ELEGANT CHRISTMAS ,文具礼品,中价格带,1.65
860,22076,6 RIBBONS EMPIRE  ,文具礼品,中价格带,1.65
861,22077,6 RIBBONS RUSTIC CHARM,文具礼品,中价格带,1.65
862,22078,RIBBON REEL LACE DESIGN ,其他,中价格带,2.1
863,22079,RIBBON REEL HEARTS DESIGN ,家居装饰,中价格带,1.65
864,22080,RIBBON REEL POLKADOTS ,其他,中价格带,1.65
865,22081,RIBBON REEL FLORA + FAUNA ,其他,中价格带,1.65
866,22082,RIBBON REEL STRIPES DESIGN ,其他,中价格带,1.65
867,22083,PAPER CHAIN KIT RETROSPOT,其他,中价格带,2.95
868,22084,PAPER CHAIN KIT EMPIRE,其他,中价格带,2.95
869,22085,PAPER CHAIN KIT SKULLS ,其他,中价格带,2.95
870,22086,PAPER CHAIN KIT 50'S CHRISTMAS ,其他,中价格带,2.95
871,22087,PAPER BUNTING WHITE LACE,其他,中价格带,2.95
872,22088,PAPER BUNTING COLOURED LACE,其他,中价格带,2.95
873,22089,PAPER BUNTING VINTAGE PAISLEY,文具礼品,中价格带,2.95
874,22090,PAPER BUNTING RETROSPOT,其他,中价格带,2.95
875,22091,EMPIRE TISSUE BOX,收纳储物,低价格带,0.39
876,22092,BLUE PAISLEY TISSUE BOX,收纳储物,低价格带,0.39
877,22093,MOTORING TISSUE BOX,收纳储物,低价格带,0.39
878,22094,RED RETROSPOT TISSUE BOX,收纳储物,低价格带,0.39
879,22095,LADS ONLY TISSUE BOX,收纳储物,低价格带,0.39
880,22096,PINK PAISLEY SQUARE TISSUE BOX ,收纳储物,低价格带,0.39
881,22097,SWALLOW SQUARE TISSUE BOX,收纳储物,低价格带,0.39
882,22098,BOUDOIR SQUARE TISSUE BOX,收纳储物,低价格带,0.39
883,22099,CARAVAN SQUARE TISSUE BOX,收纳储物,低价格带,0.39
884,22100,SKULLS SQUARE TISSUE BOX,收纳储物,低价格带,0.39
885,22101,MIRROR MOSAIC VOTIVE HOLDER,家居装饰,中价格带,2.1
886,22102,MIRROR MOSAIC T-LIGHT HOLDER ,灯烛照明,中价格带,1.65
887,22103,MIRROR MOSAIC T-LIGHT HOLDER ROUND,灯烛照明,低价格带,1.02
888,22104,MIRROR MOSAIC CANDLE PLATE,厨房餐饮,中价格带,1.45
889,22106,MIRROR MOSAIC HURRICANE LAMP ,灯烛照明,高价格带,5.95
890,22107,PIZZA PLATE IN BOX,厨房餐饮,高价格带,3.75
891,22108,PING! MICROWAVE PLATE,厨房餐饮,高价格带,3.52
892,22109,FULL ENGLISH BREAKFAST PLATE,厨房餐饮,高价格带,3.75
893,22110,BIRD HOUSE HOT WATER BOTTLE,厨房餐饮,中价格带,2.55
894,22111,SCOTTIE DOG HOT WATER BOTTLE,厨房餐饮,高价格带,4.95
895,22112,CHOCOLATE HOT WATER BOTTLE,厨房餐饮,高价格带,4.95
896,22113,GREY HEART HOT WATER BOTTLE,厨房餐饮,高价格带,3.75
897,22114,HOT WATER BOTTLE TEA AND SYMPATHY,厨房餐饮,高价格带,4.25
898,22115,METAL SIGN EMPIRE TEA,家居装饰,低价格带,0.79
899,22116,METAL SIGN HIS DINNER IS SERVED,家居装饰,低价格带,0.79
900,22117,METAL SIGN HER DINNER IS SERVED ,家居装饰,中价格带,2.95
901,22118,JOY WOODEN BLOCK LETTERS,文具礼品,高价格带,4.95
902,22119,PEACE WOODEN BLOCK LETTERS,文具礼品,高价格带,6.95
903,22120,WELCOME  WOODEN BLOCK LETTERS,文具礼品,高价格带,9.95
904,22121,NOEL WOODEN BLOCK LETTERS ,文具礼品,高价格带,5.95
905,22123,PING MICROWAVE APRON,服饰配饰,中价格带,1.95
906,22124,SET OF 2 TEA TOWELS PING MICROWAVE,厨房餐饮,中价格带,2.95
907,22127,PARTY CONES CARNIVAL ASSORTED,其他,低价格带,1.25
908,22128,PARTY CONES CANDY ASSORTED,其他,低价格带,1.25
909,22129,PARTY CONES CANDY TREE DECORATION,家居装饰,低价格带,0.78
910,22130,PARTY CONE CHRISTMAS DECORATION ,家居装饰,低价格带,0.85
911,22131,FOOD CONTAINER SET 3 LOVE HEART ,家居装饰,中价格带,1.95
912,22132,RED LOVE HEART SHAPE CUP,厨房餐饮,低价格带,0.85
913,22133,PINK LOVE HEART SHAPE CUP,厨房餐饮,低价格带,0.85
914,22134,MINI LADLE LOVE HEART RED ,家居装饰,低价格带,0.42
915,22135,MINI LADLE LOVE HEART PINK,家居装饰,低价格带,0.42
916,22136,LOVE HEART SOCK HANGER,家居装饰,中价格带,1.65
917,22137,BATHROOM SET LOVE HEART DESIGN,卫浴清洁,中价格带,2.95
918,22138,BAKING SET 9 PIECE RETROSPOT ,厨房餐饮,高价格带,4.95
919,22139,RETROSPOT TEA SET CERAMIC 11 PC ,厨房餐饮,高价格带,4.95
920,22141,CHRISTMAS CRAFT TREE TOP ANGEL,其他,中价格带,2.1
921,22142,CHRISTMAS CRAFT WHITE FAIRY ,其他,中价格带,1.45
922,22144,CHRISTMAS CRAFT LITTLE FRIENDS,其他,中价格带,2.1
923,22145,CHRISTMAS CRAFT HEART STOCKING ,家居装饰,中价格带,2.1
924,22147,FELTCRAFT BUTTERFLY HEARTS,家居装饰,中价格带,1.45
925,22148,EASTER CRAFT 4 CHICKS ,其他,中价格带,1.95
926,22149,FELTCRAFT 6 FLOWER FRIENDS,园艺户外,中价格带,2.1
927,22150,3 STRIPEY MICE FELTCRAFT,其他,中价格带,1.95
928,22151,PLACE SETTING WHITE HEART,家居装饰,低价格带,0.42
929,22152,PLACE SETTING WHITE STAR,其他,低价格带,0.42
930,22153,ANGEL DECORATION STARS ON DRESS,服饰配饰,低价格带,0.42
931,22154,ANGEL DECORATION 3 BUTTONS ,家居装饰,低价格带,0.42
932,22155,STAR DECORATION RUSTIC,家居装饰,低价格带,0.42
933,22156,HEART DECORATION WITH PEARLS ,家居装饰,低价格带,0.85
934,22157,ANGEL DECORATION WITH LACE PADDED,家居装饰,低价格带,0.85
935,22158,3 HEARTS HANGING DECORATION RUSTIC,家居装饰,中价格带,2.95
936,22161,HEART DECORATION RUSTIC HANGING ,家居装饰,低价格带,0.19
937,22162,HEART GARLAND RUSTIC PADDED,家居装饰,中价格带,2.95
938,22163,HEART STRING MEMO HOLDER HANGING,家居装饰,中价格带,1.87
939,22165,"DIAMANTE HEART SHAPED WALL MIRROR, ",家居装饰,高价格带,3.95
940,22166,WALL MIRROR RECTANGLE DIAMANTE PINK,家居装饰,高价格带,7.95
941,22167, OVAL WALL MIRROR DIAMANTE ,家居装饰,高价格带,9.95
942,22168,ORGANISER WOOD ANTIQUE WHITE ,收纳储物,高价格带,8.5
943,22169,FAMILY ALBUM WHITE PICTURE FRAME,家居装饰,高价格带,8.5
944,22170,PICTURE FRAME WOOD TRIPLE PORTRAIT,家居装饰,高价格带,6.75
945,22171,3 HOOK PHOTO SHELF ANTIQUE WHITE,家居装饰,高价格带,8.5
946,22173,METAL 4 HOOK HANGER FRENCH CHATEAU,服饰配饰,中价格带,2.95
947,22174,PHOTO CUBE,其他,中价格带,1.65
948,22175,PINK OWL SOFT TOY,玩具游戏,中价格带,2.95
949,22176,BLUE OWL SOFT TOY,玩具游戏,中价格带,2.95
950,22178,VICTORIAN GLASS HANGING T-LIGHT,灯烛照明,低价格带,1.25
951,22179,SET 10 NIGHT OWL LIGHTS,灯烛照明,高价格带,6.75
952,22180,RETROSPOT LAMP,灯烛照明,高价格带,9.95
953,22181,SNOWSTORM PHOTO FRAME FRIDGE MAGNET,家居装饰,低价格带,0.85
954,22182,CAKE STAND VICTORIAN FILIGREE SMALL,其他,高价格带,4.95
955,22183,CAKE STAND VICTORIAN FILIGREE MED,其他,高价格带,5.95
956,22184,CAKE STAND VICTORIAN FILIGREE LARGE,其他,高价格带,8.5
957,22185,SLATE TILE NATURAL HANGING,其他,中价格带,1.65
958,22186,RED STAR CARD HOLDER,文具礼品,中价格带,1.95
959,22187,GREEN CHRISTMAS TREE CARD HOLDER,文具礼品,中价格带,1.95
960,22188,BLACK HEART CARD HOLDER,文具礼品,高价格带,3.95
961,22189,CREAM HEART CARD HOLDER,文具礼品,高价格带,3.95
962,22190,LOCAL CAFE MUG,厨房餐饮,中价格带,2.1
963,22191,IVORY DINER WALL CLOCK,家居装饰,高价格带,8.5
964,22192,BLUE DINER WALL CLOCK,家居装饰,高价格带,8.5
965,22193,RED DINER WALL CLOCK,家居装饰,高价格带,8.5
966,22194,BLACK DINER WALL CLOCK,家居装饰,高价格带,8.5
967,22195,LARGE HEART MEASURING SPOONS,家居装饰,中价格带,1.65
968,22196,SMALL HEART MEASURING SPOONS,家居装饰,低价格带,0.85
969,22197,POPCORN HOLDER,其他,低价格带,0.85
970,22198,LARGE POPCORN HOLDER ,其他,中价格带,1.65
971,22199,FRYING PAN RED RETROSPOT,其他,高价格带,4.25
972,22200,FRYING PAN PINK POLKADOT,其他,高价格带,4.25
973,22201,FRYING PAN BLUE POLKADOT,其他,高价格带,4.25
974,22203,MILK PAN RED RETROSPOT,其他,高价格带,3.75
975,22204,MILK PAN BLUE POLKADOT,其他,低价格带,1.25
976,22207,FRYING PAN UNION FLAG,其他,高价格带,4.25
977,22208,WOOD STAMP SET THANK YOU,文具礼品,低价格带,0.83
978,22209,WOOD STAMP SET HAPPY BIRTHDAY,文具礼品,低价格带,0.83
979,22210,WOOD STAMP SET BEST WISHES,文具礼品,低价格带,0.83
980,22211,WOOD STAMP SET FLOWERS,园艺户外,低价格带,0.83
981,22212,FOUR HOOK  WHITE LOVEBIRDS,家居装饰,中价格带,2.1
982,22214,CANDLE PLATE LACE WHITE,厨房餐饮,中价格带,2.55
983,22215,CAKE STAND WHITE TWO TIER LACE,其他,高价格带,8.5
984,22216,T-LIGHT HOLDER WHITE LACE,灯烛照明,低价格带,0.85
985,22217,T-LIGHT HOLDER HANGING LACE,灯烛照明,低价格带,0.82
986,22219,LOVEBIRD HANGING DECORATION WHITE ,家居装饰,低价格带,0.85
987,22220,CAKE STAND LOVEBIRD 2 TIER WHITE,其他,高价格带,9.95
988,22221,CAKE STAND LOVEBIRD 2 TIER PINK,其他,高价格带,9.95
989,22222,CAKE PLATE LOVEBIRD WHITE,厨房餐饮,高价格带,4.95
990,22223,CAKE PLATE LOVEBIRD PINK,厨房餐饮,高价格带,3.45
991,22224,WHITE LOVEBIRD LANTERN,灯烛照明,中价格带,2.95
992,22227,HANGING HEART MIRROR DECORATION ,家居装饰,低价格带,0.65
993,22228,BUNNY WOODEN PAINTED WITH BIRD ,其他,低价格带,0.62
994,22229,BUNNY WOODEN PAINTED WITH FLOWER ,园艺户外,低价格带,0.85
995,22230,JIGSAW TREE WITH WATERING CAN,园艺户外,低价格带,0.57
996,22231,JIGSAW TREE WITH BIRDHOUSE,玩具游戏,低价格带,0.59
997,22232,JIGSAW TOADSTOOLS 3 PIECE,玩具游戏,低价格带,0.59
998,22233,JIGSAW RABBIT AND BIRDHOUSE,玩具游戏,低价格带,0.59
999,22236,CAKE STAND 3 TIER MAGIC GARDEN,园艺户外,高价格带,12.75
1000,22241,GARLAND WOODEN HAPPY EASTER,其他,低价格带,1.25
1001,22242,5 HOOK HANGER MAGIC TOADSTOOL,家居装饰,中价格带,1.65
1002,22243,5 HOOK HANGER RED MAGIC TOADSTOOL,家居装饰,中价格带,1.65
1003,22244,3 HOOK HANGER MAGIC GARDEN,园艺户外,中价格带,1.95
1004,22245,"HOOK, 1 HANGER ,MAGIC GARDEN",园艺户外,低价格带,0.85
1005,22246,MAGIC GARDEN FELT GARLAND ,园艺户外,中价格带,1.95
1006,22247,BUNNY DECORATION MAGIC GARDEN,园艺户外,低价格带,0.85
1007,22248,DECORATION  PINK CHICK MAGIC GARDEN,园艺户外,低价格带,0.85
1008,22249,DECORATION WHITE CHICK MAGIC GARDEN,园艺户外,低价格带,0.85
1009,22250,DECORATION  BUTTERFLY  MAGIC GARDEN,园艺户外,低价格带,0.85
1010,22251,BIRDHOUSE DECORATION MAGIC GARDEN,园艺户外,低价格带,1.25
1011,22252,BIRDCAGE DECORATION TEALIGHT HOLDER,灯烛照明,低价格带,1.25
1012,22254,FELT TOADSTOOL LARGE,其他,低价格带,1.25
1013,22255,FELT TOADSTOOL  SMALL,其他,低价格带,0.85
1014,22256,FELT FARM ANIMAL CHICKEN,其他,低价格带,1.25
1015,22257,FELT FARM ANIMAL SHEEP,其他,低价格带,1.25
1016,22258,FELT FARM ANIMAL RABBIT,其他,低价格带,1.25
1017,22259,FELT FARM ANIMAL HEN,其他,低价格带,1.25
1018,22260,FELT EGG COSY BLUE RABBIT ,其他,低价格带,0.85
1019,22261,FELT EGG COSY WHITE RABBIT ,其他,低价格带,0.85
1020,22262,FELT EGG COSY CHICKEN,其他,低价格带,0.85
1021,22263,FELT EGG COSY LADYBIRD ,其他,低价格带,1.24
1022,22265,EASTER DECORATION NATURAL CHICK,家居装饰,低价格带,0.65
1023,22266,EASTER DECORATION HANGING BUNNY,家居装饰,低价格带,0.65
1024,22267,EASTER DECORATION EGG BUNNY ,家居装饰,低价格带,1.25
1025,22268,EASTER DECORATION SITTING BUNNY,家居装饰,低价格带,0.85
1026,22269,EGG CUP NATURAL CHICKEN,厨房餐饮,低价格带,0.82
1027,22270,HAPPY EASTER HANGING DECORATION,家居装饰,高价格带,3.75
1028,22271,FELTCRAFT DOLL ROSIE,玩具游戏,中价格带,2.95
1029,22272,FELTCRAFT DOLL MARIA,玩具游戏,中价格带,2.95
1030,22273,FELTCRAFT DOLL MOLLY,玩具游戏,中价格带,2.95
1031,22274,FELTCRAFT DOLL EMILY,玩具游戏,中价格带,2.95
1032,22275,WEEKEND BAG VINTAGE ROSE PAISLEY,文具礼品,高价格带,7.65
1033,22276,WASH BAG VINTAGE ROSE PAISLEY,文具礼品,中价格带,2.55
1034,22277,COSMETIC BAG VINTAGE ROSE PAISLEY,文具礼品,中价格带,2.1
1035,22278,OVERNIGHT BAG VINTAGE ROSE PAISLEY,文具礼品,高价格带,4.95
1036,22279,POCKET BAG BLUE PAISLEY RED SPOT,服饰配饰,低价格带,1.25
1037,22281,EASTER TREE YELLOW BIRDS,其他,高价格带,5.95
1038,22282,12 EGG HOUSE PAINTED WOOD,其他,高价格带,12.75
1039,22283,6 EGG HOUSE PAINTED WOOD,其他,高价格带,7.95
1040,22284,HEN HOUSE DECORATION,家居装饰,中价格带,1.65
1041,22285,HANGING HEN ON NEST DECORATION,家居装饰,中价格带,1.65
1042,22286,"DECORATION , WOBBLY RABBIT , METAL ",家居装饰,中价格带,1.65
1043,22287,"DECORATION , WOBBLY CHICKEN, METAL ",家居装饰,中价格带,1.65
1044,22288,HANGING METAL RABBIT DECORATION,家居装饰,低价格带,1.25
1045,22291,HANGING CHICK CREAM DECORATION,家居装饰,中价格带,1.45
1046,22292,HANGING CHICK  YELLOW DECORATION,家居装饰,中价格带,1.45
1047,22293,HANGING CHICK GREEN DECORATION,家居装饰,中价格带,1.45
1048,22294,HEART FILIGREE DOVE  SMALL,家居装饰,低价格带,1.25
1049,22295,HEART FILIGREE DOVE LARGE,家居装饰,中价格带,1.65
1050,22296,HEART IVORY TRELLIS LARGE,家居装饰,中价格带,1.65
1051,22297,HEART IVORY TRELLIS SMALL,家居装饰,低价格带,1.25
1052,22299,PIG KEYRING WITH LIGHT & SOUND ,灯烛照明,低价格带,1.25
1053,22300,COFFEE MUG DOG + BALL DESIGN,厨房餐饮,中价格带,2.55
1054,22301,COFFEE MUG CAT + BIRD DESIGN,厨房餐饮,中价格带,2.55
1055,22302,COFFEE MUG PEARS  DESIGN,厨房餐饮,中价格带,2.55
1056,22303,COFFEE MUG APPLES DESIGN,厨房餐饮,中价格带,2.55
1057,22304,COFFEE MUG BLUE PAISLEY DESIGN,厨房餐饮,中价格带,2.55
1058,22305,COFFEE MUG PINK PAISLEY DESIGN,厨房餐饮,中价格带,2.55
1059,22306,SILVER MUG BONE CHINA TREE OF LIFE,厨房餐饮,低价格带,1.06
1060,22307,GOLD MUG BONE CHINA TREE OF LIFE,厨房餐饮,低价格带,1.06
1061,22308,TEA COSY BLUE STRIPE,厨房餐饮,中价格带,2.55
1062,22309,TEA COSY RED  STRIPE,厨房餐饮,中价格带,2.55
1063,22310,IVORY KNITTED MUG COSY ,厨房餐饮,中价格带,1.65
1064,22311,OFFICE MUG WARMER BLACK+SILVER ,厨房餐饮,中价格带,2.95
1065,22312,OFFICE MUG WARMER POLKADOT,厨房餐饮,中价格带,2.95
1066,22313,OFFICE MUG WARMER PINK,厨房餐饮,中价格带,2.95
1067,22314,OFFICE MUG WARMER CHOC+BLUE,厨房餐饮,中价格带,2.95
1068,22315,200 RED + WHITE BENDY STRAWS,其他,低价格带,1.25
1069,22316,200 BENDY SKULL STRAWS,其他,低价格带,1.25
1070,22317,FIVE CATS HANGING DECORATION,家居装饰,高价格带,4.37
1071,22318,FIVE HEART HANGING DECORATION,家居装饰,中价格带,2.95
1072,22319,HAIRCLIPS FORTIES FABRIC ASSORTED,其他,低价格带,0.65
1073,22320,BIRDS MOBILE VINTAGE DESIGN,文具礼品,高价格带,5.95
1074,22321,BIRD DECORATION RED RETROSPOT,家居装饰,低价格带,0.85
1075,22322,BIRD DECORATION GREEN POLKADOT,家居装饰,低价格带,0.85
1076,22324,BLUE POLKADOT KIDS BAG,服饰配饰,中价格带,1.95
1077,22325,MOBILE VINTAGE HEARTS ,文具礼品,高价格带,4.95
1078,22326,ROUND SNACK BOXES SET OF4 WOODLAND ,收纳储物,中价格带,2.95
1079,22327,ROUND SNACK BOXES SET OF 4 SKULLS,收纳储物,中价格带,2.95
1080,22328,ROUND SNACK BOXES SET OF 4 FRUITS ,收纳储物,中价格带,2.95
1081,22329,ROUND CONTAINER SET OF 5 RETROSPOT,其他,中价格带,1.65
1082,22331,WOODLAND PARTY BAG + STICKER SET,服饰配饰,中价格带,1.65
1083,22332,SKULLS PARTY BAG + STICKER SET,服饰配饰,中价格带,1.65
1084,22333,RETROSPOT PARTY BAG + STICKER SET,服饰配饰,中价格带,1.65
1085,22334,DINOSAUR PARTY BAG + STICKER SET,服饰配饰,中价格带,1.65
1086,22335,HEART DECORATION PAINTED ZINC ,家居装饰,低价格带,0.65
1087,22336,DOVE DECORATION PAINTED ZINC ,家居装饰,低价格带,0.65
1088,22337,ANGEL DECORATION PAINTED ZINC ,家居装饰,低价格带,0.65
1089,22338,STAR DECORATION PAINTED ZINC ,家居装饰,低价格带,0.19
1090,22339,CHRISTMAS TREE PAINTED ZINC ,其他,低价格带,0.19
1091,22340,NOEL GARLAND PAINTED ZINC ,其他,低价格带,0.39
1092,22341,LOVE GARLAND PAINTED ZINC ,其他,中价格带,1.55
1093,22342,HOME GARLAND PAINTED ZINC ,家居装饰,低价格带,0.75
1094,22343,PARTY PIZZA DISH RED RETROSPOT,厨房餐饮,低价格带,0.85
1095,22344,PARTY PIZZA DISH PINK POLKADOT,厨房餐饮,低价格带,0.85
1096,22345,PARTY PIZZA DISH BLUE POLKADOT,厨房餐饮,低价格带,0.21
1097,22346,PARTY PIZZA DISH GREEN POLKADOT,厨房餐饮,低价格带,0.85
1098,22348,TEA BAG PLATE RED RETROSPOT,厨房餐饮,低价格带,0.85
1099,22349,DOG BOWL CHASING BALL DESIGN,厨房餐饮,高价格带,3.75
1100,22350,ILLUSTRATED CAT BOWL ,厨房餐饮,中价格带,2.55
1101,22352,LUNCH BOX WITH CUTLERY RETROSPOT ,厨房餐饮,中价格带,2.55
1102,22353,LUNCH BOX WITH CUTLERY FAIRY CAKES ,厨房餐饮,中价格带,2.55
1103,22354,RETROSPOT PADDED SEAT CUSHION,家居装饰,高价格带,3.75
1104,22355,CHARLOTTE BAG SUKI DESIGN,服饰配饰,低价格带,0.85
1105,22356,CHARLOTTE BAG PINK POLKADOT,服饰配饰,低价格带,0.85
1106,22357,KINGS CHOICE BISCUIT TIN,其他,高价格带,4.25
1107,22358,KINGS CHOICE TEA CADDY ,厨房餐饮,中价格带,2.95
1108,22359,GLASS JAR KINGS CHOICE,收纳储物,中价格带,2.95
1109,22360,GLASS JAR ENGLISH CONFECTIONERY,收纳储物,中价格带,2.95
1110,22361,GLASS JAR DAISY FRESH COTTON WOOL,收纳储物,中价格带,2.95
1111,22362,GLASS JAR PEACOCK BATH SALTS,收纳储物,中价格带,2.95
1112,22363,GLASS JAR MARMALADE ,收纳储物,中价格带,2.75
1113,22364,GLASS JAR DIGESTIVE BISCUITS,收纳储物,中价格带,2.95
1114,22365,DOORMAT RESPECTABLE HOUSE,家居装饰,高价格带,7.95
1115,22366,DOORMAT AIRMAIL ,家居装饰,高价格带,7.95
1116,22367,CHILDRENS APRON SPACEBOY DESIGN,服饰配饰,中价格带,1.95
1117,22371,AIRLINE BAG VINTAGE TOKYO 78,文具礼品,高价格带,4.25
1118,22372,AIRLINE BAG VINTAGE WORLD CHAMPION ,文具礼品,高价格带,4.25
1119,22374,AIRLINE BAG VINTAGE JET SET RED,文具礼品,高价格带,4.25
1120,22375,AIRLINE BAG VINTAGE JET SET BROWN,文具礼品,高价格带,4.25
1121,22376,AIRLINE BAG VINTAGE JET SET WHITE,文具礼品,高价格带,4.25
1122,22377,BOTTLE BAG RETROSPOT ,厨房餐饮,中价格带,2.1
1123,22378,WALL TIDY RETROSPOT ,家居装饰,中价格带,2.1
1124,22379,RECYCLING BAG RETROSPOT ,服饰配饰,中价格带,2.1
1125,22380,TOY TIDY SPACEBOY  ,玩具游戏,中价格带,2.1
1126,22381,TOY TIDY PINK POLKADOT,玩具游戏,中价格带,2.1
1127,22382,LUNCH BAG SPACEBOY DESIGN ,厨房餐饮,中价格带,1.65
1128,22383,LUNCH BAG SUKI DESIGN ,厨房餐饮,中价格带,1.65
1129,22384,LUNCH BAG PINK POLKADOT,厨房餐饮,中价格带,1.65
1130,22385,JUMBO BAG SPACEBOY DESIGN,服饰配饰,中价格带,2.08
1131,22386,JUMBO BAG PINK POLKADOT,服饰配饰,中价格带,2.08
1132,22389,PAPERWEIGHT SAVE THE PLANET,其他,中价格带,2.55
1133,22390,PAPERWEIGHT CHILDHOOD MEMORIES,其他,中价格带,2.55
1134,22391,PAPERWEIGHT HOME SWEET HOME,家居装饰,低价格带,0.85
1135,22393,PAPERWEIGHT VINTAGE COLLAGE,文具礼品,中价格带,2.55
1136,22394,PAPERWEIGHT KINGS CHOICE ,其他,中价格带,2.55
1137,22395,PAPERWEIGHT VINTAGE PAISLEY,文具礼品,低价格带,0.39
1138,22396,MAGNETS PACK OF 4 RETRO PHOTO,家居装饰,低价格带,0.39
1139,22398,MAGNETS PACK OF 4 SWALLOWS,家居装饰,低价格带,0.39
1140,22399,MAGNETS PACK OF 4 CHILDHOOD MEMORY,家居装饰,低价格带,1.25
1141,22400,MAGNETS PACK OF 4 HOME SWEET HOME,家居装饰,低价格带,0.39
1142,22402,MAGNETS PACK OF 4 VINTAGE COLLAGE,文具礼品,低价格带,0.39
1143,22403,MAGNETS PACK OF 4 VINTAGE LABELS ,文具礼品,低价格带,0.39
1144,22405,MONEY BOX POCKET MONEY DESIGN,收纳储物,低价格带,1.25
1145,22406,MONEY BOX KINGS CHOICE DESIGN,收纳储物,低价格带,1.25
1146,22407,MONEY BOX FIRST ADE DESIGN,收纳储物,低价格带,1.25
1147,22408,MONEY BOX CONFECTIONERY DESIGN,收纳储物,低价格带,1.25
1148,22409,MONEY BOX BISCUITS DESIGN,收纳储物,低价格带,1.25
1149,22410,MONEY BOX HOUSEKEEPING DESIGN,收纳储物,低价格带,1.25
1150,22411,JUMBO SHOPPER VINTAGE RED PAISLEY,文具礼品,中价格带,2.08
1151,22412,METAL SIGN NEIGHBOURHOOD WITCH ,家居装饰,中价格带,2.1
1152,22413,METAL SIGN TAKE IT OR LEAVE IT ,家居装饰,中价格带,2.95
1153,22414,DOORMAT NEIGHBOURHOOD WITCH ,家居装饰,高价格带,8.25
1154,22415,WHITE TISSUE REAM,其他,高价格带,7.95
1155,22416,SET OF 36 DOILIES SPACEBOY DESIGN ,其他,中价格带,1.45
1156,22417,PACK OF 60 SPACEBOY CAKE CASES,其他,低价格带,0.55
1157,22418,10 COLOUR SPACEBOY PEN,其他,低价格带,0.85
1158,22419,LIPSTICK PEN RED,其他,低价格带,0.42
1159,22420,LIPSTICK PEN BABY PINK,其他,低价格带,0.42
1160,22421,LIPSTICK PEN FUSCHIA,其他,低价格带,0.42
1161,22422,TOOTHPASTE TUBE PEN,其他,低价格带,0.65
1162,22423,REGENCY CAKESTAND 3 TIER,其他,高价格带,12.75
1163,22424,ENAMEL BREAD BIN CREAM,其他,高价格带,12.75
1164,22425,ENAMEL COLANDER CREAM,其他,高价格带,4.95
1165,22426,ENAMEL WASH BOWL CREAM,厨房餐饮,高价格带,3.75
1166,22427,ENAMEL FLOWER JUG CREAM,厨房餐饮,高价格带,5.95
1167,22428,ENAMEL FIRE BUCKET CREAM,其他,高价格带,6.95
1168,22429,ENAMEL MEASURING JUG CREAM,厨房餐饮,高价格带,4.25
1169,22430,ENAMEL WATERING CAN CREAM,园艺户外,高价格带,4.95
1170,22431,WATERING CAN BLUE ELEPHANT,园艺户外,中价格带,1.95
1171,22432,WATERING CAN PINK BUNNY,园艺户外,中价格带,1.95
1172,22433,WATERING CAN GREEN DINOSAUR,园艺户外,中价格带,1.95
1173,22434,BALLOON PUMP WITH 10 BALLOONS,其他,中价格带,1.95
1174,22435,SET OF 9 HEART SHAPED BALLOONS,家居装饰,低价格带,1.25
1175,22436,12 COLOURED PARTY BALLOONS,其他,低价格带,0.65
1176,22437,SET OF 9 BLACK SKULL BALLOONS,其他,低价格带,0.85
1177,22438,BALLOON ART MAKE YOUR OWN FLOWERS,园艺户外,中价格带,1.95
1178,22439,6 ROCKET BALLOONS ,其他,低价格带,0.65
1179,22440,BALLOON WATER BOMB PACK OF 35,其他,低价格带,0.42
1180,22441,GROW YOUR OWN BASIL IN ENAMEL MUG,厨房餐饮,中价格带,2.1
1181,22442,GROW YOUR OWN FLOWERS SET OF 3,园艺户外,高价格带,7.95
1182,22443,GROW YOUR OWN HERBS SET OF 3,园艺户外,高价格带,7.95
1183,22444,GROW YOUR OWN PLANT IN A CAN ,园艺户外,低价格带,1.25
1184,22445,PENCIL CASE LIFE IS BEAUTIFUL,文具礼品,中价格带,2.95
1185,22446,PIN CUSHION BABUSHKA PINK,家居装饰,中价格带,2.91
1186,22447,PIN CUSHION BABUSHKA BLUE,家居装饰,高价格带,3.35
1187,22448,PIN CUSHION BABUSHKA RED,家居装饰,高价格带,3.35
1188,22449,SILK PURSE BABUSHKA PINK,服饰配饰,高价格带,3.35
1189,22450,SILK PURSE BABUSHKA BLUE,服饰配饰,高价格带,3.35
1190,22451,SILK PURSE BABUSHKA RED,服饰配饰,高价格带,3.35
1191,22452,MEASURING TAPE BABUSHKA PINK,其他,中价格带,2.75
1192,22453,MEASURING TAPE BABUSHKA BLUE,其他,中价格带,2.95
1193,22454,MEASURING TAPE BABUSHKA RED,其他,中价格带,2.95
1194,22456,NATURAL SLATE CHALKBOARD LARGE ,其他,高价格带,4.95
1195,22457,NATURAL SLATE HEART CHALKBOARD ,家居装饰,中价格带,2.95
1196,22458,CAST IRON HOOK GARDEN FORK,园艺户外,中价格带,2.55
1197,22459,CAST IRON HOOK GARDEN TROWEL,园艺户外,中价格带,2.55
1198,22460,EMBOSSED GLASS TEALIGHT HOLDER,灯烛照明,低价格带,1.25
1199,22461,SAVOY ART DECO CLOCK,家居装饰,高价格带,3.95
1200,22464,HANGING METAL HEART LANTERN,灯烛照明,中价格带,1.65
1201,22465,HANGING METAL STAR LANTERN,灯烛照明,中价格带,1.65
1202,22466,FAIRY TALE COTTAGE NIGHT LIGHT,灯烛照明,中价格带,1.95
1203,22467,GUMBALL COAT RACK,其他,中价格带,2.55
1204,22468,BABUSHKA LIGHTS STRING OF 10,灯烛照明,高价格带,6.75
1205,22469,HEART OF WICKER SMALL,家居装饰,中价格带,1.65
1206,22470,HEART OF WICKER LARGE,家居装饰,中价格带,2.95
1207,22471,TV DINNER TRAY AIR HOSTESS ,其他,高价格带,4.95
1208,22472,TV DINNER TRAY DOLLY GIRL,玩具游戏,高价格带,4.95
1209,22473,TV DINNER TRAY VINTAGE PAISLEY,文具礼品,高价格带,4.95
1210,22474,SPACEBOY TV DINNER TRAY,其他,高价格带,4.95
1211,22475,SKULL DESIGN TV DINNER TRAY,其他,高价格带,4.95
1212,22476,EMPIRE UNION JACK TV DINNER TRAY,其他,高价格带,4.95
1213,22477,WATERING CAN GARDEN MARKER,园艺户外,低价格带,1.25
1214,22478,BIRDHOUSE GARDEN MARKER ,园艺户外,低价格带,1.25
1215,22479,DAISY GARDEN MARKER,园艺户外,低价格带,1.25
1216,22480,RED TEA TOWEL CLASSIC DESIGN,厨房餐饮,低价格带,1.25
1217,22481,BLACK TEA TOWEL CLASSIC DESIGN,厨房餐饮,低价格带,1.25
1218,22482,BLUE TEA TOWEL CLASSIC DESIGN,厨房餐饮,低价格带,1.25
1219,22483,RED GINGHAM TEDDY BEAR ,玩具游戏,中价格带,2.95
1220,22485,SET OF 2 WOODEN MARKET CRATES,其他,高价格带,12.75
1221,22486,PLASMATRONIC LAMP,灯烛照明,高价格带,3.95
1222,22487,WHITE WOOD GARDEN PLANT LADDER,园艺户外,高价格带,9.95
1223,22488,NATURAL SLATE RECTANGLE CHALKBOARD,其他,中价格带,1.65
1224,22489,PACK OF 12 TRADITIONAL CRAYONS,其他,低价格带,0.42
1225,22491,PACK OF 12 COLOURED PENCILS,文具礼品,低价格带,0.85
1226,22492,MINI PAINT SET VINTAGE ,文具礼品,低价格带,0.65
1227,22493,PAINT YOUR OWN CANVAS SET,其他,中价格带,1.65
1228,22494,EMERGENCY FIRST AID TIN ,其他,低价格带,1.25
1229,22495,SET OF 2 ROUND TINS CAMEMBERT ,其他,中价格带,2.95
1230,22496,SET OF 2 ROUND TINS DUTCH CHEESE,其他,中价格带,2.95
1231,22497,SET OF 2 TINS VINTAGE BATHROOM ,文具礼品,高价格带,4.25
1232,22498,WOODEN REGATTA BUNTING,其他,高价格带,5.95
1233,22499,WOODEN UNION JACK BUNTING,其他,高价格带,5.95
1234,22500,SET OF 2 TINS JARDIN DE PROVENCE,收纳储物,高价格带,4.95
1235,22501,PICNIC BASKET WICKER LARGE,收纳储物,高价格带,9.95
1236,22502,PICNIC BASKET WICKER SMALL,收纳储物,高价格带,5.95
1237,22503,CABIN BAG VINTAGE PAISLEY,文具礼品,高价格带,29.95
1238,22504,CABIN BAG VINTAGE RETROSPOT,文具礼品,高价格带,12.75
1239,22505,MEMO BOARD COTTAGE DESIGN,文具礼品,高价格带,4.95
1240,22507,MEMO BOARD RETROSPOT  DESIGN,其他,高价格带,4.95
1241,22508,DOORSTOP RETROSPOT HEART,家居装饰,高价格带,3.75
1242,22509,SEWING BOX RETROSPOT DESIGN ,收纳储物,高价格带,3.95
1243,22510,GINGHAM BABUSHKA DOORSTOP,家居装饰,中价格带,2.5
1244,22511,RETROSPOT BABUSHKA DOORSTOP,家居装饰,低价格带,1.25
1245,22512,DOORSTOP RACING CAR DESIGN,家居装饰,高价格带,3.75
1246,22513,DOORSTOP FOOTBALL DESIGN,家居装饰,高价格带,3.75
1247,22514,CHILDS GARDEN SPADE BLUE,园艺户外,中价格带,2.1
1248,22515,CHILDS GARDEN SPADE PINK,园艺户外,中价格带,2.1
1249,22516,CHILDS GARDEN RAKE BLUE,园艺户外,中价格带,2.1
1250,22517,CHILDS GARDEN RAKE PINK,园艺户外,中价格带,2.1
1251,22518,CHILDS GARDEN BRUSH BLUE,园艺户外,中价格带,2.1
1252,22519,CHILDS GARDEN BRUSH PINK,园艺户外,中价格带,2.1
1253,22520,CHILDS GARDEN TROWEL BLUE ,园艺户外,低价格带,0.85
1254,22521,CHILDS GARDEN TROWEL PINK,园艺户外,低价格带,0.85
1255,22522,CHILDS GARDEN FORK BLUE ,园艺户外,低价格带,0.85
1256,22523,CHILDS GARDEN FORK PINK,园艺户外,低价格带,0.85
1257,22524,CHILDRENS GARDEN GLOVES BLUE,园艺户外,低价格带,1.25
1258,22525,CHILDRENS GARDEN GLOVES PINK,园艺户外,低价格带,1.25
1259,22526,WHEELBARROW FOR CHILDREN ,其他,高价格带,12.75
1260,22529,MAGIC DRAWING SLATE GO TO THE FAIR ,其他,低价格带,0.42
1261,22530,MAGIC DRAWING SLATE DOLLY GIRL ,玩具游戏,低价格带,0.42
1262,22531,MAGIC DRAWING SLATE CIRCUS PARADE  ,其他,低价格带,0.42
1263,22532,MAGIC DRAWING SLATE LEAP FROG ,其他,低价格带,0.42
1264,22533,MAGIC DRAWING SLATE BAKE A CAKE ,其他,低价格带,0.42
1265,22534,MAGIC DRAWING SLATE SPACEBOY ,其他,低价格带,0.42
1266,22535,MAGIC DRAWING SLATE BUNNIES ,其他,低价格带,0.42
1267,22536,MAGIC DRAWING SLATE PURDEY,其他,低价格带,0.42
1268,22537,MAGIC DRAWING SLATE DINOSAUR,其他,低价格带,0.42
1269,22538,MINI JIGSAW GO TO THE FAIR,玩具游戏,低价格带,0.42
1270,22539,MINI JIGSAW DOLLY GIRL,玩具游戏,低价格带,0.42
1271,22540,MINI JIGSAW CIRCUS PARADE ,玩具游戏,低价格带,0.42
1272,22543,MINI JIGSAW BAKE A CAKE ,玩具游戏,低价格带,0.19
1273,22544,MINI JIGSAW SPACEBOY,玩具游戏,低价格带,0.42
1274,22545,MINI JIGSAW BUNNIES,玩具游戏,低价格带,0.42
1275,22546,MINI JIGSAW PURDEY,玩具游戏,低价格带,0.42
1276,22547,MINI JIGSAW DINOSAUR ,玩具游戏,低价格带,0.42
1277,22548,HEADS AND TAILS SPORTING FUN,其他,低价格带,1.25
1278,22549,PICTURE DOMINOES,其他,中价格带,1.45
1279,22550,HOLIDAY FUN LUDO,其他,高价格带,3.75
1280,22551,PLASTERS IN TIN SPACEBOY,其他,中价格带,1.65
1281,22553,PLASTERS IN TIN SKULLS,其他,中价格带,1.65
1282,22554,PLASTERS IN TIN WOODLAND ANIMALS,其他,中价格带,1.65
1283,22555,PLASTERS IN TIN STRONGMAN,其他,中价格带,1.65
1284,22556,PLASTERS IN TIN CIRCUS PARADE ,其他,中价格带,1.65
1285,22557,PLASTERS IN TIN VINTAGE PAISLEY ,文具礼品,中价格带,1.65
1286,22558,CLOTHES PEGS RETROSPOT PACK 24 ,其他,中价格带,1.65
1287,22559,SEASIDE FLYING DISC,其他,低价格带,1.25
1288,22560,TRADITIONAL MODELLING CLAY,其他,低价格带,1.25
1289,22561,WOODEN SCHOOL COLOURING SET,其他,中价格带,1.65
1290,22562,MONSTERS STENCIL CRAFT,其他,低价格带,1.25
1291,22563,HAPPY STENCIL CRAFT,其他,低价格带,1.25
1292,22564,ALPHABET STENCIL CRAFT,文具礼品,低价格带,1.25
1293,22565,FELTCRAFT HAIRBANDS PINK AND WHITE ,其他,低价格带,0.85
1294,22566,FELTCRAFT HAIRBAND PINK AND PURPLE,其他,低价格带,0.85
1295,22567,20 DOLLY PEGS RETROSPOT,玩具游戏,中价格带,1.45
1296,22568,FELTCRAFT CUSHION OWL,家居装饰,高价格带,3.75
1297,22569,FELTCRAFT CUSHION BUTTERFLY,家居装饰,高价格带,3.75
1298,22570,FELTCRAFT CUSHION RABBIT,家居装饰,高价格带,3.75
1299,22571,ROCKING HORSE RED CHRISTMAS ,其他,低价格带,0.85
1300,22572,ROCKING HORSE GREEN CHRISTMAS ,其他,低价格带,0.85
1301,22573,STAR WOODEN CHRISTMAS DECORATION,家居装饰,低价格带,0.85
1302,22574,HEART WOODEN CHRISTMAS DECORATION,家居装饰,低价格带,0.85
1303,22575,METAL MERRY CHRISTMAS WREATH,其他,中价格带,1.95
1304,22576,SWALLOW WOODEN CHRISTMAS DECORATION,家居装饰,低价格带,0.85
1305,22577,WOODEN HEART CHRISTMAS SCANDINAVIAN,家居装饰,低价格带,0.29
1306,22578,WOODEN STAR CHRISTMAS SCANDINAVIAN,其他,低价格带,0.29
1307,22579,WOODEN TREE CHRISTMAS SCANDINAVIAN,其他,低价格带,0.29
1308,22580,ADVENT CALENDAR GINGHAM SACK,其他,高价格带,5.95
1309,22581,WOOD STOCKING CHRISTMAS SCANDISPOT,其他,低价格带,0.85
1310,22582,PACK OF 6 SWEETIE GIFT BOXES,收纳储物,中价格带,2.55
1311,22583,PACK OF 6 HANDBAG GIFT BOXES,收纳储物,中价格带,2.55
1312,22584,PACK OF 6 PANNETONE GIFT BOXES,收纳储物,中价格带,2.55
1313,22585,PACK OF 6 BIRDY GIFT TAGS,文具礼品,低价格带,1.25
1314,22586,FELTCRAFT HAIRBAND PINK AND BLUE,其他,低价格带,0.85
1315,22587,FELTCRAFT HAIRBAND RED AND BLUE,其他,低价格带,0.85
1316,22588,CARD HOLDER GINGHAM HEART,文具礼品,中价格带,2.89
1317,22589,CARDHOLDER GINGHAM STAR,文具礼品,中价格带,2.55
1318,22591,CARDHOLDER GINGHAM CHRISTMAS TREE,文具礼品,高价格带,3.25
1319,22592,CARDHOLDER HOLLY WREATH METAL,文具礼品,高价格带,3.75
1320,22593,CHRISTMAS GINGHAM STAR,其他,低价格带,0.85
1321,22594,CHRISTMAS GINGHAM TREE,其他,低价格带,0.85
1322,22595,GINGHAM HEART DECORATION,家居装饰,低价格带,0.85
1323,22596,CHRISTMAS STAR WISH LIST CHALKBOARD,其他,低价格带,1.25
1324,22597,MUSICAL ZINC HEART DECORATION ,家居装饰,低价格带,0.29
1325,22598,CHRISTMAS MUSICAL ZINC TREE,其他,低价格带,0.29
1326,22599,CHRISTMAS MUSICAL ZINC STAR,其他,低价格带,0.29
1327,22600,CHRISTMAS RETROSPOT STAR WOOD,其他,低价格带,0.85
1328,22601,CHRISTMAS RETROSPOT ANGEL WOOD,其他,低价格带,0.85
1329,22602,RETROSPOT WOODEN HEART DECORATION,家居装饰,低价格带,0.85
1330,22603,CHRISTMAS RETROSPOT TREE WOOD,其他,低价格带,0.85
1331,22604,SET OF 4 NAPKIN CHARMS CUTLERY,厨房餐饮,中价格带,2.55
1332,22605,WOODEN CROQUET GARDEN SET,园艺户外,高价格带,14.95
1333,22606,WOODEN SKITTLES GARDEN SET,园艺户外,高价格带,15.95
1334,22607,WOODEN ROUNDERS GARDEN SET ,园艺户外,高价格带,9.95
1335,22608,PENS ASSORTED FUNKY JEWELED ,服饰配饰,低价格带,0.19
1336,22609,PENS ASSORTED SPACEBALL,其他,低价格带,0.19
1337,22610,PENS ASSORTED FUNNY FACE,其他,低价格带,0.19
1338,22611,VINTAGE UNION JACK SHOPPING BAG,文具礼品,高价格带,4.95
1339,22613,PACK OF 20 SPACEBOY NAPKINS,其他,低价格带,0.85
1340,22614,PACK OF 12 SPACEBOY TISSUES,其他,低价格带,0.29
1341,22615,PACK OF 12 CIRCUS PARADE TISSUES ,其他,低价格带,0.29
1342,22616,PACK OF 12 LONDON TISSUES ,其他,低价格带,0.29
1343,22617,BAKING SET SPACEBOY DESIGN,厨房餐饮,高价格带,4.95
1344,22618,COOKING SET RETROSPOT,厨房餐饮,高价格带,9.95
1345,22619,SET OF 6 SOLDIER SKITTLES,其他,高价格带,3.75
1346,22620,4 TRADITIONAL SPINNING TOPS,其他,中价格带,1.45
1347,22621,TRADITIONAL KNITTING NANCY,其他,中价格带,1.65
1348,22622,BOX OF VINTAGE ALPHABET BLOCKS,收纳储物,高价格带,11.95
1349,22623,BOX OF VINTAGE JIGSAW BLOCKS ,收纳储物,高价格带,5.95
1350,22624,IVORY KITCHEN SCALES,厨房餐饮,高价格带,8.5
1351,22625,RED KITCHEN SCALES,厨房餐饮,高价格带,8.5
1352,22626,BLACK KITCHEN SCALES,厨房餐饮,高价格带,8.5
1353,22627,MINT KITCHEN SCALES,厨房餐饮,高价格带,8.5
1354,22628,PICNIC BOXES SET OF 3 RETROSPOT ,收纳储物,高价格带,4.95
1355,22629,SPACEBOY LUNCH BOX ,厨房餐饮,中价格带,1.95
1356,22630,DOLLY GIRL LUNCH BOX,厨房餐饮,中价格带,1.95
1357,22631,CIRCUS PARADE LUNCH BOX ,厨房餐饮,中价格带,1.95
1358,22632,HAND WARMER RED RETROSPOT,卫浴清洁,中价格带,2.1
1359,22633,HAND WARMER UNION JACK,卫浴清洁,中价格带,2.1
1360,22634,CHILDS BREAKFAST SET SPACEBOY ,其他,高价格带,9.95
1361,22635,CHILDS BREAKFAST SET DOLLY GIRL ,玩具游戏,高价格带,9.95
1362,22636,CHILDS BREAKFAST SET CIRCUS PARADE,其他,高价格带,8.5
1363,22637,PIGGY BANK RETROSPOT ,其他,中价格带,2.55
1364,22638,SET OF 4 NAPKIN CHARMS CROWNS ,服饰配饰,中价格带,2.55
1365,22639,SET OF 4 NAPKIN CHARMS HEARTS,服饰配饰,中价格带,2.55
1366,22640,SET OF 4 NAPKIN CHARMS 3 KEYS ,服饰配饰,中价格带,2.55
1367,22641,SET OF 4 NAPKIN CHARMS INSTRUMENT,服饰配饰,中价格带,2.55
1368,22643,SET OF 4 NAPKIN CHARMS LEAVES   ,服饰配饰,中价格带,2.55
1369,22644,CERAMIC CHERRY CAKE MONEY BANK,其他,中价格带,1.45
1370,22645,CERAMIC HEART FAIRY CAKE MONEY BANK,家居装饰,中价格带,1.45
1371,22646,CERAMIC STRAWBERRY CAKE MONEY BANK,其他,中价格带,1.45
1372,22647,CERAMIC LOVE HEART MONEY BANK,家居装饰,中价格带,1.45
1373,22649,STRAWBERRY FAIRY CAKE TEAPOT,厨房餐饮,高价格带,4.95
1374,22650,CERAMIC PIRATE CHEST MONEY BANK,其他,中价格带,1.45
1375,22651,GENTLEMAN SHIRT REPAIR KIT ,其他,低价格带,0.85
1376,22652,TRAVEL SEWING KIT,其他,中价格带,1.65
1377,22653,BUTTON BOX ,收纳储物,中价格带,1.95
1378,22654,DELUXE SEWING KIT ,其他,高价格带,5.95
1379,22655,VINTAGE RED KITCHEN CABINET,厨房餐饮,高价格带,125.0
1380,22656,VINTAGE BLUE KITCHEN CABINET,厨房餐饮,高价格带,87.5
1381,22659,LUNCH BOX I LOVE LONDON,厨房餐饮,中价格带,1.95
1382,22660,DOORMAT I LOVE LONDON,家居装饰,高价格带,7.95
1383,22661,CHARLOTTE BAG DOLLY GIRL DESIGN,玩具游戏,低价格带,0.85
1384,22662,LUNCH BAG DOLLY GIRL DESIGN,厨房餐饮,中价格带,1.65
1385,22663,JUMBO BAG DOLLY GIRL DESIGN,玩具游戏,中价格带,2.08
1386,22664,TOY TIDY DOLLY GIRL DESIGN,玩具游戏,中价格带,2.1
1387,22665,RECIPE BOX BLUE SKETCHBOOK DESIGN,厨房餐饮,中价格带,2.95
1388,22666,RECIPE BOX PANTRY YELLOW DESIGN,厨房餐饮,中价格带,2.95
1389,22667,RECIPE BOX RETROSPOT ,厨房餐饮,中价格带,2.95
1390,22668,PINK BABY BUNTING,其他,中价格带,2.95
1391,22669,RED BABY BUNTING ,其他,中价格带,2.95
1392,22670,FRENCH WC SIGN BLUE METAL,其他,低价格带,1.25
1393,22671,FRENCH LAUNDRY SIGN BLUE METAL,其他,中价格带,1.65
1394,22672,FRENCH BATHROOM SIGN BLUE METAL,卫浴清洁,中价格带,1.65
1395,22673,FRENCH GARDEN SIGN BLUE METAL,园艺户外,低价格带,1.25
1396,22674,FRENCH TOILET SIGN BLUE METAL,卫浴清洁,低价格带,1.25
1397,22675,FRENCH KITCHEN SIGN BLUE METAL,厨房餐饮,低价格带,1.25
1398,22676,FRENCH BLUE METAL DOOR SIGN 1,家居装饰,低价格带,1.25
1399,22677,FRENCH BLUE METAL DOOR SIGN 2,家居装饰,低价格带,1.25
1400,22678,FRENCH BLUE METAL DOOR SIGN 3,家居装饰,低价格带,1.25
1401,22679,FRENCH BLUE METAL DOOR SIGN 4,家居装饰,低价格带,1.25
1402,22680,FRENCH BLUE METAL DOOR SIGN 5,家居装饰,低价格带,1.25
1403,22681,FRENCH BLUE METAL DOOR SIGN 6,家居装饰,低价格带,1.25
1404,22682,FRENCH BLUE METAL DOOR SIGN 7,家居装饰,低价格带,1.25
1405,22683,FRENCH BLUE METAL DOOR SIGN 8,家居装饰,低价格带,1.25
1406,22684,FRENCH BLUE METAL DOOR SIGN 9,家居装饰,低价格带,1.25
1407,22685,FRENCH BLUE METAL DOOR SIGN 0,家居装饰,低价格带,1.25
1408,22686,FRENCH BLUE METAL DOOR SIGN No,家居装饰,低价格带,1.25
1409,22687,DOORMAT CHRISTMAS VILLAGE,家居装饰,高价格带,8.25
1410,22688,DOORMAT PEACE ON EARTH BLUE,家居装饰,高价格带,8.25
1411,22689,DOORMAT MERRY CHRISTMAS RED ,家居装饰,高价格带,8.25
1412,22690,DOORMAT HOME SWEET HOME BLUE ,家居装饰,高价格带,7.95
1413,22691,DOORMAT WELCOME SUNRISE,家居装饰,高价格带,7.95
1414,22692,DOORMAT WELCOME TO OUR HOME,家居装饰,高价格带,7.95
1415,22693,GROW A FLYTRAP OR SUNFLOWER IN TIN,园艺户外,低价格带,1.25
1416,22694,WICKER STAR ,其他,中价格带,2.1
1417,22695,WICKER WREATH SMALL,其他,中价格带,1.45
1418,22696,WICKER WREATH LARGE,其他,中价格带,1.95
1419,22697,GREEN REGENCY TEACUP AND SAUCER,厨房餐饮,中价格带,2.95
1420,22698,PINK REGENCY TEACUP AND SAUCER,厨房餐饮,中价格带,2.95
1421,22699,ROSES REGENCY TEACUP AND SAUCER ,厨房餐饮,中价格带,2.95
1422,22700,BLACK AND WHITE DOG BOWL,厨房餐饮,中价格带,2.95
1423,22701,PINK DOG BOWL,厨房餐饮,中价格带,2.95
1424,22702,BLACK AND WHITE CAT BOWL,厨房餐饮,中价格带,2.1
1425,22703,PINK CAT BOWL,厨房餐饮,中价格带,2.1
1426,22704,WRAP RED APPLES ,文具礼品,低价格带,0.42
1427,22705,WRAP GREEN PEARS ,文具礼品,低价格带,0.42
1428,22706,WRAP COWBOYS  ,文具礼品,低价格带,0.42
1429,22707,WRAP MONSTER FUN ,文具礼品,低价格带,0.42
1430,22708,WRAP DOLLY GIRL,玩具游戏,低价格带,0.42
1431,22709,WRAP WEDDING DAY,文具礼品,低价格带,0.42
1432,22710,WRAP I LOVE LONDON ,文具礼品,低价格带,0.42
1433,22711,WRAP CIRCUS PARADE,文具礼品,低价格带,0.42
1434,22712,CARD DOLLY GIRL ,玩具游戏,低价格带,0.42
1435,22713,CARD I LOVE LONDON ,文具礼品,低价格带,0.42
1436,22714,CARD BIRTHDAY COWBOY,文具礼品,低价格带,0.42
1437,22715,CARD WEDDING DAY,文具礼品,低价格带,0.42
1438,22716,CARD CIRCUS PARADE,文具礼品,低价格带,0.42
1439,22717,CARD DOG AND BALL ,文具礼品,低价格带,0.42
1440,22718,CARD CAT AND TREE ,文具礼品,低价格带,0.42
1441,22719,GUMBALL MONOCHROME COAT RACK,其他,低价格带,1.16
1442,22720,SET OF 3 CAKE TINS PANTRY DESIGN ,其他,高价格带,4.95
1443,22721,SET OF 3 CAKE TINS SKETCHBOOK,文具礼品,高价格带,4.95
1444,22722,SET OF 6 SPICE TINS PANTRY DESIGN,其他,高价格带,3.95
1445,22723,SET OF 6 HERB TINS SKETCHBOOK,园艺户外,高价格带,3.95
1446,22725,ALARM CLOCK BAKELIKE CHOCOLATE,家居装饰,高价格带,3.75
1447,22726,ALARM CLOCK BAKELIKE GREEN,家居装饰,高价格带,3.75
1448,22727,ALARM CLOCK BAKELIKE RED ,家居装饰,高价格带,3.75
1449,22728,ALARM CLOCK BAKELIKE PINK,家居装饰,高价格带,3.75
1450,22729,ALARM CLOCK BAKELIKE ORANGE,家居装饰,高价格带,3.75
1451,22730,ALARM CLOCK BAKELIKE IVORY,家居装饰,高价格带,3.75
1452,22731,3D CHRISTMAS STAMPS STICKERS ,文具礼品,低价格带,1.25
1453,22732,3D VINTAGE CHRISTMAS STICKERS ,文具礼品,低价格带,1.25
1454,22733,3D TRADITIONAL CHRISTMAS STICKERS,家居装饰,低价格带,1.25
1455,22734,SET OF 6 RIBBONS VINTAGE CHRISTMAS,文具礼品,中价格带,2.89
1456,22735,RIBBON REEL SOCKS AND MITTENS,其他,中价格带,1.65
1457,22736,RIBBON REEL MAKING SNOWMEN ,其他,中价格带,1.65
1458,22737,RIBBON REEL CHRISTMAS PRESENT ,其他,中价格带,1.65
1459,22738,RIBBON REEL SNOWY VILLAGE,其他,中价格带,1.65
1460,22739,RIBBON REEL CHRISTMAS SOCK BAUBLE,其他,中价格带,1.65
1461,22740,POLKADOT PEN,其他,低价格带,0.85
1462,22741,FUNKY DIVA PEN,其他,低价格带,0.85
1463,22742,MAKE YOUR OWN PLAYTIME CARD KIT,文具礼品,中价格带,2.95
1464,22743,MAKE YOUR OWN FLOWERPOWER CARD KIT,园艺户外,中价格带,2.95
1465,22744,MAKE YOUR OWN MONSOON CARD KIT,文具礼品,中价格带,2.95
1466,22745,POPPY'S PLAYHOUSE BEDROOM ,其他,中价格带,2.1
1467,22746,POPPY'S PLAYHOUSE LIVINGROOM ,其他,中价格带,2.1
1468,22747,POPPY'S PLAYHOUSE BATHROOM,卫浴清洁,中价格带,2.1
1469,22748,POPPY'S PLAYHOUSE KITCHEN,厨房餐饮,中价格带,2.1
1470,22749,FELTCRAFT PRINCESS CHARLOTTE DOLL,玩具游戏,高价格带,3.75
1471,22750,FELTCRAFT PRINCESS LOLA DOLL,玩具游戏,高价格带,3.75
1472,22751,FELTCRAFT PRINCESS OLIVIA DOLL,玩具游戏,高价格带,3.75
1473,22752,SET 7 BABUSHKA NESTING BOXES,收纳储物,高价格带,8.5
1474,22753,SMALL YELLOW BABUSHKA NOTEBOOK ,文具礼品,低价格带,0.85
1475,22754,SMALL RED BABUSHKA NOTEBOOK ,文具礼品,低价格带,0.85
1476,22755,SMALL PURPLE BABUSHKA NOTEBOOK ,文具礼品,低价格带,0.85
1477,22756,LARGE YELLOW BABUSHKA NOTEBOOK ,文具礼品,低价格带,1.25
1478,22757,LARGE RED BABUSHKA NOTEBOOK ,文具礼品,低价格带,1.25
1479,22758,LARGE PURPLE BABUSHKA NOTEBOOK  ,文具礼品,低价格带,1.25
1480,22759,SET OF 3 NOTEBOOKS IN PARCEL,文具礼品,中价格带,1.65
1481,22760,"TRAY, BREAKFAST IN BED",其他,高价格带,12.75
1482,22761,CHEST 7 DRAWER MA CAMPAGNE,收纳储物,高价格带,24.95
1483,22762,CUPBOARD 3 DRAWER MA CAMPAGNE,厨房餐饮,高价格带,14.95
1484,22763,KEY CABINET MA CAMPAGNE,收纳储物,高价格带,9.95
1485,22766,PHOTO FRAME CORNICE,家居装饰,中价格带,2.95
1486,22767,TRIPLE PHOTO FRAME CORNICE ,家居装饰,高价格带,9.95
1487,22768,FAMILY PHOTO FRAME CORNICE,家居装饰,高价格带,9.95
1488,22770,MIRROR CORNICE,家居装饰,高价格带,14.95
1489,22771,CLEAR DRAWER KNOB ACRYLIC EDWARDIAN,收纳储物,低价格带,1.25
1490,22772,PINK DRAWER KNOB ACRYLIC EDWARDIAN,收纳储物,低价格带,1.25
1491,22773,GREEN DRAWER KNOB ACRYLIC EDWARDIAN,收纳储物,低价格带,1.25
1492,22774,RED DRAWER KNOB ACRYLIC EDWARDIAN,收纳储物,低价格带,1.25
1493,22775,PURPLE DRAWERKNOB ACRYLIC EDWARDIAN,收纳储物,低价格带,1.25
1494,22776,SWEETHEART CAKESTAND 3 TIER,家居装饰,高价格带,9.95
1495,22777,GLASS CLOCHE LARGE,其他,高价格带,8.5
1496,22778,GLASS CLOCHE SMALL,其他,高价格带,3.67
1497,22779,WOODEN OWLS LIGHT GARLAND ,灯烛照明,高价格带,4.25
1498,22780,LIGHT GARLAND BUTTERFILES PINK,灯烛照明,高价格带,4.25
1499,22781,GUMBALL MAGAZINE RACK,其他,高价格带,7.65
1500,22782,SET 3 WICKER STORAGE BASKETS ,收纳储物,高价格带,24.95
1501,22783,SET 3 WICKER OVAL BASKETS W LIDS,收纳储物,高价格带,19.95
1502,22784,LANTERN CREAM GAZEBO ,灯烛照明,高价格带,4.95
1503,22785,SQUARECUSHION COVER PINK UNION FLAG,家居装饰,高价格带,6.75
1504,22786,CUSHION COVER PINK UNION JACK,家居装饰,高价格带,5.95
1505,22788,BROCANTE COAT RACK,其他,高价格带,9.95
1506,22789,T-LIGHT HOLDER SWEETHEART HANGING,灯烛照明,中价格带,1.95
1507,22791,T-LIGHT GLASS FLUTED ANTIQUE,灯烛照明,低价格带,1.25
1508,22792,FLUTED ANTIQUE CANDLE HOLDER,灯烛照明,低价格带,0.85
1509,22794,SWEETHEART WIRE MAGAZINE RACK,家居装饰,高价格带,7.95
1510,22795,SWEETHEART RECIPE BOOK STAND,厨房餐饮,高价格带,6.75
1511,22796,PHOTO FRAME 3 CLASSIC HANGING,家居装饰,高价格带,9.95
1512,22797,CHEST OF DRAWERS GINGHAM HEART ,收纳储物,高价格带,16.95
1513,22798,ANTIQUE GLASS DRESSING TABLE POT,服饰配饰,中价格带,2.95
1514,22799,SWEETHEART WIRE FRUIT BOWL,厨房餐饮,高价格带,8.5
1515,22800,ANTIQUE TALL SWIRLGLASS TRINKET POT,其他,高价格带,3.75
1516,22801,ANTIQUE GLASS PEDESTAL BOWL,厨房餐饮,高价格带,3.75
1517,22802,FAUX FUR CHOCOLATE THROW,其他,高价格带,19.95
1518,22803,IVORY EMBROIDERED QUILT ,其他,高价格带,37.85
1519,22804,CANDLEHOLDER PINK HANGING HEART,灯烛照明,中价格带,2.95
1520,22805,BLUE DRAWER KNOB ACRYLIC EDWARDIAN,收纳储物,低价格带,1.25
1521,22806,SET OF 6 T-LIGHTS WEDDING CAKE ,灯烛照明,中价格带,2.95
1522,22807,SET OF 6 T-LIGHTS TOADSTOOLS,灯烛照明,中价格带,2.95
1523,22808,SET OF 6 T-LIGHTS EASTER CHICKS,灯烛照明,中价格带,2.95
1524,22809,SET OF 6 T-LIGHTS SANTA,灯烛照明,中价格带,2.95
1525,22810,SET OF 6 T-LIGHTS SNOWMEN,灯烛照明,中价格带,2.95
1526,22811,SET OF 6 T-LIGHTS CACTI ,灯烛照明,中价格带,2.69
1527,22812,PACK 3 BOXES CHRISTMAS PANNETONE,收纳储物,中价格带,1.95
1528,22813,PACK 3 BOXES BIRD PANNETONE ,收纳储物,中价格带,1.95
1529,22814,CARD PARTY GAMES ,玩具游戏,低价格带,0.42
1530,22815,CARD PSYCHEDELIC APPLES,文具礼品,低价格带,0.42
1531,22816,CARD MOTORBIKE SANTA,文具礼品,低价格带,0.42
1532,22817,CARD SUKI BIRTHDAY,文具礼品,低价格带,0.42
1533,22818,CARD CHRISTMAS VILLAGE,文具礼品,低价格带,0.42
1534,22819,"BIRTHDAY CARD, RETRO SPOT",文具礼品,低价格带,0.42
1535,22820,GIFT BAG BIRTHDAY,文具礼品,低价格带,0.65
1536,22821,GIFT BAG PSYCHEDELIC APPLES,文具礼品,低价格带,0.65
1537,22822,CREAM WALL PLANTER HEART SHAPED,园艺户外,高价格带,5.95
1538,22824,3 TIER SWEETHEART GARDEN SHELF,园艺户外,高价格带,35.95
1539,22825,DECORATIVE PLANT POT WITH FRIEZE,园艺户外,高价格带,7.95
1540,22826,LOVE SEAT ANTIQUE WHITE METAL,其他,高价格带,85.0
1541,22827,RUSTIC  SEVENTEEN DRAWER SIDEBOARD,收纳储物,高价格带,165.0
1542,22828,REGENCY MIRROR WITH SHUTTERS,家居装饰,高价格带,165.0
1543,22829,SWEETHEART WIRE WALL TIDY,家居装饰,高价格带,9.95
1544,22831,WHITE BROCANTE SOAP DISH,厨房餐饮,中价格带,2.95
1545,22832,BROCANTE SHELF WITH HOOKS,家居装饰,高价格带,10.75
1546,22834,HAND WARMER BABUSHKA DESIGN,卫浴清洁,中价格带,2.1
1547,22835,HOT WATER BOTTLE I AM SO POORLY,厨房餐饮,高价格带,4.95
1548,22837,HOT WATER BOTTLE BABUSHKA ,厨房餐饮,高价格带,4.65
1549,22838,3 TIER CAKE TIN RED AND CREAM,其他,高价格带,14.95
1550,22839,3 TIER CAKE TIN GREEN AND CREAM,其他,高价格带,14.95
1551,22840,ROUND CAKE TIN VINTAGE RED,文具礼品,高价格带,7.95
1552,22841,ROUND CAKE TIN VINTAGE GREEN,文具礼品,高价格带,7.95
1553,22842,BISCUIT TIN VINTAGE RED,文具礼品,高价格带,6.75
1554,22843,BISCUIT TIN VINTAGE GREEN,文具礼品,高价格带,6.75
1555,22844,VINTAGE CREAM DOG FOOD CONTAINER,文具礼品,高价格带,8.5
1556,22845,VINTAGE CREAM CAT FOOD CONTAINER,文具礼品,高价格带,6.35
1557,22846,BREAD BIN DINER STYLE RED ,其他,高价格带,16.95
1558,22847,BREAD BIN DINER STYLE IVORY,其他,高价格带,16.95
1559,22848,BREAD BIN DINER STYLE PINK,其他,高价格带,16.95
1560,22849,BREAD BIN DINER STYLE MINT,其他,高价格带,16.95
1561,22851,SET 20 NAPKINS FAIRY CAKES DESIGN ,其他,低价格带,0.85
1562,22852,DOG BOWL VINTAGE CREAM,厨房餐饮,高价格带,4.25
1563,22853,CAT BOWL VINTAGE CREAM,厨房餐饮,高价格带,3.25
1564,22854,CREAM SWEETHEART EGG HOLDER,家居装饰,高价格带,4.95
1565,22855,FINE WICKER HEART ,家居装饰,低价格带,1.25
1566,22856,ASSORTED EASTER DECORATIONS  BELLS,家居装饰,低价格带,1.25
1567,22857,ASSORTED EASTER GIFT TAGS,文具礼品,低价格带,0.85
1568,22858,EASTER TIN KEEPSAKE,其他,中价格带,1.65
1569,22859,EASTER TIN BUNNY BOUQUET,其他,中价格带,1.65
1570,22860,EASTER TIN CHICKS PINK DAISY,其他,中价格带,1.65
1571,22861,EASTER TIN CHICKS IN GARDEN,园艺户外,中价格带,1.65
1572,22862,LOVE HEART NAPKIN BOX ,收纳储物,高价格带,4.25
1573,22863,SOAP DISH BROCANTE,厨房餐饮,中价格带,2.95
1574,22865,HAND WARMER OWL DESIGN,卫浴清洁,中价格带,2.1
1575,22866,HAND WARMER SCOTTY DOG DESIGN,卫浴清洁,中价格带,2.1
1576,22867,HAND WARMER BIRD DESIGN,卫浴清洁,中价格带,2.1
1577,22868,NUMBER TILE COTTAGE GARDEN 0 ,园艺户外,中价格带,1.95
1578,22869,NUMBER TILE COTTAGE GARDEN 1,园艺户外,中价格带,1.95
1579,22870,NUMBER TILE COTTAGE GARDEN 2,园艺户外,中价格带,1.95
1580,22872,NUMBER TILE COTTAGE GARDEN 4,园艺户外,中价格带,1.95
1581,22874,NUMBER TILE COTTAGE GARDEN 6,园艺户外,中价格带,1.95
1582,22875,NUMBER TILE COTTAGE GARDEN 7,园艺户外,中价格带,1.95
1583,22878,NUMBER TILE COTTAGE GARDEN No,园艺户外,中价格带,2.1
1584,22880,NUMBER TILE VINTAGE FONT 1,文具礼品,中价格带,1.95
1585,22883,NUMBER TILE VINTAGE FONT 4,文具礼品,中价格带,1.95
1586,22884,NUMBER TILE VINTAGE FONT 5,文具礼品,中价格带,1.95
1587,22885,NUMBER TILE VINTAGE FONT 6 ,文具礼品,中价格带,1.95
1588,22887,NUMBER TILE VINTAGE FONT 8,文具礼品,低价格带,0.42
1589,22888,NUMBER TILE VINTAGE FONT 9 ,文具礼品,低价格带,0.42
1590,22890,NOVELTY BISCUITS CAKE STAND 3 TIER,其他,高价格带,9.95
1591,22891,TEA FOR ONE POLKADOT,厨房餐饮,高价格带,4.25
1592,22892,SET OF SALT AND PEPPER TOADSTOOLS,其他,低价格带,1.25
1593,22893,MINI CAKE STAND T-LIGHT HOLDER,灯烛照明,低价格带,0.42
1594,22894,TABLECLOTH RED APPLES DESIGN ,其他,高价格带,9.95
1595,22895,SET OF 2 TEA TOWELS APPLE AND PEARS,厨房餐饮,高价格带,3.1
1596,22896,PEG BAG APPLES DESIGN,服饰配饰,中价格带,2.55
1597,22897,OVEN MITT APPLES DESIGN,其他,中价格带,1.45
1598,22898,CHILDRENS APRON APPLES DESIGN,服饰配饰,中价格带,1.95
1599,22899,CHILDREN'S APRON DOLLY GIRL ,玩具游戏,中价格带,2.1
1600,22900,SET 2 TEA TOWELS I LOVE LONDON ,厨房餐饮,高价格带,3.25
1601,22902,TOTE BAG I LOVE LONDON,服饰配饰,中价格带,2.1
1602,22903,CALENDAR FAMILY FAVOURITES,其他,中价格带,2.95
1603,22904,CALENDAR PAPER CUT DESIGN,其他,中价格带,2.95
1604,22905,CALENDAR IN SEASON DESIGN,其他,中价格带,2.95
1605,22906,12 MESSAGE CARDS WITH ENVELOPES,文具礼品,中价格带,1.65
1606,22907,PACK OF 20 NAPKINS PANTRY DESIGN,其他,低价格带,0.85
1607,22908,PACK OF 20 NAPKINS RED APPLES,其他,低价格带,0.85
1608,22909,SET OF 20 VINTAGE CHRISTMAS NAPKINS,文具礼品,低价格带,0.85
1609,22910,PAPER CHAIN KIT VINTAGE CHRISTMAS,文具礼品,中价格带,2.95
1610,22911,PAPER CHAIN KIT LONDON,其他,中价格带,2.95
1611,22912,YELLOW COAT RACK PARIS FASHION,其他,高价格带,4.95
1612,22913,RED COAT RACK PARIS FASHION,其他,高价格带,4.95
1613,22914,BLUE COAT RACK PARIS FASHION,其他,高价格带,4.95
1614,22915,ASSORTED BOTTLE TOP  MAGNETS ,厨房餐饮,低价格带,0.42
1615,22916,HERB MARKER THYME,园艺户外,低价格带,0.65
1616,22917,HERB MARKER ROSEMARY,园艺户外,低价格带,0.65
1617,22918,HERB MARKER PARSLEY,园艺户外,低价格带,0.65
1618,22919,HERB MARKER MINT,园艺户外,低价格带,0.65
1619,22920,HERB MARKER BASIL,园艺户外,低价格带,0.65
1620,22921,HERB MARKER CHIVES ,园艺户外,低价格带,0.65
1621,22922,FRIDGE MAGNETS US DINER ASSORTED,家居装饰,低价格带,0.85
1622,22923,FRIDGE MAGNETS LES ENFANTS ASSORTED,家居装饰,低价格带,0.85
1623,22924,FRIDGE MAGNETS LA VIE EN ROSE,家居装饰,低价格带,0.85
1624,22925,BLUE GIANT GARDEN THERMOMETER,园艺户外,高价格带,5.95
1625,22926,IVORY GIANT GARDEN THERMOMETER,园艺户外,高价格带,5.95
1626,22927,GREEN GIANT GARDEN THERMOMETER,园艺户外,高价格带,5.95
1627,22928,YELLOW GIANT GARDEN THERMOMETER,园艺户外,高价格带,5.95
1628,22929,SCHOOL DESK AND CHAIR ,其他,高价格带,65.0
1629,22930,BAKING MOULD HEART MILK CHOCOLATE,厨房餐饮,中价格带,2.55
1630,22931,BAKING MOULD HEART WHITE CHOCOLATE,厨房餐饮,中价格带,2.55
1631,22932,BAKING MOULD TOFFEE CUP CHOCOLATE,厨房餐饮,中价格带,2.55
1632,22933,BAKING MOULD EASTER EGG MILK CHOC,厨房餐饮,中价格带,2.95
1633,22934,BAKING MOULD EASTER EGG WHITE CHOC,厨房餐饮,中价格带,2.95
1634,22935,BAKING MOULD ROSE MILK CHOCOLATE,厨房餐饮,高价格带,3.25
1635,22936,BAKING MOULD ROSE WHITE CHOCOLATE,厨房餐饮,高价格带,3.25
1636,22937,BAKING MOULD CHOCOLATE CUPCAKES,厨房餐饮,中价格带,2.55
1637,22938,CUPCAKE LACE PAPER SET 6,厨房餐饮,中价格带,1.95
1638,22939,APRON APPLE DELIGHT,灯烛照明,高价格带,4.95
1639,22940,FELTCRAFT CHRISTMAS FAIRY,其他,高价格带,4.25
1640,22941,CHRISTMAS LIGHTS 10 REINDEER,灯烛照明,高价格带,8.5
1641,22942,CHRISTMAS LIGHTS 10 SANTAS ,灯烛照明,高价格带,8.5
1642,22943,CHRISTMAS LIGHTS 10 VINTAGE BAUBLES,灯烛照明,高价格带,4.95
1643,22944,CHRISTMAS METAL POSTCARD WITH BELLS,文具礼品,低价格带,0.39
1644,22945,CHRISTMAS METAL TAGS ASSORTED ,文具礼品,低价格带,0.85
1645,22946,WOODEN ADVENT CALENDAR CREAM,其他,高价格带,16.95
1646,22947,WOODEN ADVENT CALENDAR RED,其他,高价格带,7.95
1647,22948,METAL DECORATION NAUGHTY CHILDREN ,家居装饰,低价格带,0.85
1648,22949,36 DOILIES DOLLY GIRL,玩具游戏,中价格带,1.45
1649,22950,36 DOILIES VINTAGE CHRISTMAS,文具礼品,中价格带,1.45
1650,22951,60 CAKE CASES DOLLY GIRL DESIGN,玩具游戏,低价格带,0.55
1651,22952,60 CAKE CASES VINTAGE CHRISTMAS,文具礼品,低价格带,0.55
1652,22953,BIRTHDAY PARTY CORDON BARRIER TAPE,其他,低价格带,1.25
1653,22954,HEN PARTY CORDON BARRIER TAPE,其他,低价格带,1.25
1654,22955,36 FOIL STAR CAKE CASES ,其他,中价格带,2.1
1655,22956,36 FOIL HEART CAKE CASES,家居装饰,中价格带,2.1
1656,22957,SET 3 PAPER VINTAGE CHICK PAPER EGG,文具礼品,中价格带,2.95
1657,22959,WRAP CHRISTMAS VILLAGE,文具礼品,低价格带,0.42
1658,22960,JAM MAKING SET WITH JARS,收纳储物,高价格带,4.25
1659,22961,JAM MAKING SET PRINTED,其他,中价格带,1.45
1660,22962,JAM JAR WITH PINK LID,收纳储物,低价格带,0.85
1661,22963,JAM JAR WITH GREEN LID,收纳储物,低价格带,0.85
1662,22964,3 PIECE SPACEBOY COOKIE CUTTER SET,厨房餐饮,中价格带,2.1
1663,22965,3 TRADITIONAl BISCUIT CUTTERS  SET,其他,中价格带,2.1
1664,22966,GINGERBREAD MAN COOKIE CUTTER,厨房餐饮,低价格带,1.25
1665,22967,SET 3 SONG BIRD PAPER EGGS ASSORTED,其他,中价格带,2.95
1666,22968,ROSE COTTAGE KEEPSAKE BOX ,收纳储物,高价格带,9.95
1667,22969,HOMEMADE JAM SCENTED CANDLES,灯烛照明,中价格带,1.45
1668,22970,LONDON BUS COFFEE MUG,厨房餐饮,中价格带,2.55
1669,22971,QUEENS GUARD COFFEE MUG,厨房餐饮,中价格带,2.55
1670,22972,CHILDREN'S SPACEBOY MUG,厨房餐饮,中价格带,1.65
1671,22973,CHILDREN'S CIRCUS PARADE MUG,厨房餐饮,中价格带,1.65
1672,22974,CHILDRENS DOLLY GIRL MUG,厨房餐饮,中价格带,1.65
1673,22975,SPACEBOY CHILDRENS EGG CUP,厨房餐饮,低价格带,1.25
1674,22976,CIRCUS PARADE CHILDRENS EGG CUP ,厨房餐饮,低价格带,1.25
1675,22977,DOLLY GIRL CHILDRENS EGG CUP,厨房餐饮,低价格带,1.25
1676,22978,PANTRY ROLLING PIN,其他,高价格带,3.75
1677,22979,PANTRY WASHING UP BRUSH,卫浴清洁,中价格带,1.45
1678,22980,PANTRY SCRUBBING BRUSH,其他,中价格带,1.65
1679,22981,PANTRY APPLE CORER,其他,中价格带,1.45
1680,22982,PANTRY PASTRY BRUSH,其他,低价格带,1.25
1681,22983,CARD BILLBOARD FONT,文具礼品,低价格带,0.42
1682,22984,CARD GINGHAM ROSE ,文具礼品,低价格带,0.42
1683,22985,WRAP BILLBOARD FONTS DESIGN,文具礼品,低价格带,0.42
1684,22986,WRAP GINGHAM ROSE ,文具礼品,低价格带,0.42
1685,22988,SOLDIERS EGG CUP ,厨房餐饮,低价格带,1.25
1686,22989,SET 2 PANTRY DESIGN TEA TOWELS,厨房餐饮,高价格带,3.25
1687,22990,COTTON APRON PANTRY DESIGN,服饰配饰,高价格带,4.95
1688,22991,GIRAFFE WOODEN RULER,文具礼品,中价格带,1.95
1689,22992,REVOLVER WOODEN RULER ,文具礼品,中价格带,1.95
1690,22993,SET OF 4 PANTRY JELLY MOULDS,其他,低价格带,1.25
1691,22994,TRAVEL CARD WALLET RETROSPOT,文具礼品,低价格带,0.42
1692,22995,TRAVEL CARD WALLET SUKI,文具礼品,低价格带,0.42
1693,22996,TRAVEL CARD WALLET VINTAGE TICKET,文具礼品,低价格带,0.42
1694,22997,TRAVEL CARD WALLET UNION JACK,文具礼品,低价格带,0.42
1695,22998,TRAVEL CARD WALLET KEEP CALM,文具礼品,低价格带,0.42
1696,22999,TRAVEL CARD WALLET VINTAGE LEAF,文具礼品,低价格带,0.42
1697,23000,TRAVEL CARD WALLET TRANSPORT,文具礼品,低价格带,0.42
1698,23002,TRAVEL CARD WALLET SKULLS,文具礼品,低价格带,0.42
1699,23003,TRAVEL CARD WALLET VINTAGE ROSE ,文具礼品,低价格带,0.42
1700,23004,TRAVEL CARD WALLET PANTRY,文具礼品,低价格带,0.42
1701,23005,TRAVEL CARD WALLET I LOVE LONDON,文具礼品,低价格带,0.42
1702,23006,TRAVEL CARD WALLET FLOWER MEADOW,园艺户外,低价格带,0.42
1703,23007, SPACEBOY BABY GIFT SET,文具礼品,高价格带,16.95
1704,23008,DOLLY GIRL BABY GIFT SET,玩具游戏,高价格带,16.95
1705,23009,I LOVE LONDON BABY GIFT SET,文具礼品,高价格带,15.95
1706,23010,CIRCUS PARADE BABY GIFT SET,文具礼品,高价格带,16.95
1707,23012,GLASS APOTHECARY BOTTLE PERFUME,厨房餐饮,高价格带,3.95
1708,23013,GLASS APOTHECARY BOTTLE TONIC,厨房餐饮,高价格带,3.95
1709,23014,GLASS APOTHECARY BOTTLE ELIXIR,厨房餐饮,高价格带,3.95
1710,23015,CORDIAL GLASS JUG,厨房餐饮,高价格带,8.25
1711,23016,GLASS TWIST BON BON JAR,收纳储物,高价格带,7.85
1712,23017,APOTHECARY MEASURING JAR,收纳储物,高价格带,11.15
1713,23019,SMALL APOTHECARY MEASURING JAR ,收纳储物,高价格带,8.25
1714,23020,GLASS  SONGBIRD STORAGE JAR,收纳储物,高价格带,12.5
1715,23021,GLASS BONNE JAM JAR,收纳储物,高价格带,4.15
1716,23022,SMALL BONNE JAM JAR  T-LIGHT HOLDER,收纳储物,中价格带,2.08
1717,23023,RIDGED BONNE JAM JAR T-LIGHT HOLDER,收纳储物,中价格带,1.55
1718,23024,LARGE BONNE JAM JAR  T-LIGHT HOLDER,收纳储物,中价格带,2.89
1719,23025,DRAWER KNOB VINTAGE GLASS BALL,收纳储物,中价格带,2.08
1720,23026,DRAWER KNOB VINTAGE GLASS STAR,收纳储物,中价格带,2.08
1721,23027,DRAWER KNOB VINTAGE GLASS HEXAGON,收纳储物,中价格带,2.08
1722,23028,DRAWER KNOB CRACKLE GLAZE BLUE,收纳储物,中价格带,1.65
1723,23029,DRAWER KNOB CRACKLE GLAZE GREEN,收纳储物,中价格带,1.65
1724,23031,DRAWER KNOB CRACKLE GLAZE PINK,收纳储物,中价格带,1.65
1725,23032,DRAWER KNOB CRACKLE GLAZE IVORY,收纳储物,中价格带,1.65
1726,23033,DRAWER KNOB CERAMIC RED,收纳储物,中价格带,1.45
1727,23034,DRAWER KNOB CERAMIC BLACK,收纳储物,中价格带,1.45
1728,23035,DRAWER KNOB CERAMIC IVORY,收纳储物,中价格带,1.45
1729,23036,T-LIGHT HOLDER SILVER PETIT FOUR ,灯烛照明,低价格带,1.25
1730,23037,CANDLE HOLDER SILVER MADELINE,灯烛照明,中价格带,1.65
1731,23038,T-LIGHT HOLDER SILVER SAUCER,灯烛照明,低价格带,0.83
1732,23039,T-LIGHT HOLDER SILVER HEART HANDLE,灯烛照明,中价格带,1.95
1733,23040,PAPER LANTERN 9 POINT SNOW STAR ,灯烛照明,高价格带,5.75
1734,23041,PAPER LANTERN 6 POINT SNOW STAR,灯烛照明,高价格带,4.15
1735,23042,PAPER LANTERN 7 POINT SNOW STAR,灯烛照明,高价格带,6.65
1736,23043,PAPER LANTERN 9 POINT HOLLY STAR L,灯烛照明,高价格带,6.25
1737,23044,PAPER LANTERN 9 POINT HOLLY STAR S,灯烛照明,高价格带,4.15
1738,23045,PAPER LANTERN 5 POINT STAR MOON ,灯烛照明,高价格带,4.15
1739,23046,PAPER LANTERN 9 POINT DELUXE STAR,灯烛照明,高价格带,6.65
1740,23047,PAPER LANTERN 5 POINT SEQUIN STAR,灯烛照明,高价格带,5.75
1741,23048,SET OF 10 LANTERNS FAIRY LIGHT STAR,灯烛照明,高价格带,4.15
1742,23049,RECYCLED ACAPULCO MAT RED,其他,高价格带,8.25
1743,23050,RECYCLED ACAPULCO MAT GREEN,其他,高价格带,8.25
1744,23051,RECYCLED ACAPULCO MAT BLUE,其他,高价格带,8.25
1745,23052,RECYCLED ACAPULCO MAT TURQUOISE,其他,高价格带,8.25
1746,23053,RECYCLED ACAPULCO MAT PINK,其他,高价格带,8.25
1747,23054,RECYCLED ACAPULCO MAT LAVENDER,其他,高价格带,8.25
1748,23055,IVORY CHANDELIER T-LIGHT HOLDER,灯烛照明,高价格带,6.25
1749,23056,FLOWERS CHANDELIER T-LIGHT HOLDER,灯烛照明,高价格带,6.25
1750,23057,BEADED CHANDELIER T-LIGHT HOLDER,灯烛照明,高价格带,4.95
1751,23058,CHRISTMAS HANGING SNOWFLAKE,其他,低价格带,0.79
1752,23060,HEART BEADED TRELLIS DECORATION,家居装饰,中价格带,2.08
1753,23061,VINTAGE EMBOSSED HEART,文具礼品,低价格带,1.25
1754,23064,CINDERELLA CHANDELIER ,其他,高价格带,49.95
1755,23065,LARGE DECO JEWELLERY STAND,服饰配饰,高价格带,12.5
1756,23066,SMALL DECO JEWELLERY STAND,服饰配饰,高价格带,8.25
1757,23067,HANGING ENGRAVED METAL HEART,家居装饰,高价格带,4.15
1758,23068,ALUMINIUM STAMPED HEART,文具礼品,中价格带,2.49
1759,23069,EDWARDIAN PHOTO FRAME,家居装饰,高价格带,6.25
1760,23071,MARIE ANTOINETTE TRINKET BOX GOLD,收纳储物,高价格带,12.5
1761,23072,MARIE ANTOINETTE TRINKET BOX SILVER,收纳储物,高价格带,7.75
1762,23073,GEORGIAN TRINKET BOX,收纳储物,高价格带,12.5
1763,23074,EMBOSSED HEART TRINKET BOX,收纳储物,中价格带,2.08
1764,23075,PARLOUR CERAMIC WALL HOOK,家居装饰,高价格带,4.15
1765,23076,ICE CREAM SUNDAE LIP GLOSS,其他,低价格带,1.25
1766,23077,DOUGHNUT LIP GLOSS ,其他,低价格带,1.25
1767,23078,ICE CREAM PEN LIP GLOSS ,其他,低价格带,1.25
1768,23079,TOADSTOOL BEDSIDE LIGHT ,灯烛照明,高价格带,8.95
1769,23080,RED METAL BOX TOP SECRET,收纳储物,高价格带,8.25
1770,23081,GREEN METAL BOX ARMY SUPPLIES,收纳储物,高价格带,8.25
1771,23082,SET 6 PAPER TABLE LANTERN HEARTS ,灯烛照明,高价格带,3.75
1772,23083,SET 6 PAPER TABLE LANTERN STARS ,灯烛照明,高价格带,3.75
1773,23084,RABBIT NIGHT LIGHT,灯烛照明,中价格带,2.08
1774,23085,ANTIQUE SILVER BAUBLE LAMP  ,灯烛照明,高价格带,10.4
1775,23086,ZINC  STAR T-LIGHT HOLDER ,灯烛照明,低价格带,1.25
1776,23087,ZINC  HEART T-LIGHT HOLDER,灯烛照明,低价格带,1.15
1777,23088,ZINC HEART FLOWER T-LIGHT HOLDER,灯烛照明,低价格带,1.25
1778,23089,GLASS BON BON JAR,收纳储物,中价格带,1.65
1779,23090,VINTAGE GLASS T-LIGHT HOLDER,灯烛照明,低价格带,0.83
1780,23091,ZINC HERB GARDEN CONTAINER,园艺户外,高价格带,6.25
1781,23092,LARGE ANTIQUE WHITE PHOTO FRAME,家居装饰,高价格带,7.9
1782,23093,SMALL PARISIENNE HEART PHOTO FRAME ,家居装饰,中价格带,2.49
1783,23094,LE GRAND TRAY CHIC SET,其他,高价格带,12.5
1784,23096,PETIT TRAY CHIC,其他,中价格带,1.65
1785,23099,FRENCH CARRIAGE LANTERN,灯烛照明,高价格带,6.65
1786,23100,SILVER BELLS TABLE DECORATION,家居装饰,低价格带,1.25
1787,23101,SILVER STARS TABLE DECORATION,家居装饰,低价格带,0.83
1788,23102,SILVER HEARTS TABLE DECORATION,家居装饰,低价格带,0.83
1789,23103,JINGLE BELL HEART DECORATION,家居装饰,中价格带,1.65
1790,23104,IVORY CAFE HANGING LAMP ,灯烛照明,高价格带,12.5
1791,23106,ZINC HEARTS PLANT POT HOLDER,园艺户外,中价格带,2.89
1792,23107,WHITE HEARTS WIRE PLANT POT HOLDER,园艺户外,中价格带,2.89
1793,23108,SET OF 10 LED DOLLY LIGHTS,灯烛照明,高价格带,6.25
1794,23109,PACK OF SIX LED TEA LIGHTS,厨房餐饮,中价格带,2.89
1795,23110,PARISIENNE KEY CABINET ,收纳储物,高价格带,5.75
1796,23111,PARISIENNE SEWING BOX,收纳储物,高价格带,12.5
1797,23112,PARISIENNE CURIO CABINET,收纳储物,高价格带,7.5
1798,23113,PANTRY CHOPPING BOARD,其他,高价格带,4.95
1799,23114,VINTAGE LEAF CHOPPING BOARD  ,文具礼品,高价格带,4.95
1800,23115,RED APPLES CHOPPING BOARD   ,其他,高价格带,4.95
1801,23117,POPPY FIELDS CHOPPING BOARD,其他,高价格带,4.95
1802,23118,PARISIENNE JEWELLERY DRAWER ,收纳储物,高价格带,7.5
1803,23119,PACK OF 6 LARGE FRUIT STRAWS ,其他,低价格带,0.62
1804,23120,PACK OF 6 SMALL FRUIT STRAWS,其他,低价格带,0.42
1805,23121,PACK OF 6 COCKTAIL PARASOL STRAWS,园艺户外,低价格带,0.42
1806,23122,PARTY CHARMS 50 PIECES,服饰配饰,低价格带,0.83
1807,23123,COCKTAIL SWORDS 50 PIECES,其他,低价格带,0.83
1808,23124,18PC WOODEN CUTLERY SET DISPOSABLE,厨房餐饮,低价格带,1.25
1809,23125,6PC WOOD PLATE SET DISPOSABLE,厨房餐饮,低价格带,1.25
1810,23126,FELTCRAFT GIRL AMELIE KIT,其他,高价格带,4.95
1811,23127,FELTCRAFT GIRL NICOLE KIT,其他,高价格带,4.95
1812,23128,FELTCRAFT BOY JEAN-PAUL KIT,其他,高价格带,4.95
1813,23129,HEART SHAPED HOLLY WREATH,家居装饰,高价格带,4.15
1814,23130,MISTLETOE HEART WREATH GREEN,家居装饰,高价格带,4.15
1815,23131,MISTLETOE HEART WREATH CREAM,家居装饰,高价格带,4.15
1816,23132,SMALL IVORY HEART WALL ORGANISER,收纳储物,高价格带,5.75
1817,23133,LARGE IVORY HEART WALL ORGANISER,收纳储物,高价格带,8.25
1818,23134,LARGE ZINC HEART WALL ORGANISER,收纳储物,高价格带,8.25
1819,23135,SMALL ZINC HEART WALL ORGANISER,收纳储物,高价格带,5.35
1820,23136,IVORY WIRE SWEETHEART LETTER TRAY,文具礼品,高价格带,3.52
1821,23137,ZINC WIRE SWEETHEART LETTER TRAY,文具礼品,中价格带,2.5
1822,23138,SINGLE WIRE HOOK IVORY HEART,家居装饰,中价格带,1.45
1823,23139,SINGLE WIRE HOOK PINK HEART,家居装饰,中价格带,1.45
1824,23140,TRIPLE WIRE HOOK IVORY HEART,家居装饰,高价格带,4.15
1825,23142,IVORY WIRE KITCHEN ORGANISER,厨房餐饮,高价格带,10.4
1826,23143,ZINC WIRE KITCHEN ORGANISER,厨房餐饮,高价格带,10.4
1827,23144,ZINC T-LIGHT HOLDER STARS SMALL,灯烛照明,低价格带,0.83
1828,23145,ZINC T-LIGHT HOLDER STAR LARGE,灯烛照明,低价格带,0.95
1829,23146,TRIPLE HOOK ANTIQUE IVORY ROSE,家居装饰,高价格带,3.29
1830,23147,SINGLE ANTIQUE ROSE HOOK IVORY,家居装饰,中价格带,1.45
1831,23148,MINIATURE ANTIQUE ROSE HOOK IVORY,家居装饰,低价格带,0.83
1832,23150,IVORY SWEETHEART SOAP DISH,厨房餐饮,中价格带,2.49
1833,23151,ZINC SWEETHEART SOAP DISH,厨房餐饮,中价格带,2.49
1834,23152,IVORY SWEETHEART WIRE LETTER RACK ,文具礼品,高价格带,3.75
1835,23153,ZINC SWEETHEART WIRE LETTER RACK,文具礼品,高价格带,3.75
1836,23154,SET OF 4 JAM JAR MAGNETS,收纳储物,中价格带,2.08
1837,23155,KNICKERBOCKERGLORY MAGNET ASSORTED ,家居装饰,低价格带,0.83
1838,23156,SET OF 5 MINI GROCERY MAGNETS,家居装饰,中价格带,2.08
1839,23157,SET OF 6 NATIVITY MAGNETS ,家居装饰,中价格带,2.08
1840,23158,SET OF 5 LUCKY CAT MAGNETS ,家居装饰,中价格带,2.08
1841,23159,SET OF 5 PANCAKE DAY MAGNETS,家居装饰,中价格带,2.08
1842,23160,REGENCY TEA SPOON,厨房餐饮,低价格带,1.25
1843,23161,REGENCY CAKE FORK,其他,低价格带,1.25
1844,23162,REGENCY TEA STRAINER,厨房餐饮,高价格带,3.75
1845,23163,REGENCY SUGAR TONGS,其他,中价格带,2.49
1846,23164,REGENCY CAKE SLICE,其他,高价格带,4.95
1847,23165,LARGE CERAMIC TOP STORAGE JAR,收纳储物,中价格带,1.65
1848,23166,MEDIUM CERAMIC TOP STORAGE JAR,收纳储物,低价格带,1.25
1849,23167,SMALL CERAMIC TOP STORAGE JAR ,收纳储物,低价格带,0.83
1850,23168,CLASSIC CAFE SUGAR DISPENSER,其他,低价格带,1.25
1851,23169,CLASSIC GLASS COOKIE JAR,厨房餐饮,高价格带,4.15
1852,23170,REGENCY TEA PLATE ROSES ,厨房餐饮,中价格带,1.65
1853,23171,REGENCY TEA PLATE GREEN ,厨房餐饮,中价格带,1.65
1854,23172,REGENCY TEA PLATE PINK,厨房餐饮,中价格带,1.65
1855,23173,REGENCY TEAPOT ROSES ,厨房餐饮,高价格带,9.95
1856,23174,REGENCY SUGAR BOWL GREEN,厨房餐饮,高价格带,4.15
1857,23175,REGENCY MILK JUG PINK ,厨房餐饮,高价格带,3.25
1858,23176,ABC TREASURE BOOK BOX ,收纳储物,中价格带,2.25
1859,23177,TREASURE ISLAND BOOK BOX,收纳储物,中价格带,2.25
1860,23178,JAM CLOCK MAGNET,家居装饰,中价格带,2.89
1861,23179,CLOCK MAGNET MUM'S KITCHEN,厨房餐饮,中价格带,2.89
1862,23180,MUM'S KITCHEN CLOCK,厨房餐饮,高价格带,4.95
1863,23181,BULL DOG BOTTLE TOP WALL CLOCK,厨房餐饮,高价格带,8.25
1864,23182,TOILET SIGN OCCUPIED OR VACANT,厨房餐饮,低价格带,0.83
1865,23183,MOTHER'S KITCHEN SPOON REST ,厨房餐饮,高价格带,3.75
1866,23184,BULL DOG BOTTLE OPENER,厨房餐饮,高价格带,4.95
1867,23185,FRENCH STYLE STORAGE JAR JAM,收纳储物,低价格带,0.29
1868,23186,FRENCH STYLE STORAGE JAR CAFE ,收纳储物,低价格带,0.29
1869,23187,FRENCH STYLE STORAGE JAR BONBONS,收纳储物,低价格带,0.29
1870,23188,VINTAGE  2 METER FOLDING RULER,文具礼品,中价格带,1.65
1871,23189,SET OF 12 FORK CANDLES,灯烛照明,中价格带,2.89
1872,23190,BUNDLE OF 3 SCHOOL EXERCISE BOOKS  ,文具礼品,中价格带,1.65
1873,23191,BUNDLE OF 3 RETRO NOTE BOOKS,文具礼品,中价格带,1.65
1874,23192,BUNDLE OF 3 ALPHABET EXERCISE BOOKS,文具礼品,中价格带,1.65
1875,23193,BUFFALO BILL TREASURE BOOK BOX,收纳储物,中价格带,2.25
1876,23194,GYMKHANA TREASURE BOOK BOX,收纳储物,中价格带,2.25
1877,23196,VINTAGE LEAF MAGNETIC NOTEPAD,文具礼品,中价格带,1.45
1878,23197,SKETCHBOOK MAGNETIC SHOPPING LIST,文具礼品,中价格带,1.45
1879,23198,PANTRY MAGNETIC  SHOPPING LIST,家居装饰,中价格带,1.45
1880,23199,JUMBO BAG APPLES,服饰配饰,中价格带,2.08
1881,23200,JUMBO BAG PEARS,服饰配饰,中价格带,2.08
1882,23201,JUMBO BAG ALPHABET,文具礼品,中价格带,2.08
1883,23202,JUMBO BAG VINTAGE LEAF,文具礼品,中价格带,2.08
1884,23203,JUMBO BAG VINTAGE DOILY ,文具礼品,中价格带,2.08
1885,23204,CHARLOTTE BAG APPLES DESIGN,服饰配饰,低价格带,0.85
1886,23205,CHARLOTTE BAG VINTAGE ALPHABET ,文具礼品,低价格带,0.85
1887,23206,LUNCH BAG APPLE DESIGN,厨房餐饮,中价格带,1.65
1888,23207,LUNCH BAG ALPHABET DESIGN,厨房餐饮,中价格带,1.65
1889,23208,LUNCH BAG VINTAGE LEAF DESIGN,厨房餐饮,中价格带,1.65
1890,23209,LUNCH BAG VINTAGE DOILY ,厨房餐饮,中价格带,1.65
1891,23210,WHITE ROCKING HORSE HAND PAINTED,其他,低价格带,1.25
1892,23211,RED ROCKING HORSE HAND PAINTED,其他,低价格带,1.25
1893,23212,HEART WREATH DECORATION WITH BELL,家居装饰,低价格带,1.25
1894,23213,STAR WREATH DECORATION WITH BELL,家居装饰,低价格带,1.25
1895,23214,JINGLE BELL HEART ANTIQUE GOLD,家居装饰,中价格带,2.08
1896,23215,JINGLE BELL HEART ANTIQUE SILVER,家居装饰,中价格带,2.08
1897,23216,LAUREL HEART ANTIQUE GOLD,家居装饰,低价格带,1.25
1898,23217,LAUREL HEART ANTIQUE SILVER,家居装饰,低价格带,1.25
1899,23218,LAUREL STAR ANTIQUE GOLD,其他,低价格带,1.25
1900,23219,LAUREL STAR ANTIQUE SILVER ,其他,低价格带,1.25
1901,23220,REINDEER HEART DECORATION GOLD,家居装饰,低价格带,0.83
1902,23221,REINDEER HEART DECORATION SILVER,家居装饰,低价格带,0.83
1903,23222,CHRISTMAS TREE HANGING GOLD,其他,低价格带,0.83
1904,23223,CHRISTMAS TREE HANGING SILVER ,其他,低价格带,0.83
1905,23224,CHERUB HEART DECORATION GOLD,家居装饰,低价格带,0.83
1906,23225,CHERUB HEART DECORATION SILVER ,家居装饰,低价格带,0.83
1907,23226,FILIGREE HEART DAISY WHITE,家居装饰,低价格带,1.25
1908,23227,FILIGREE HEART BUTTERFLY WHITE ,家居装饰,低价格带,1.25
1909,23228,FILIGREE HEART BIRD WHITE ,家居装饰,低价格带,1.25
1910,23229,VINTAGE DONKEY TAIL GAME ,玩具游戏,高价格带,3.75
1911,23230,WRAP ALPHABET DESIGN,文具礼品,低价格带,0.42
1912,23231,WRAP DOILEY DESIGN,文具礼品,低价格带,0.42
1913,23232,WRAP VINTAGE PETALS  DESIGN,文具礼品,低价格带,0.42
1914,23233,WRAP POPPIES  DESIGN,文具礼品,低价格带,0.42
1915,23234,BISCUIT TIN VINTAGE CHRISTMAS,文具礼品,中价格带,2.89
1916,23235,STORAGE TIN VINTAGE LEAF,收纳储物,中价格带,2.89
1917,23236,STORAGE TIN VINTAGE DOILY ,收纳储物,中价格带,2.89
1918,23237,SET OF 4 KNICK KNACK TINS LEAF,其他,高价格带,4.15
1919,23238,SET OF 4 KNICK KNACK TINS LONDON ,其他,高价格带,4.15
1920,23239,SET OF 4 KNICK KNACK TINS POPPIES,其他,高价格带,4.15
1921,23240,SET OF 4 KNICK KNACK TINS DOILY ,其他,高价格带,4.15
1922,23241,TREASURE TIN GYMKHANA DESIGN,其他,中价格带,2.08
1923,23242,TREASURE TIN BUFFALO BILL ,其他,中价格带,2.08
1924,23243,SET OF TEA COFFEE SUGAR TINS PANTRY,厨房餐饮,高价格带,4.95
1925,23244,ROUND STORAGE TIN VINTAGE LEAF,收纳储物,中价格带,1.95
1926,23245,SET OF 3 REGENCY CAKE TINS,其他,高价格带,4.95
1927,23247,BISCUIT TIN 50'S CHRISTMAS,其他,中价格带,2.89
1928,23249,VINTAGE RED ENAMEL TRIM PLATE,厨房餐饮,中价格带,1.65
1929,23250,VINTAGE RED TRIM ENAMEL BOWL ,厨房餐饮,低价格带,1.25
1930,23251,VINTAGE RED ENAMEL TRIM MUG ,厨房餐饮,低价格带,1.25
1931,23252,VINTAGE RED ENAMEL TRIM JUG ,厨房餐饮,高价格带,3.75
1932,23253,16 PIECE CUTLERY SET PANTRY DESIGN,厨房餐饮,高价格带,15.95
1933,23254,CHILDRENS CUTLERY DOLLY GIRL ,厨房餐饮,高价格带,4.15
1934,23255,CHILDRENS CUTLERY CIRCUS PARADE,厨房餐饮,高价格带,4.15
1935,23256,CHILDRENS CUTLERY SPACEBOY ,厨房餐饮,高价格带,4.15
1936,23263,SET OF 3 WOODEN HEART DECORATIONS,家居装饰,低价格带,1.25
1937,23264,SET OF 3 WOODEN SLEIGH DECORATIONS,家居装饰,低价格带,1.25
1938,23265,SET OF 3 WOODEN TREE DECORATIONS,家居装饰,低价格带,1.25
1939,23266,SET OF 3 WOODEN STOCKING DECORATION,家居装饰,低价格带,1.25
1940,23267,SET OF 4 SANTA PLACE SETTINGS,其他,低价格带,1.25
1941,23268,SET OF 2 CERAMIC CHRISTMAS REINDEER,其他,中价格带,1.45
1942,23269,SET OF 2 CERAMIC CHRISTMAS TREES,其他,中价格带,1.45
1943,23270,SET OF 2 CERAMIC PAINTED HEARTS ,家居装饰,中价格带,1.45
1944,23271,CHRISTMAS TABLE SILVER CANDLE SPIKE,灯烛照明,低价格带,0.83
1945,23272,TREE T-LIGHT HOLDER WILLIE WINKIE,灯烛照明,中价格带,1.65
1946,23273,HEART T-LIGHT HOLDER WILLIE WINKIE,灯烛照明,中价格带,1.65
1947,23274,STAR T-LIGHT HOLDER WILLIE WINKIE,灯烛照明,中价格带,1.65
1948,23275,SET OF 3 HANGING OWLS OLLIE BEAK,其他,低价格带,1.25
1949,23280,FOLDING BUTTERFLY MIRROR HOT PINK ,家居装饰,低价格带,0.83
1950,23281,FOLDING BUTTERFLY MIRROR RED  ,家居装饰,低价格带,0.83
1951,23282,FOLDING BUTTERFLY MIRROR IVORY ,家居装饰,低价格带,0.83
1952,23283,DOORMAT VINTAGE LEAVES DESIGN ,文具礼品,高价格带,7.95
1953,23284,DOORMAT KEEP CALM AND COME IN,家居装饰,高价格带,7.95
1954,23285,PINK VINTAGE SPOT BEAKER,文具礼品,低价格带,0.85
1955,23286,BLUE VINTAGE SPOT BEAKER,文具礼品,低价格带,0.85
1956,23287,RED VINTAGE SPOT BEAKER,文具礼品,低价格带,0.85
1957,23288,GREEN VINTAGE SPOT BEAKER,文具礼品,低价格带,0.85
1958,23289,DOLLY GIRL CHILDRENS BOWL,厨房餐饮,低价格带,1.25
1959,23290,SPACEBOY CHILDRENS BOWL,厨房餐饮,低价格带,1.25
1960,23291,DOLLY GIRL CHILDRENS CUP,厨房餐饮,低价格带,1.25
1961,23292,SPACEBOY CHILDRENS CUP,厨房餐饮,低价格带,1.25
1962,23293,SET OF 12 FAIRY CAKE BAKING CASES,厨房餐饮,低价格带,0.83
1963,23294,SET OF 6 SNACK LOAF BAKING CASES,厨房餐饮,低价格带,0.83
1964,23295,SET OF 12 MINI LOAF BAKING CASES,厨房餐饮,低价格带,0.83
1965,23296,SET OF 6 TEA TIME BAKING CASES,厨房餐饮,低价格带,1.25
1966,23297,SET 40 HEART SHAPE PETIT FOUR CASES,家居装饰,中价格带,1.65
1967,23298,SPOTTY BUNTING,其他,高价格带,4.95
1968,23299,FOOD COVER WITH BEADS SET 2 ,其他,高价格带,3.75
1969,23300,GARDENERS KNEELING PAD CUP OF TEA ,厨房餐饮,中价格带,1.65
1970,23301,GARDENERS KNEELING PAD KEEP CALM ,园艺户外,中价格带,1.65
1971,23302,KNEELING MAT HOUSEWORK  DESIGN,其他,中价格带,1.65
1972,23303,SET 4 PICNIC CUTLERY FONDANT,厨房餐饮,中价格带,1.95
1973,23304,SET 4 PICNIC CUTLERY CHERRY ,厨房餐饮,中价格带,1.95
1974,23305,SET 4 PICNIC CUTLERY BLUEBERRY,厨房餐饮,中价格带,1.95
1975,23306,SET OF 36 DOILIES PANTRY DESIGN,其他,中价格带,1.45
1976,23307,SET OF 60 PANTRY DESIGN CAKE CASES ,其他,低价格带,0.55
1977,23308,SET OF 60 VINTAGE LEAF CAKE CASES ,文具礼品,低价格带,0.55
1978,23309,SET OF 60 I LOVE LONDON CAKE CASES ,其他,低价格带,0.55
1979,23310,BUBBLEGUM RING ASSORTED,其他,低价格带,0.42
1980,23311,VINTAGE CHRISTMAS STOCKING ,文具礼品,中价格带,2.55
1981,23312,VINTAGE CHRISTMAS GIFT SACK,文具礼品,高价格带,4.15
1982,23313,VINTAGE CHRISTMAS BUNTING,文具礼品,高价格带,4.95
1983,23314,VINTAGE CHRISTMAS TABLECLOTH,文具礼品,高价格带,12.5
1984,23315,IVORY REFECTORY CLOCK,家居装饰,高价格带,9.95
1985,23316,RED REFECTORY CLOCK ,家居装饰,高价格带,9.95
1986,23317,BLUE REFECTORY CLOCK ,家居装饰,高价格带,9.95
1987,23318,BOX OF 6 MINI VINTAGE CRACKERS,收纳储物,中价格带,2.49
1988,23319,BOX OF 6 MINI 50'S CRACKERS,收纳储物,中价格带,2.49
1989,23320,GIANT 50'S CHRISTMAS CRACKER,其他,中价格带,2.89
1990,23321,SMALL WHITE HEART OF WICKER,家居装饰,中价格带,1.65
1991,23322,LARGE WHITE HEART OF WICKER,家居装饰,中价格带,2.95
1992,23323,WHITE WICKER STAR ,其他,中价格带,2.1
1993,23324,RUSTIC STRAWBERRY JAM POT LARGE ,其他,中价格带,2.08
1994,23325,RUSTIC STRAWBERRY JAM POT SMALL,其他,中价格带,1.65
1995,23326,HANGING MINI COLOURED BOTTLES,厨房餐饮,低价格带,0.63
1996,23327,HANGING CLEAR MINI BOTTLE,厨房餐饮,低价格带,0.63
1997,23328,SET 6 SCHOOL MILK BOTTLES IN CRATE,厨房餐饮,高价格带,3.75
1998,23329,DECORATIVE WICKER HEART LARGE,家居装饰,中价格带,1.65
1999,23330,DECORATIVE WICKER HEART MEDIUM,家居装饰,低价格带,1.25
2000,23331,DECORATIVE WICKER HEART SMALL,家居装饰,低价格带,0.63
2001,23332,IVORY WICKER HEART LARGE,家居装饰,中价格带,1.65
2002,23333,IVORY WICKER HEART MEDIUM,家居装饰,低价格带,1.25
2003,23334,IVORY WICKER HEART SMALL,家居装饰,低价格带,0.63
2004,23335,EGG FRYING PAN IVORY ,其他,中价格带,2.08
2005,23336,EGG FRYING PAN PINK ,其他,中价格带,2.08
2006,23337,EGG FRYING PAN MINT ,其他,中价格带,2.08
2007,23338,EGG FRYING PAN RED ,其他,中价格带,2.08
2008,23339,EGG FRYING PAN BLUE ,其他,中价格带,2.08
2009,23340,VINTAGE CHRISTMAS CAKE FRILL,文具礼品,中价格带,1.65
2010,23341,PINK DINER WALL CLOCK,家居装饰,高价格带,8.5
2011,23342,MINT DINER WALL CLOCK,家居装饰,高价格带,8.5
2012,23343,JUMBO BAG VINTAGE CHRISTMAS ,文具礼品,中价格带,2.08
2013,23344,JUMBO BAG 50'S CHRISTMAS ,服饰配饰,中价格带,2.08
2014,23345, DOLLY GIRL BEAKER,玩具游戏,低价格带,1.25
2015,23346,SPACEBOY BEAKER,其他,低价格带,1.25
2016,23347,I LOVE LONDON BEAKER,其他,低价格带,1.25
2017,23348,CHILDRENS TOY COOKING UTENSIL SET,厨房餐饮,中价格带,2.08
2018,23349,ROLL WRAP VINTAGE CHRISTMAS,文具礼品,低价格带,1.25
2019,23350,ROLL WRAP VINTAGE SPOT ,文具礼品,低价格带,1.25
2020,23351,ROLL WRAP 50'S CHRISTMAS,文具礼品,低价格带,1.25
2021,23352,ROLL WRAP 50'S RED CHRISTMAS ,文具礼品,低价格带,1.25
2022,23353,6 GIFT TAGS VINTAGE CHRISTMAS ,文具礼品,低价格带,0.83
2023,23354,6 GIFT TAGS 50'S CHRISTMAS ,文具礼品,低价格带,0.83
2024,23355,HOT WATER BOTTLE KEEP CALM,厨房餐饮,高价格带,4.95
2025,23356,LOVE HOT WATER BOTTLE,厨房餐饮,高价格带,5.95
2026,23357,HOT WATER BOTTLE SEX BOMB,厨房餐饮,高价格带,4.95
2027,23358,HOT STUFF HOT WATER BOTTLE,厨房餐饮,高价格带,3.75
2028,23359,SET OF 12 T-LIGHTS VINTAGE DOILY,灯烛照明,中价格带,1.95
2029,23360,SET 8 CANDLES VINTAGE DOILY,灯烛照明,中价格带,1.95
2030,23365,SET 12 COLOUR PENCILS LOVE LONDON,文具礼品,低价格带,0.65
2031,23366,SET 12 COLOURING PENCILS DOILY,文具礼品,低价格带,0.65
2032,23367,SET 12 COLOUR PENCILS SPACEBOY ,文具礼品,低价格带,0.65
2033,23368,SET 12 COLOUR PENCILS DOLLY GIRL ,玩具游戏,低价格带,0.65
2034,23369,SET 36 COLOUR PENCILS LOVE LONDON,文具礼品,低价格带,1.25
2035,23370,SET 36 COLOURING PENCILS DOILY,文具礼品,低价格带,1.25
2036,23371,SET 36 COLOUR PENCILS SPACEBOY ,文具礼品,低价格带,1.25
2037,23372,SET 36 COLOUR PENCILS DOLLY GIRL,玩具游戏,低价格带,1.25
2038,23373,VINTAGE CHRISTMAS PAPER GIFT BAG,文具礼品,低价格带,0.82
2039,23374,RED SPOT PAPER GIFT BAG,文具礼品,低价格带,0.82
2040,23375,50'S CHRISTMAS PAPER GIFT BAG,文具礼品,低价格带,0.82
2041,23376,PACK OF 12 VINTAGE CHRISTMAS TISSUE,文具礼品,低价格带,0.39
2042,23377,PACK OF 12 DOLLY GIRL TISSUES,玩具游戏,低价格带,0.39
2043,23378,PACK OF 12 50'S CHRISTMAS TISSUES,其他,低价格带,0.39
2044,23379,PACK OF 12 RED APPLE TISSUES,其他,低价格带,0.39
2045,23380,PACK OF 12 VINTAGE DOILY TISSUES,文具礼品,低价格带,0.39
2046,23381,PACK OF 12 VINTAGE LEAF TISSUES ,文具礼品,低价格带,0.39
2047,23382,BOX OF 6 CHRISTMAS CAKE DECORATIONS,收纳储物,高价格带,3.75
2048,23388,WOODLAND MINI BACKPACK,其他,高价格带,4.15
2049,23389,SPACEBOY MINI BACKPACK,其他,高价格带,4.15
2050,23390,DOLLY GIRL MINI BACKPACK,玩具游戏,高价格带,4.15
2051,23391, I LOVE LONDON MINI BACKPACK,其他,高价格带,4.15
2052,23392,SPACEBOY ROCKET LOLLY MAKERS,其他,中价格带,2.08
2053,23393,HOME SWEET HOME CUSHION COVER ,家居装饰,高价格带,3.75
2054,23394,POSTE FRANCE CUSHION COVER,家居装饰,高价格带,3.75
2055,23395,BELLE JARDINIERE CUSHION COVER,收纳储物,高价格带,3.75
2056,23396,LE JARDIN BOTANIQUE CUSHION COVER,收纳储物,高价格带,3.75
2057,23397,FOOT STOOL HOME SWEET HOME ,家居装饰,高价格带,9.95
2058,23398,HANGING HEART BONHEUR,家居装饰,低价格带,0.85
2059,23399,HOME SWEET HOME HANGING HEART,家居装饰,低价格带,0.85
2060,23400,SHELF WITH 4 HOOKS HOME SWEET HOME,家居装饰,高价格带,6.25
2061,23401,RUSTIC MIRROR WITH LACE HEART,家居装饰,高价格带,6.25
2062,23402,HOME SWEET HOME 3 PEG HANGER ,家居装饰,高价格带,3.75
2063,23403,LETTER HOLDER HOME SWEET HOME,文具礼品,高价格带,3.75
2064,23404,HOME SWEET HOME BLACKBOARD,家居装饰,高价格带,4.95
2065,23405,HOME SWEET HOME 2 DRAWER CABINET,收纳储物,高价格带,4.95
2066,23406,HOME SWEET HOME KEY HOLDER,家居装饰,高价格带,6.25
2067,23407,SET OF 2 TRAYS HOME SWEET HOME,家居装饰,高价格带,9.95
2068,23408,PHOTO FRAME LINEN AND LACE SMALL,家居装饰,中价格带,2.08
2069,23409,PHOTO FRAME LINEN AND LACE LARGE,家居装饰,高价格带,3.75
2070,23410,CURIO CABINET LINEN AND LACE ,收纳储物,高价格带,8.15
2071,23411, TRELLIS COAT RACK,其他,高价格带,4.95
2072,23412,HEART MIRROR ANTIQUE WHITE,家居装饰,高价格带,7.5
2073,23413,VINTAGE COFFEE GRINDER BOX,厨房餐饮,高价格带,4.95
2074,23414,ZINC BOX SIGN HOME,收纳储物,高价格带,9.95
2075,23415,HOME SWEET HOME HOOK,家居装饰,中价格带,1.65
2076,23416,CHAMBRE HOOK,家居装饰,低价格带,0.39
2077,23417,BATHROOM HOOK,卫浴清洁,中价格带,1.65
2078,23418,LAVENDER TOILETTE BOTTLE,厨房餐饮,中价格带,2.08
2079,23419,HOME SWEET HOME BOTTLE ,厨房餐饮,中价格带,2.08
2080,23420,PANTRY HOOK TEA STRAINER ,厨房餐饮,中价格带,2.08
2081,23421,PANTRY HOOK SPATULA,家居装饰,中价格带,2.08
2082,23423,PANTRY 3 HOOK ROLLING PIN HANGER,家居装饰,高价格带,3.75
2083,23424,GINGHAM RECIPE BOOK BOX,厨房餐饮,高价格带,4.95
2084,23425,STORAGE TIN HOME SWEET HOME,收纳储物,中价格带,2.49
2085,23426,METAL SIGN DROP YOUR PANTS,家居装饰,中价格带,2.89
2086,23427,STOOL HOME SWEET HOME ,家居装饰,高价格带,12.5
2087,23428,IVORY RETRO KITCHEN WALL CLOCK,厨房餐饮,高价格带,8.15
2088,23429,RED RETRO KITCHEN WALL CLOCK,厨房餐饮,高价格带,8.15
2089,23430,BLUE RETRO KITCHEN WALL CLOCK,厨房餐饮,高价格带,8.15
2090,23431,NATURAL HANGING QUILTED HEARTS ,家居装饰,低价格带,0.83
2091,23432,PRETTY HANGING QUILTED HEARTS,家居装饰,低价格带,0.83
2092,23433,HANGING QUILTED PATCHWORK APPLES,其他,低价格带,0.83
2093,23434,3 RAFFIA RIBBONS 50'S CHRISTMAS ,文具礼品,低价格带,0.79
2094,23435,3 RAFFIA RIBBONS VINTAGE CHRISTMAS,文具礼品,低价格带,0.79
2095,23436,VINTAGE CHRISTMAS GIFT BAG LARGE ,文具礼品,低价格带,1.25
2096,23437, 50'S CHRISTMAS GIFT BAG LARGE,文具礼品,低价格带,1.25
2097,23438, RED SPOT GIFT BAG LARGE,文具礼品,低价格带,1.25
2098,23439,HAND WARMER RED LOVE HEART,卫浴清洁,中价格带,2.1
2099,23440,PAINT YOUR OWN EGGS IN CRATE,其他,中价格带,1.79
2100,23441,HAND PAINTED HANGING EASTER EGG,其他,低价格带,0.42
2101,23442,12 HANGING EGGS HAND PAINTED,其他,中价格带,2.08
2102,23444,Next Day Carriage,其他,高价格带,15.0
2103,23445,ICE CREAM BUBBLES,其他,低价格带,0.83
2104,23448,CREAM BUNNY EASTER EGG BASKET,收纳储物,中价格带,1.65
2105,23451,SQUARE MINI PORTRAIT FRAME,家居装饰,中价格带,1.95
2106,23452,HEART MINI PORTRAIT FRAME,家居装饰,中价格带,1.95
2107,23453,OVAL  MINI PORTRAIT FRAME,家居装饰,中价格带,1.95
2108,23454,THREE MINI HANGING FRAMES,家居装饰,高价格带,4.15
2109,23455,SMALL PARLOUR PICTURE FRAME,家居装饰,中价格带,2.89
2110,23456,MEDIUM PARLOUR FRAME ,家居装饰,高价格带,3.95
2111,23457,LARGE PARLOUR PICTURE FRAME,家居装饰,高价格带,4.95
2112,23458,DOLLY CABINET 3 DRAWERS ,收纳储物,高价格带,14.95
2113,23459,DOLLY CABINET 2 DRAWERS ,收纳储物,高价格带,12.5
2114,23460,SWEETHEART WALL TIDY ,家居装饰,高价格带,9.95
2115,23461,SWEETHEART BIRD HOUSE,家居装饰,高价格带,4.15
2116,23462,ROCOCO WALL MIRROR WHITE,家居装饰,高价格带,19.95
2117,23465,TUSCAN VILLA BIRD FEEDER,其他,高价格带,8.25
2118,23466,TUSCAN VILLA DOVECOTE BIRD FEEDER,其他,高价格带,8.25
2119,23467,VINTAGE ZINC PLANTER  ,园艺户外,高价格带,3.29
2120,23468,TUSCAN VILLA BIRD TABLE ,其他,高价格带,8.25
2121,23469,CARD HOLDER LOVE BIRD SMALL,文具礼品,高价格带,4.15
2122,23470,CARD HOLDER LOVE BIRD LARGE ,文具礼品,高价格带,6.25
2123,23471,SIX DRAWER OFFICE TIDY,收纳储物,高价格带,9.95
2124,23472, NINE DRAWER OFFICE TIDY,收纳储物,高价格带,13.72
2125,23473,WOODLAND SMALL RED FELT HEART,家居装饰,低价格带,0.83
2126,23474,WOODLAND SMALL BLUE FELT HEART,家居装饰,低价格带,0.83
2127,23475,WOODLAND SMALL PINK FELT HEART,家居装饰,低价格带,0.83
2128,23476,WOODLAND LARGE RED FELT HEART,家居装饰,低价格带,1.25
2129,23478,WOODLAND LARGE PINK FELT HEART,家居装饰,低价格带,1.25
2130,23479,WIRE EGG BASKET ,收纳储物,高价格带,7.85
2131,23480,MINI LIGHTS WOODLAND MUSHROOMS,灯烛照明,高价格带,3.75
2132,23481,PEARLISED IVORY HEART SMALL ,家居装饰,低价格带,1.25
2133,23482,PEARLISED IVORY HEART LARGE ,家居装饰,中价格带,1.65
2134,23483,HANGING  BUTTERFLY T-LIGHT HOLDER,灯烛照明,低价格带,1.25
2135,23484,HEART TRELLIS TRIPLE T-LIGHT HOLDER,灯烛照明,中价格带,2.89
2136,23485,BOTANICAL GARDENS WALL CLOCK ,园艺户外,高价格带,25.0
2137,23486,ANTIQUE HEART SHELF UNIT,家居装饰,高价格带,16.65
2138,23487,SWEET HEART CAKE CARRIER,家居装饰,高价格带,9.95
2139,23489,VINTAGE BELLS GARLAND,文具礼品,中价格带,2.89
2140,23490,T-LIGHT HOLDER HANGING LOVE BIRD,灯烛照明,高价格带,3.75
2141,23491,VINTAGE JINGLE BELLS HEART,文具礼品,高价格带,8.25
2142,23492,VINTAGE JINGLE BELLS WREATH,文具礼品,高价格带,8.25
2143,23493,VINTAGE DOILY TRAVEL SEWING KIT,文具礼品,中价格带,1.95
2144,23494,VINTAGE DOILY DELUXE SEWING KIT ,文具礼品,高价格带,5.95
2145,23495,SET OF 3 PANTRY WOODEN SPOONS,其他,低价格带,1.25
2146,23496,PANTRY KITCHEN THERMOMETER ,厨房餐饮,低价格带,1.25
2147,23497,CLASSIC CHROME BICYCLE BELL ,其他,中价格带,1.45
2148,23498,CLASSIC BICYCLE CLIPS ,其他,中价格带,1.45
2149,23499,SET 12 VINTAGE DOILY CHALK ,文具礼品,低价格带,0.42
2150,23500,KEY RING BASEBALL BOOT ASSORTED ,服饰配饰,低价格带,1.25
2151,23501,KEY RING BASEBALL BOOT UNION JACK,服饰配饰,低价格带,1.25
2152,23502,PLAYING CARDS VINTAGE DOILY ,玩具游戏,低价格带,1.25
2153,23503,PLAYING CARDS KEEP CALM & CARRY ON,玩具游戏,低价格带,1.25
2154,23504,PLAYING CARDS JUBILEE UNION JACK,玩具游戏,低价格带,1.25
2155,23505,PLAYING CARDS I LOVE LONDON ,玩具游戏,低价格带,1.25
2156,23506,MINI PLAYING CARDS SPACEBOY ,玩具游戏,低价格带,0.42
2157,23507,MINI PLAYING CARDS BUFFALO BILL ,玩具游戏,低价格带,0.42
2158,23508,MINI PLAYING CARDS DOLLY GIRL ,玩具游戏,低价格带,0.42
2159,23509,MINI PLAYING CARDS FUN FAIR ,玩具游戏,低价格带,0.42
2160,23510,MINI PLAYING CARDS GYMKHANA,玩具游戏,低价格带,0.42
2161,23511,EMBROIDERED RIBBON REEL EMILY ,文具礼品,中价格带,2.08
2162,23512,EMBROIDERED RIBBON REEL ROSIE,文具礼品,中价格带,2.08
2163,23513,EMBROIDERED RIBBON REEL SUSIE ,文具礼品,中价格带,2.08
2164,23514,EMBROIDERED RIBBON REEL SALLY ,文具礼品,中价格带,2.08
2165,23515,EMBROIDERED RIBBON REEL DAISY ,文具礼品,中价格带,2.08
2166,23516,EMBROIDERED RIBBON REEL SOPHIE  ,文具礼品,高价格带,3.52
2167,23517,EMBROIDERED RIBBON REEL REBECCA ,文具礼品,中价格带,2.89
2168,23518,EMBROIDERED RIBBON REEL RACHEL ,文具礼品,中价格带,2.89
2169,23519,EMBROIDERED RIBBON REEL CLAIRE,文具礼品,高价格带,3.75
2170,23520,EMBROIDERED RIBBON REEL RUBY ,文具礼品,高价格带,3.75
2171,23521,WALL ART CAT AND BIRD ,家居装饰,中价格带,2.89
2172,23522,WALL ART DOG AND BALL ,家居装饰,中价格带,2.89
2173,23523,WALL ART TREASURE AHOY ,家居装饰,高价格带,3.75
2174,23524,WALL ART HORSE & PONY ,家居装饰,高价格带,3.75
2175,23525,WALL ART BUFFALO BILL ,家居装饰,高价格带,3.75
2176,23526,DOG LICENCE WALL ART,家居装饰,高价格带,5.95
2177,23527,WALL ART ANIMALS AND NATURE ,家居装饰,高价格带,3.52
2178,23528,WALL ART SPACEBOY,家居装饰,高价格带,3.75
2179,23529,WALL ART DOLLY GIRL ,玩具游戏,高价格带,3.75
2180,23530,WALL ART ONLY ONE PERSON ,家居装饰,高价格带,4.95
2181,23531,WALL ART BIG LOVE ,家居装饰,高价格带,6.95
2182,23532,WALL ART WORK REST AND PLAY  ,家居装饰,高价格带,4.95
2183,23533,WALL ART GARDEN HAVEN ,园艺户外,中价格带,1.95
2184,23534,WALL ART STOP FOR TEA ,厨房餐饮,高价格带,5.95
2185,23535,WALL ART BICYCLE SAFETY,家居装饰,高价格带,5.95
2186,23536,WALL ART VILLAGE SHOW ,家居装饰,高价格带,5.95
2187,23537,WALL ART I LOVE LONDON ,家居装饰,高价格带,4.95
2188,23538,WALL ART VINTAGE HEART,文具礼品,高价格带,4.95
2189,23539,WALL ART LOVES' SECRET ,家居装饰,高价格带,5.95
2190,23541,WALL ART CLASSIC PUDDINGS ,家居装饰,高价格带,8.25
2191,23542,WALL ART 70'S ALPHABET ,文具礼品,高价格带,8.25
2192,23543,WALL ART KEEP CALM ,家居装饰,高价格带,8.25
2193,23544,WALL ART MID CENTURY MODERN ,家居装饰,高价格带,8.25
2194,23545,WRAP RED VINTAGE DOILY,文具礼品,低价格带,0.42
2195,23546,WRAP PAISLEY PARK ,文具礼品,低价格带,0.42
2196,23547,WRAP FLOWER SHOP  ,园艺户外,低价格带,0.42
2197,23548,WRAP MAGIC FOREST ,文具礼品,低价格带,0.42
2198,23549,WRAP BIRD GARDEN ,园艺户外,低价格带,0.42
2199,23550,WRAP ALPHABET POSTER  ,文具礼品,低价格带,0.42
2200,23551,PACK OF 12 PAISLEY PARK TISSUES ,其他,低价格带,0.39
2201,23552,BICYCLE PUNCTURE REPAIR KIT ,其他,中价格带,2.08
2202,23553,LANDMARK FRAME CAMDEN TOWN ,家居装饰,高价格带,12.5
2203,23554,LANDMARK FRAME OXFORD STREET,家居装饰,高价格带,12.5
2204,23555,LANDMARK FRAME NOTTING HILL ,家居装饰,高价格带,12.5
2205,23556,LANDMARK FRAME COVENT GARDEN ,园艺户外,高价格带,12.5
2206,23557,LANDMARK FRAME BAKER STREET ,家居装饰,高价格带,12.5
2207,23558,LANDMARK FRAME LONDON BRIDGE ,家居装饰,高价格带,12.5
2208,23559,WOODLAND BUNNIES LOLLY MAKERS,其他,中价格带,2.08
2209,23560,SET OF 6 RIBBONS COUNTRY STYLE,文具礼品,中价格带,2.89
2210,23561,SET OF 6 RIBBONS PARTY,文具礼品,中价格带,2.49
2211,23562,SET OF 6 RIBBONS PERFECTLY PRETTY  ,文具礼品,中价格带,2.89
2212,23564,EGG CUP MILKMAID INGRID,厨房餐饮,低价格带,1.25
2213,23565,EGG CUP MILKMAID HELGA ,厨房餐饮,低价格带,1.25
2214,23566,EGG CUP MILKMAID HEIDI,厨房餐饮,低价格带,1.25
2215,23567,EGG CUP HENRIETTA HEN PINK,厨房餐饮,低价格带,1.25
2216,23568,EGG CUP HENRIETTA HEN CREAM ,厨房餐饮,低价格带,1.25
2217,23569,TRADTIONAL ALPHABET STAMP SET,文具礼品,高价格带,4.95
2218,23570,TRADITIONAL PICK UP STICKS GAME ,玩具游戏,低价格带,1.25
2219,23571,TRADITIONAL NAUGHTS & CROSSES,其他,中价格带,1.65
2220,23574,PACKING CHARGE,其他,高价格带,7.5
2221,23575,SNACK TRAY PAISLEY PARK,其他,中价格带,1.95
2222,23576,SNACK TRAY RED VINTAGE DOILY,文具礼品,中价格带,1.95
2223,23579,SNACK TRAY I LOVE LONDON,其他,中价格带,1.95
2224,23580,SNACK TRAY HAPPY FOREST  ,其他,中价格带,1.95
2225,23581,JUMBO BAG PAISLEY PARK,服饰配饰,中价格带,2.08
2226,23582,VINTAGE DOILY JUMBO BAG RED ,文具礼品,中价格带,2.08
2227,23583,LUNCH BAG PAISLEY PARK  ,厨房餐饮,中价格带,1.65
2228,23597,PAPER BUNTING PAISLEY PARK,其他,中价格带,2.95
2229,23598,PAPER BUNTING VINTAGE PARTY,文具礼品,中价格带,2.95
2230,23660,HENRIETTA HEN MUG ,厨房餐饮,中价格带,1.65
2231,23661,MILK MAIDS MUG ,厨房餐饮,中价格带,1.65
2232,23681,LUNCH BAG RED VINTAGE DOILY,厨房餐饮,中价格带,1.65
2233,23691,WRAP KEEP CALM BIRTHDAY,文具礼品,低价格带,0.42
2234,23694,PAISLEY PARK CARD,文具礼品,低价格带,0.42
2235,23695,DOILY THANK YOU CARD,文具礼品,低价格带,0.42
2236,23697,A PRETTY THANK YOU CARD,文具礼品,低价格带,0.42
2237,23702,High Resolution Image,其他,高价格带,3.0
2238,35001G,HAND OPEN SHAPE GOLD,其他,高价格带,3.39
2239,35004B,SET OF 3 BLACK FLYING DUCKS,其他,高价格带,5.45
2240,35004C,SET OF 3 COLOURED  FLYING DUCKS,其他,高价格带,5.45
2241,35004G,SET OF 3 GOLD FLYING DUCKS,其他,高价格带,4.15
2242,35095A,BLUE VICTORIAN FABRIC OVAL BOX,收纳储物,低价格带,0.42
2243,35095B,RED VICTORIAN FABRIC OVAL BOX,收纳储物,低价格带,0.42
2244,35241,ENAMEL BLUE RIM BISCUIT BIN,其他,高价格带,4.95
2245,35271S,GOLD PRINT PAPER BAG,服饰配饰,低价格带,0.19
2246,35400,WOODEN BOX ADVENT CALENDAR ,收纳储物,高价格带,8.95
2247,35471D,SET OF 3 BIRD LIGHT PINK FEATHER ,灯烛照明,低价格带,0.39
2248,35598B,BLACK CHRISTMAS TREE 60CM,其他,低价格带,0.65
2249,35598D,PINK/WHITE CHRISTMAS TREE 60CM,其他,低价格带,0.65
2250,35599B,BLACK CHRISTMAS TREE 120CM,其他,高价格带,4.6
2251,35599D,PINK AND WHITE CHRISTMAS TREE 120CM,其他,中价格带,2.45
2252,35607B,BLACK FEATHER CHRISTMAS DECORATION,家居装饰,低价格带,0.19
2253,35637A,IVORY STRING CURTAIN WITH POLE ,家居装饰,中价格带,1.95
2254,35637C,PINK STRING CURTAIN WITH POLE,家居装饰,中价格带,1.95
2255,35638A,PINK AND BLACK STRING CURTAIN,家居装饰,中价格带,1.95
2256,35638B,PINK/BLUE STRING CURTAIN ,家居装饰,中价格带,1.95
2257,35645,VINTAGE BEAD PINK JEWEL BOX,收纳储物,高价格带,4.25
2258,35646,VINTAGE BEAD PINK EVENING BAG,文具礼品,低价格带,1.25
2259,35648,VINTAGE BEAD PINK PURSE ,文具礼品,低价格带,0.83
2260,35649,VINTAGE BEAD COSMETIC BAG ,文具礼品,高价格带,3.35
2261,35651,VINTAGE BEAD PINK SCARF ,文具礼品,中价格带,1.65
2262,35653,VINTAGE BEAD NOTEBOOK,文具礼品,中价格带,2.95
2263,35809A,ENAMEL PINK TEA CONTAINER,厨房餐饮,低价格带,0.83
2264,35810A,ENAMEL PINK COFFEE CONTAINER,厨房餐饮,低价格带,0.83
2265,35810B,ENAMEL BLUE RIM COFFEE CONTAINER,厨房餐饮,中价格带,1.47
2266,35815P,"ACRYLIC JEWEL SNOWFLAKE, PINK",服饰配饰,中价格带,2.1
2267,35819B,"ACRYLIC HANGING JEWEL,BLUE",服饰配饰,低价格带,0.38
2268,35819P,"ACRYLIC HANGING JEWEL,PINK",服饰配饰,低价格带,0.38
2269,35833P,4 PINK FLOCK CHRISTMAS BALLS,其他,低价格带,1.25
2270,35910B,PINK FLOWERS RABBIT EASTER,园艺户外,中价格带,1.95
2271,35911B,PINK/FLOWER RABBIT EGG WARMER ,园艺户外,中价格带,2.1
2272,35912B,WHITE/PINK CHICK DECORATION,家居装饰,低价格带,1.16
2273,35913B,WHITE/PINK CHICK EASTER DECORATION,家居装饰,低价格带,0.85
2274,35914,PINK CHICK EGG WARMER + EGG CUP,厨房餐饮,低价格带,0.85
2275,35915B,BLUE KNITTED HEN ,其他,中价格带,1.65
2276,35916C,PINK FELT HANGING HEART W FLOWER,园艺户外,低价格带,0.85
2277,35921,EASTER BUNNY HANGING GARLAND,其他,低价格带,1.25
2278,35922,EASTER BUNNY WREATH,其他,高价格带,4.95
2279,35923,CANDY HEART HANGING DECORATION,家居装饰,低价格带,0.39
2280,35924,HANGING FAIRY CAKE DECORATION,家居装饰,中价格带,2.1
2281,35933,PINK STOCKING CHRISTMAS DECORATION,家居装饰,低价格带,0.38
2282,35953,FOLKART STAR CHRISTMAS DECORATIONS,家居装饰,低价格带,0.39
2283,35954,SMALL FOLKART STAR CHRISTMAS DEC,其他,低价格带,0.19
2284,35961,FOLKART ZINC HEART CHRISTMAS DEC,家居装饰,低价格带,0.85
2285,35964,FOLKART CLIP ON STARS,其他,低价格带,0.39
2286,35965,FOLKART HEART NAPKIN RINGS,家居装饰,低价格带,0.79
2287,35967,FOLK ART METAL STAR T-LIGHT HOLDER,灯烛照明,低价格带,0.38
2288,35968,FOLK ART METAL HEART T-LIGHT HOLDER,灯烛照明,低价格带,0.2
2289,35970,ZINC FOLKART SLEIGH BELLS,其他,中价格带,1.69
2290,35971,ROSE FOLKART HEART DECORATIONS,家居装饰,低价格带,1.25
2291,35972,DAISY FOLKART HEART DECORATION,家居装饰,低价格带,1.25
2292,37327,ASSTD MULTICOLOUR CIRCLES MUG,厨房餐饮,低价格带,0.39
2293,37333,RETRO TEA FOR ONE ,厨房餐饮,中价格带,1.95
2294,37340,MULTICOLOUR SPRING FLOWER MUG,厨房餐饮,低价格带,0.39
2295,37342,POLKADOT COFFEE CUP & SAUCER PINK,厨房餐饮,低价格带,0.79
2296,37343,POLKADOT MUG PINK ,厨房餐饮,中价格带,1.65
2297,37370,RETRO COFFEE MUGS ASSORTED,厨房餐饮,低价格带,1.25
2298,37413,ICON MUG REVOLUTIONARY,厨房餐饮,低价格带,0.39
2299,37444A,YELLOW BREAKFAST CUP AND SAUCER,厨房餐饮,中价格带,2.95
2300,37444C,PINK BREAKFAST CUP AND SAUCER ,厨房餐饮,中价格带,2.95
2301,37446,MINI CAKE STAND WITH HANGING CAKES,其他,中价格带,1.45
2302,37447,CERAMIC CAKE DESIGN SPOTTED PLATE,厨房餐饮,中价格带,1.49
2303,37448,CERAMIC CAKE DESIGN SPOTTED MUG,厨房餐饮,中价格带,1.49
2304,37449,CERAMIC CAKE STAND + HANGING CAKES,其他,高价格带,9.95
2305,37450,CERAMIC CAKE BOWL + HANGING CAKES,厨房餐饮,中价格带,2.95
2306,37467,PIG MUG IN TWO COLOUR DESIGNS,厨房餐饮,低价格带,0.39
2307,37468,HARDMAN MUG 3 ASSORTED,厨房餐饮,低价格带,0.39
2308,37475,SET/4 COLOURFUL MIXING BOWLS,厨房餐饮,高价格带,9.95
2309,37479B,CUBIC MUG FLOCK BLUE ON BROWN,厨房餐饮,低价格带,0.39
2310,37482P,CUBIC MUG PINK POLKADOT,厨房餐饮,低价格带,0.39
2311,37488A,YELLOW PINK FLOWER DESIGN BIG BOWL,厨房餐饮,低价格带,0.39
2312,37489A,YELLOW/PINK FLOWER DESIGN BIG MUG,厨房餐饮,低价格带,0.39
2313,37489B,BLUE/YELLOW FLOWER DESIGN BIG MUG,厨房餐饮,低价格带,1.17
2314,37489D,PINK/GREEN FLOWER DESIGN BIG MUG,厨房餐饮,低价格带,0.39
2315,37495,FAIRY CAKE BIRTHDAY CANDLE SET,灯烛照明,高价格带,3.75
2316,37500,TEA TIME TEAPOT IN GIFT BOX,厨房餐饮,高价格带,4.95
2317,37501,TEA TIME TEA SET IN GIFT BOX,厨房餐饮,高价格带,6.95
2318,40001,WHITE BAMBOO RIBS LAMPSHADE,灯烛照明,低价格带,0.85
2319,40003,WHITE BAMBOO RIBS LAMPSHADE,灯烛照明,低价格带,1.25
2320,40016,CHINESE DRAGON PAPER LANTERNS,灯烛照明,低价格带,0.42
2321,40046A,RED DAISY PAPER LAMPSHADE,灯烛照明,低价格带,1.25
2322,44089A,PINK GAUZE BUTTERFLY LAMPSHADE,灯烛照明,低价格带,0.42
2323,44092B,BLUE WHITE PLASTIC RINGS LAMPSHADE,灯烛照明,低价格带,0.85
2324,44092C,PURPLE/COPPER HANGING LAMPSHADE,灯烛照明,低价格带,0.85
2325,44234,ASSORTED CIRCULAR MOBILE,其他,低价格带,0.21
2326,44235,ASS COL CIRCLE MOBILE ,其他,低价格带,0.39
2327,44236,PINK/PURPLE CIRCLE CURTAIN,家居装饰,低价格带,0.79
2328,44242A,LILAC FEATHERS CURTAIN,家居装饰,低价格带,0.79
2329,46000M,POLYESTER FILLER PAD 45x45cm,其他,中价格带,1.55
2330,46000P,POLYESTER FILLER PAD 65CMx65CM,其他,高价格带,4.25
2331,46000R,POLYESTER FILLER PAD 45x30cm,其他,中价格带,1.45
2332,46000S,POLYESTER FILLER PAD 40x40cm,其他,中价格带,1.45
2333,46000U,POLYESTER FILLER PAD 30CMx30CM,其他,低价格带,1.25
2334,46118,FUNKY MONKEY CUSHION COVER,家居装饰,低价格带,0.85
2335,46126A,ELVIS WALLHANGING / CURTAIN,家居装饰,低价格带,1.25
2336,46138B,BLUE CHENILLE SHAGGY CUSHION COVER ,家居装饰,中价格带,1.4
2337,46775D,SUNSET COLOUR CHUNKY KNITTED THROW,其他,高价格带,16.95
2338,46776A,WOVEN BUBBLE GUM CUSHION COVER,家居装饰,高价格带,4.95
2339,46776B,WOVEN BERRIES CUSHION COVER ,家居装饰,高价格带,4.95
2340,46776C,WOVEN FROST CUSHION COVER,家居装饰,高价格带,4.95
2341,46776E,WOVEN CANDY CUSHION COVER ,家居装饰,高价格带,4.95
2342,46776F,WOVEN ROSE GARDEN CUSHION COVER ,园艺户外,高价格带,4.95
2343,47013A,WINE BOTTLE DRESSING LT.BLUE,厨房餐饮,低价格带,0.29
2344,47021G,SET/6 BEAD COASTERS GAUZE BAG GOLD,服饰配饰,低价格带,0.39
2345,47310M,SMALL POP BOX FUNKY MONKEY,收纳储物,低价格带,1.25
2346,47341B,BLUE TABLE RUN FLOWER,园艺户外,低价格带,1.25
2347,47343A,FUSCHIA FLOWER PURSE WITH BEADS,园艺户外,低价格带,0.83
2348,47348A,FUSCHIA VOILE POINTY SHOE DEC,其他,低价格带,0.39
2349,47351B,BLUE  VOILE LAMPSHADE,灯烛照明,中价格带,2.95
2350,47367B,PAIR PADDED HANGERS PINK CHECK,其他,高价格带,3.75
2351,47369A,PINK GREEN EMBROIDERY COSMETIC BAG,服饰配饰,中价格带,2.95
2352,47420,ASSORTED COLOUR SUCTION CUP HOOK,厨房餐饮,低价格带,0.19
2353,47421,ASSORTED COLOUR LIZARD SUCTION HOOK,家居装饰,低价格带,0.42
2354,47422,ASSORTED MONKEY SUCTION CUP HOOK,厨房餐饮,低价格带,0.42
2355,47469,ASSORTED SHAPES PHOTO CLIP SILVER ,其他,低价格带,0.65
2356,47471,RAINBOW PEGS PHOTO CLIP STRING,其他,低价格带,0.65
2357,47480,HANGING PHOTO CLIP ROPE LADDER,其他,中价格带,1.65
2358,47481,50CM METAL STRING WITH  7 CLIPS,其他,低价格带,0.85
2359,47503A,ASS FLORAL PRINT MULTI SCREWDRIVER,其他,低价格带,0.42
2360,47503H,ASS FLORAL PRINT SPIRIT LEVEL ,其他,低价格带,0.79
2361,47504H,ENGLISH ROSE SPIRIT LEVEL ,其他,低价格带,0.79
2362,47504K,ENGLISH ROSE GARDEN SECATEURS,园艺户外,低价格带,0.79
2363,47518F,ICON PLACEMAT POP ART ELVIS,其他,低价格带,0.12
2364,47559B,TEA TIME OVEN GLOVE,厨房餐饮,低价格带,1.25
2365,47563A,RETRO LONGBOARD IRONING BOARD COVER,其他,低价格带,1.25
2366,47566,PARTY BUNTING,其他,高价格带,4.95
2367,47566B,TEA TIME PARTY BUNTING,厨房餐饮,高价格带,4.95
2368,47567B,TEA TIME KITCHEN APRON,厨房餐饮,高价格带,5.95
2369,47570B,TEA TIME TABLE CLOTH,厨房餐饮,高价格带,10.65
2370,47574A,ENGLISH ROSE SCENTED HANGING FLOWER,园艺户外,低价格带,0.75
2371,47578A,ENGLISH ROSE SMALL SCENTED FLOWER,园艺户外,低价格带,0.85
2372,47579,TEA TIME BREAKFAST BASKET,厨房餐饮,中价格带,2.1
2373,47580,TEA TIME DES TEA COSY,厨房餐饮,中价格带,2.55
2374,47585A,PINK FAIRY CAKE CUSHION COVER,家居装饰,高价格带,3.75
2375,47586A,PINK FAIRY CAKE CUSHION COVER,家居装饰,中价格带,2.55
2376,47589,CONGRATULATIONS BUNTING,其他,高价格带,5.45
2377,47590A,BLUE HAPPY BIRTHDAY BUNTING,其他,高价格带,5.45
2378,47590B,PINK HAPPY BIRTHDAY BUNTING,其他,高价格带,5.45
2379,47591D,PINK FAIRY CAKE CHILDRENS APRON,服饰配饰,中价格带,1.95
2380,47593A,CAROUSEL PONIES BABY BIB,其他,低价格带,0.77
2381,47593B,SCOTTIE DOGS BABY BIB,其他,低价格带,0.39
2382,47594A,CAROUSEL DESIGN WASHBAG,服饰配饰,中价格带,1.95
2383,47594B,SCOTTIES DESIGN WASHBAG,服饰配饰,中价格带,1.95
2384,47599A,PINK PARTY BAGS,服饰配饰,中价格带,2.1
2385,47599B,BLUE PARTY BAGS ,服饰配饰,中价格带,2.1
2386,48111,DOORMAT 3 SMILEY CATS,家居装饰,高价格带,7.95
2387,48116,DOORMAT MULTICOLOUR STRIPE,家居装饰,高价格带,7.95
2388,48129,DOORMAT TOPIARY,家居装饰,高价格带,7.95
2389,48138,DOORMAT UNION FLAG,家居装饰,高价格带,7.95
2390,48173C,DOORMAT BLACK FLOCK ,家居装饰,高价格带,7.95
2391,48184,DOORMAT ENGLISH ROSE ,家居装饰,高价格带,7.95
2392,48185,DOORMAT FAIRY CAKE,家居装饰,高价格带,7.95
2393,48187,DOORMAT NEW ENGLAND,家居装饰,高价格带,7.95
2394,48188,DOORMAT WELCOME PUPPIES,家居装饰,高价格带,7.95
2395,48194,DOORMAT HEARTS,家居装饰,高价格带,7.95
2396,51014A,"FEATHER PEN,HOT PINK",其他,低价格带,0.39
2397,51014C,"FEATHER PEN,COAL BLACK",其他,低价格带,0.85
2398,51014L,"FEATHER PEN,LIGHT PINK",灯烛照明,低价格带,0.85
2399,51020B,STRIPY DESIGN SHOWER CAP,其他,低价格带,1.25
2400,62018,SOMBRERO ,其他,中价格带,1.95
2401,62074B,ELEPHANT CLIP W SUCTION CUP,厨房餐饮,低价格带,0.42
2402,62086A,PINK RETRO BIG FLOWER BAG,园艺户外,中价格带,1.95
2403,62096A,PINK/YELLOW FLOWERS HANDBAG,园艺户外,低价格带,1.25
2404,62097B,BLUE STRIPES SHOULDER BAG,服饰配饰,低价格带,0.83
2405,70006,LOVE HEART POCKET WARMER,家居装饰,中价格带,1.65
2406,70007,HI TEC ALPINE HAND WARMER,卫浴清洁,中价格带,1.65
2407,71038,WHITE HANGING BEADS CANDLE HOLDER,灯烛照明,高价格带,5.45
2408,71050,SMALL SINGLE FLAME CANDLE HOLDER,灯烛照明,低价格带,0.35
2409,71053,WHITE METAL LANTERN,灯烛照明,高价格带,3.75
2410,71101E,STANDING FAIRY POLE SUPPORT ,其他,低价格带,0.78
2411,71215,METAL BASE FOR CANDLES,灯烛照明,低价格带,0.42
2412,71270,PHOTO CLIP LINE,其他,低价格带,1.25
2413,71279,PINK GLASS CANDLEHOLDER,灯烛照明,中价格带,2.95
2414,71403,PINK/WHITE KEEP CLEAN BULLET BIN,卫浴清洁,中价格带,2.95
2415,71406C,BLACK ORANGE SQUEEZER,其他,低价格带,0.42
2416,71459,HANGING JAM JAR T-LIGHT HOLDER,收纳储物,低价格带,0.85
2417,71477,COLOUR GLASS. STAR T-LIGHT HOLDER,灯烛照明,高价格带,3.25
2418,71495B,CD WALL TIDY RED FLOWERS,园艺户外,低价格带,0.42
2419,72051S,BAG OF SILVER STONES,服饰配饰,低价格带,0.42
2420,72122,COFFEE SCENT PILLAR CANDLE,厨房餐饮,低价格带,0.95
2421,72127,COLUMBIAN CANDLE ROUND ,灯烛照明,低价格带,1.25
2422,72128,COLUMBIAN CANDLE ROUND,灯烛照明,低价格带,0.85
2423,72130,COLUMBIAN CANDLE ROUND,灯烛照明,低价格带,0.65
2424,72131,COLUMBIAN CANDLE RECTANGLE,灯烛照明,中价格带,1.95
2425,72132,COLUMBIAN CUBE CANDLE,灯烛照明,中价格带,1.95
2426,72133,COLUMBIAN CANDLE RECTANGLE,灯烛照明,低价格带,1.25
2427,72134,COLUMBIAN  CUBE CANDLE ,灯烛照明,低价格带,0.85
2428,72225C,LAVENDER SCENT CAKE CANDLE,灯烛照明,低价格带,0.29
2429,72232,FENG SHUI PILLAR CANDLE,灯烛照明,低价格带,0.19
2430,72349B,SET/6 PURPLE BUTTERFLY T-LIGHTS,灯烛照明,中价格带,2.1
2431,72351A,SET/6 TURQUOISE BUTTERFLY T-LIGHTS,灯烛照明,中价格带,2.1
2432,72351B,SET/6 PINK  BUTTERFLY T-LIGHTS,灯烛照明,中价格带,2.1
2433,72586,SET OF 6 HALLOWEEN GHOST T-LIGHTS,灯烛照明,低价格带,0.42
2434,72598,SET/12 TAPER CANDLES,灯烛照明,低价格带,0.85
2435,72709,IVORY SCULPTED RND CANDLE ,灯烛照明,低价格带,0.85
2436,72741,GRAND CHOCOLATECANDLE,灯烛照明,中价格带,1.45
2437,72760B,VINTAGE CREAM 3 BASKET CAKE STAND,收纳储物,高价格带,9.95
2438,72780,BLACK SILOUETTE CANDLE PLATE,厨房餐饮,低价格带,0.85
2439,72799C,PINK PILLAR CANDLE SILVER FLOCK,灯烛照明,中价格带,2.95
2440,72799E,IVORY PILLAR CANDLE SILVER FLOCK,灯烛照明,中价格带,1.87
2441,72799F,IVORY PILLAR CANDLE GOLD FLOCK,灯烛照明,中价格带,2.75
2442,72800B, 4 PURPLE FLOCK DINNER CANDLES,灯烛照明,中价格带,2.55
2443,72800C,4 PINK DINNER CANDLE SILVER FLOCK,灯烛照明,中价格带,2.55
2444,72800D,4 BLUE DINNER CANDLES SILVER FLOCK,灯烛照明,中价格带,2.55
2445,72800E,4 IVORY DINNER CANDLES SILVER FLOCK,灯烛照明,中价格带,2.55
2446,72801C,4 ROSE PINK DINNER CANDLES,灯烛照明,低价格带,1.25
2447,72801G,4 BURGUNDY WINE DINNER CANDLES,灯烛照明,低价格带,1.25
2448,72802A,ROSE SCENT CANDLE IN JEWELLED BOX,收纳储物,高价格带,4.25
2449,72802B,OCEAN SCENT CANDLE IN JEWELLED BOX,收纳储物,高价格带,4.25
2450,72802C,VANILLA SCENT CANDLE JEWELLED BOX,收纳储物,高价格带,4.25
2451,72803A,ROSE SCENT CANDLE JEWELLED DRAWER,收纳储物,高价格带,4.25
2452,72807A,SET/3 ROSE CANDLE IN JEWELLED BOX,收纳储物,高价格带,4.25
2453,72807B,SET/3 OCEAN SCENT CANDLE JEWEL BOX,收纳储物,高价格带,4.25
2454,72807C,SET/3 VANILLA SCENTED CANDLE IN BOX,收纳储物,高价格带,4.25
2455,72811,SMALL ZINC/GLASS CANDLEHOLDER,灯烛照明,低价格带,1.25
2456,72816,SET/3 CHRISTMAS DECOUPAGE CANDLES,灯烛照明,低价格带,1.1
2457,72817,SET OF 2 CHRISTMAS DECOUPAGE CANDLE,灯烛照明,低价格带,0.79
2458,72818,CHRISTMAS DECOUPAGE CANDLE,灯烛照明,低价格带,0.39
2459,72819,CUPID DESIGN SCENTED CANDLES,厨房餐饮,中价格带,2.55
2460,75049L,LARGE CIRCULAR MIRROR MOBILE,家居装饰,低价格带,1.25
2461,75131,METAL TUBE CHIME ON BAMBOO,其他,中价格带,1.69
2462,75172,PAINTED SEA SHELL METAL WINDCHIME,其他,中价格带,2.27
2463,77079,DOLPHIN WINDMILL,其他,中价格带,2.12
2464,77101A,UNION FLAG WINDSOCK,其他,低价格带,1.25
2465,78033,FLAG OF ST GEORGE CHAIR,其他,高价格带,4.25
2466,78124,MAGAZINE RACK GEBRA ASSORTED ,其他,低价格带,1.25
2467,79000,MOROCCAN TEA GLASS,厨房餐饮,低价格带,0.85
2468,79030D,TUMBLER BAROQUE,其他,低价格带,0.39
2469,79030G,TUMBLER NEW ENGLAND,其他,低价格带,0.39
2470,79051A,SMOKEY GREY COLOUR D.O.F. GLASS,其他,低价格带,0.29
2471,79063C,"RETRO PILL BOX KEY CHAIN,THE KING",收纳储物,低价格带,0.19
2472,79063D,"RETRO PILL BOX , REVOLUTIONARY",收纳储物,低价格带,0.19
2473,79066K,RETRO MOD TRAY,其他,低价格带,0.85
2474,79067,CORONA MEXICAN TRAY,其他,高价格带,3.75
2475,79071B,ENGLISH ROSE METAL WASTE BIN,其他,中价格带,2.95
2476,79144B,PAINTED LIGHTBULB STAR+ MOON,灯烛照明,低价格带,0.42
2477,79144C,PAINTED LIGHTBULB RAINBOW DESIGN,灯烛照明,低价格带,0.42
2478,79149B,SILICON STAR BULB  BLUE,其他,低价格带,0.42
2479,79151B,"SILICON CUBE 25W, BLUE",其他,低价格带,0.42
2480,79160,HEART SHAPE WIRELESS DOORBELL,家居装饰,中价格带,2.1
2481,79163,BLACK CHAMPAGNE GLASS,其他,低价格带,0.39
2482,79164,BLACK WINE GLASS,其他,低价格带,0.39
2483,79190A,RETRO PLASTIC 70'S TRAY,其他,低价格带,0.42
2484,79190B,RETRO PLASTIC POLKA TRAY,其他,低价格带,0.42
2485,79190D,RETRO PLASTIC DAISY TRAY,其他,低价格带,0.42
2486,79191B,RETRO PLASTIC POLKA TRAY,其他,低价格带,0.85
2487,79191C,RETRO PLASTIC ELEPHANT TRAY,其他,低价格带,0.85
2488,79302M,"ART LIGHTS,FUNK MONKEY",灯烛照明,中价格带,2.95
2489,79321,CHILLI LIGHTS,灯烛照明,高价格带,5.75
2490,79331,PINK FLOCK GLASS CANDLEHOLDER,灯烛照明,中价格带,1.65
2491,79336,LIGHT PINK FLOCK GLASS CANDLEHOLDER,灯烛照明,低价格带,0.38
2492,79337,BLUE FLOCK GLASS CANDLEHOLDER,灯烛照明,低价格带,0.38
2493,79403,FROSTED WHITE BASE ,其他,低价格带,0.85
2494,81950B,FLOWER BLUE CLOCK WITH SUCKER,园艺户外,低价格带,0.29
2495,81950V,FLOWER PURPLE CLOCK WITH SUCKER,园艺户外,低价格带,0.29
2496,81952B,ROUND BLUE CLOCK WITH SUCKER,家居装饰,低价格带,0.19
2497,81953P,ROUND ARTICULATED PINK CLOCK W/SUCK,家居装饰,低价格带,0.19
2498,82001S,VINYL RECORD FRAME SILVER,家居装饰,高价格带,3.75
2499,82011A,"BATHROOM SCALES, TROPICAL BEACH",卫浴清洁,高价格带,3.75
2500,82011B,BATHROOM SCALES RUBBER DUCKS,卫浴清洁,中价格带,2.95
2501,82011C,BATHROOM SCALES FOOTPRINTS IN SAND,卫浴清洁,高价格带,3.75
2502,82482,WOODEN PICTURE FRAME WHITE FINISH,家居装饰,中价格带,2.55
2503,82483,WOOD 2 DRAWER CABINET WHITE FINISH,收纳储物,高价格带,6.95
2504,82484,WOOD BLACK BOARD ANT WHITE FINISH,其他,高价格带,7.95
2505,82486,WOOD S/3 CABINET ANT WHITE FINISH,收纳储物,高价格带,8.95
2506,82494L,WOODEN FRAME ANTIQUE WHITE ,家居装饰,中价格带,2.95
2507,82551,LAUNDRY 15C METAL SIGN,家居装饰,中价格带,1.45
2508,82552,WASHROOM METAL SIGN,卫浴清洁,中价格带,1.45
2509,82567,"AIRLINE LOUNGE,METAL SIGN",家居装饰,中价格带,2.1
2510,82578,KITCHEN METAL SIGN,厨房餐饮,低价格带,0.55
2511,82580,BATHROOM METAL SIGN,卫浴清洁,低价格带,0.55
2512,82581,TOILET METAL SIGN,卫浴清洁,低价格带,0.55
2513,82582,AREA PATROLLED METAL SIGN,家居装饰,中价格带,2.1
2514,82583,HOT BATHS METAL SIGN,卫浴清洁,中价格带,2.1
2515,82599,FANNY'S REST STOPMETAL SIGN,家居装饰,中价格带,2.1
2516,82600,NO SINGING METAL SIGN,家居装饰,中价格带,2.1
2517,82605,OLD DOC RUSSEL METAL SIGN,家居装饰,中价格带,2.1
2518,82613A,"METAL SIGN,CUPCAKE SINGLE HOOK",厨房餐饮,低价格带,1.25
2519,82613B,"METAL SIGN,CUPCAKE SINGLE HOOK",厨房餐饮,低价格带,1.25
2520,82613C,"METAL SIGN,CUPCAKE SINGLE HOOK",厨房餐饮,低价格带,1.25
2521,82613D,METAL SIGN CUPCAKE SINGLE HOOK,厨房餐饮,低价格带,1.25
2522,82616B,FRAPPUCINO SCARF KNITTING KIT,服饰配饰,低价格带,1.25
2523,82616C,MIDNIGHT GLAMOUR SCARF KNITTING KIT,服饰配饰,低价格带,1.25
2524,84006,MAGIC TREE -PAPER FLOWERS,园艺户外,低价格带,0.85
2525,84012,MAGIC SHEEP WOOL GROWING FROM PAPER,园艺户外,低价格带,0.85
2526,84029E,RED WOOLLY HOTTIE WHITE HEART.,家居装饰,高价格带,4.1
2527,84029G,KNITTED UNION FLAG HOT WATER BOTTLE,厨房餐饮,高价格带,3.75
2528,84030E,ENGLISH ROSE HOT WATER BOTTLE,厨房餐饮,高价格带,4.25
2529,84031A,CHARLIE+LOLA RED HOT WATER BOTTLE ,厨房餐饮,高价格带,4.13
2530,84031B,CHARLIE LOLA BLUE HOT WATER BOTTLE ,厨房餐饮,高价格带,4.65
2531,84032A,CHARLIE+LOLA PINK HOT WATER BOTTLE,厨房餐饮,中价格带,2.95
2532,84032B,CHARLIE + LOLA RED HOT WATER BOTTLE,厨房餐饮,中价格带,2.95
2533,84033,FLAG OF ST GEORGE ,其他,中价格带,1.65
2534,84050,PINK HEART SHAPE EGG FRYING PAN,家居装饰,中价格带,1.65
2535,84051,ASS COLOUR GLOWING TIARAS,其他,低价格带,0.85
2536,84077,WORLD WAR 2 GLIDERS ASSTD DESIGNS,其他,低价格带,0.29
2537,84078A,SET/4 WHITE RETRO STORAGE CUBES ,收纳储物,高价格带,39.95
2538,84086B,YELLOW/BLUE RETRO RADIO,其他,中价格带,2.95
2539,84192,ASSORTED COLOUR METAL CAT ,其他,低价格带,1.25
2540,84199,GLOW IN DARK DOLPHINS,其他,低价格带,0.21
2541,84201C,HAPPY BIRTHDAY CARD TEDDY/CAKE,玩具游戏,低价格带,0.19
2542,84206B,CAT WITH SUNGLASSES BLANK CARD,文具礼品,低价格带,0.19
2543,84206C,CHAMPAGNE TRAY BLANK CARD,文具礼品,低价格带,0.19
2544,84212,ASSORTED FLOWER COLOUR LEIS,园艺户外,低价格带,0.65
2545,84218,BOX/12 CHICK & EGG IN BASKET,收纳储物,中价格带,1.95
2546,84226,HEN HOUSE W FAMILY IN BARN & NEST,其他,低价格带,0.85
2547,84247E,PACK OF 12 CHRISTMAS FUN CARDS,文具礼品,中价格带,2.95
2548,84247G,"DECOUPAGE,GREETING CARD,",文具礼品,低价格带,0.42
2549,84247L,FAWN AND MUSHROOM GREETING CARD,文具礼品,低价格带,0.42
2550,84247N,PACK/12 BLUE FOLKART CARDS,文具礼品,中价格带,2.95
2551,84249A,"GREETING CARD,SQUARE, DOUGHNUTS",文具礼品,低价格带,0.42
2552,84251B,"GREETING CARD, STICKY GORDON",文具礼品,低价格带,0.19
2553,84279B,CHERRY BLOSSOM DECORATIVE FLASK,其他,高价格带,3.75
2554,84279P,CHERRY BLOSSOM  DECORATIVE FLASK,其他,高价格带,3.75
2555,84313C,ORANGE TV TRAY TABLE ,其他,中价格带,1.95
2556,84341B,SMALL PINK MAGIC CHRISTMAS TREE,其他,低价格带,0.38
2557,84347,ROTATING SILVER ANGELS T-LIGHT HLDR,灯烛照明,中价格带,2.55
2558,84352,SILVER CHRISTMAS TREE BAUBLE STAND ,其他,高价格带,16.95
2559,84356,POMPOM CURTAIN,家居装饰,高价格带,6.95
2560,84358,FLOOR LAMP SHADE WOOD BASE,灯烛照明,高价格带,9.22
2561,84360,TABLE LAMP WHITE SHADE WOOD BASE,灯烛照明,高价格带,5.95
2562,84375,SET OF 20 KIDS COOKIE CUTTERS,厨房餐饮,中价格带,2.1
2563,84378,SET OF 3 HEART COOKIE CUTTERS,厨房餐饮,低价格带,1.25
2564,84380,SET OF 3 BUTTERFLY COOKIE CUTTERS,厨房餐饮,低价格带,1.25
2565,84402B,PURPLE DRESS JEWELLERY STAND,服饰配饰,低价格带,0.79
2566,84406B,CREAM CUPID HEARTS COAT HANGER,厨房餐饮,高价格带,4.15
2567,84415B,BLUE FLOCK CUSHION COVER ,家居装饰,低价格带,1.25
2568,84429A,MEDIUM PINK BUDDHA HEAD ,其他,中价格带,2.95
2569,84452,METAL RABBIT LADDER EASTER ,其他,低价格带,0.85
2570,84457,SET/3 RABBITS FLOWER SKIPPPING ROPE,园艺户外,低价格带,0.85
2571,84459A,PINK METAL CHICKEN HEART ,家居装饰,中价格带,1.37
2572,84459B,YELLOW METAL CHICKEN HEART ,家居装饰,中价格带,1.49
2573,84461,12 PINK HEN+CHICKS IN BASKET,收纳储物,中价格带,2.55
2574,84462,3 PINK HEN+CHICKS IN BASKET,收纳储物,低价格带,1.25
2575,84465,15 PINK FLUFFY CHICKS IN BOX,收纳储物,中价格带,2.95
2576,84466,TOP SECRET PEN SET,其他,低价格带,1.25
2577,84497,BUTTONS AND STRIPES NOTEBOOK ,文具礼品,高价格带,3.75
2578,84507B,STRIPES DESIGN MONKEY DOLL,玩具游戏,中价格带,2.55
2579,84508B,STRIPES DESIGN TEDDY,玩具游戏,中价格带,2.55
2580,84508C,BLUE CIRCLES DESIGN TEDDY,玩具游戏,中价格带,2.55
2581,84509A,SET OF 4 ENGLISH ROSE PLACEMATS,其他,高价格带,3.75
2582,84509B,SET OF 4 FAIRY CAKE PLACEMATS,其他,高价格带,3.75
2583,84509C,SET OF 4 POLKADOT PLACEMATS ,其他,高价格带,3.75
2584,84509E,SET OF 4 CAROUSEL PLACEMATS ,其他,高价格带,3.75
2585,84509G,SET OF 4 FAIRY CAKE PLACEMATS ,其他,高价格带,3.75
2586,84510A,SET OF 4 ENGLISH ROSE COASTERS,其他,低价格带,1.25
2587,84510C,SET OF 4 POLKADOT COASTERS,其他,低价格带,1.25
2588,84519A,TOMATO CHARLIE+LOLA COASTER SET,其他,低价格带,1.25
2589,84519B,CARROT CHARLIE+LOLA COASTER SET,其他,低价格带,1.25
2590,84520B,PACK 20 ENGLISH ROSE PAPER NAPKINS,其他,低价格带,0.85
2591,84522,PINK PARTY SUNGLASSES,其他,中价格带,1.95
2592,84531A,PINK KNITTED EGG COSY,其他,低价格带,0.39
2593,84531B,BLUE KNITTED EGG COSY,其他,低价格带,0.39
2594,84534B,FAIRY CAKE NOTEBOOK A5 SIZE,文具礼品,低价格带,0.85
2595,84535A,ENGLISH ROSE NOTEBOOK A6 SIZE,文具礼品,低价格带,0.65
2596,84535B,FAIRY CAKES NOTEBOOK A6 SIZE,文具礼品,低价格带,0.65
2597,84536A,ENGLISH ROSE NOTEBOOK A7 SIZE,文具礼品,低价格带,0.42
2598,84536B,FAIRY CAKES NOTEBOOK A7 SIZE,文具礼品,低价格带,0.42
2599,84548,CROCHET BEAR RED/BLUE  KEYRING,服饰配饰,中价格带,1.65
2600,84558A,3D DOG PICTURE PLAYING CARDS,玩具游戏,中价格带,2.95
2601,84559A,3D SHEET OF DOG STICKERS,家居装饰,低价格带,0.85
2602,84559B,3D SHEET OF CAT STICKERS,家居装饰,低价格带,0.85
2603,84563A,PINK & WHITE BREAKFAST TRAY,其他,高价格带,5.95
2604,84563B,BLUE & WHITE BREAKFAST TRAY,其他,中价格带,2.95
2605,84568,GIRLS ALPHABET IRON ON PATCHES ,文具礼品,低价格带,0.21
2606,84569A,PACK 3 IRON ON DOG PATCHES,其他,低价格带,1.25
2607,84569B,PACK 3 FIRE ENGINE/CAR PATCHES,其他,低价格带,1.25
2608,84569D,PACK 6 HEART/ICE-CREAM PATCHES,家居装饰,低价格带,1.25
2609,84575A,PINK DOG CANNISTER,其他,高价格带,5.95
2610,84576,BLUE CAT BISCUIT BARREL PINK HEART,家居装饰,中价格带,1.95
2611,84580,MOUSE TOY WITH PINK T-SHIRT,玩具游戏,高价格带,3.75
2612,84581,DOG TOY WITH PINK CROCHET SKIRT,玩具游戏,高价格带,3.75
2613,84584,PINK GINGHAM CAT WITH SCARF,服饰配饰,中价格带,2.55
2614,84592,CROCHET ROSE PURSE WITH SUEDE BACK,服饰配饰,中价格带,2.95
2615,84595E,LARGE TORTILLA DESIGN RED BOWL,厨房餐饮,中价格带,2.7
2616,84596B,SMALL DOLLY MIX DESIGN ORANGE BOWL,厨房餐饮,低价格带,0.42
2617,84596E,SMALL LICORICE DES PINK BOWL,厨房餐饮,低价格带,0.83
2618,84596F,SMALL MARSHMALLOWS PINK BOWL,厨房餐饮,低价格带,0.42
2619,84596G,SMALL CHOCOLATES PINK BOWL,厨房餐饮,低价格带,0.42
2620,84596J,MIXED NUTS LIGHT GREEN BOWL,厨房餐饮,低价格带,0.42
2621,84596L,BISCUITS SMALL BOWL LIGHT BLUE,厨房餐饮,低价格带,0.42
2622,84598,BOYS ALPHABET IRON ON PATCHES,文具礼品,低价格带,0.21
2623,84600,NEW BAROQUE JEWELLERY BOX ,收纳储物,高价格带,7.95
2624,84609,TALL ROCOCO CANDLE HOLDER,灯烛照明,高价格带,8.5
2625,84613C,BLUE NEW BAROQUE FLOCK CANDLESTICK,灯烛照明,高价格带,4.65
2626,84616,SILVER ROCCOCO CHANDELIER,其他,高价格带,29.95
2627,84625A,PINK NEW BAROQUECANDLESTICK CANDLE,灯烛照明,低价格带,0.85
2628,84625C,BLUE NEW BAROQUE CANDLESTICK CANDLE,灯烛照明,低价格带,0.85
2629,84631,FRUIT TREE AND BIRDS WALL PLAQUE,家居装饰,高价格带,7.95
2630,84632,DECORATIVE HANGING SHELVING UNIT,其他,高价格带,59.95
2631,84637,KITCHEN FLOWER POTS WALL PLAQUE,厨房餐饮,高价格带,5.95
2632,84658,WHITE STITCHED CUSHION COVER,家居装饰,高价格带,6.95
2633,84659A,WHITE TRAVEL ALARM CLOCK,家居装饰,中价格带,2.55
2634,84660A,WHITE STITCHED WALL CLOCK,家居装饰,低价格带,0.79
2635,84660B,BLACK STITCHED WALL CLOCK,家居装饰,低价格带,0.79
2636,84660C,PINK STITCHED WALL CLOCK,家居装饰,中价格带,2.27
2637,84661A,WHITE SQUARE TABLE CLOCK,家居装饰,中价格带,2.55
2638,84661C,PINK SQUARE TABLE CLOCK,家居装饰,低价格带,0.79
2639,84665,SQUARE CHERRY BLOSSOM CABINET,收纳储物,高价格带,5.95
2640,84666,SQUARE CHERRY BLOSSOM CABINET,收纳储物,高价格带,3.95
2641,84673B,BLUE FLY SWAT,其他,低价格带,0.65
2642,84674,FLYING PIG WATERING CAN,园艺户外,中价格带,2.95
2643,84687,BEACH HUT SHELF W 3 DRAWERS,收纳储物,高价格带,4.95
2644,84688,BEACH HUT DESIGN BLACKBOARD,其他,高价格带,4.25
2645,84691,PACK 20 DOLLY PEGS,玩具游戏,低价格带,0.72
2646,84692,BOX OF 24 COCKTAIL PARASOLS,收纳储物,低价格带,0.42
2647,84707A,SILVER JEWELLED MIRROR TRINKET TRAY,服饰配饰,高价格带,9.95
2648,84707B,PINK JEWELLED MIRROR TRINKET TRAY,服饰配饰,高价格带,9.95
2649,84708B,PINK JEWELLED PHOTO FRAME ,服饰配饰,高价格带,4.95
2650,84709B,PINK OVAL JEWELLED MIRROR,服饰配饰,高价格带,5.95
2651,84711A,SILVER OVAL SHAPE TRINKET BOX,收纳储物,高价格带,9.95
2652,84711B,PINK OVAL SHAPE TRINKET BOX,收纳储物,高价格带,9.95
2653,84712B,PINK JEWELLED PHOTO FRAME,服饰配饰,高价格带,7.95
2654,84715,SET OF 6 ICE CREAM SKITTLES,其他,中价格带,2.95
2655,84725,FREESTYLE CANVAS ART PICTURE,其他,中价格带,1.65
2656,84732B,CUTE BIRD CEATURE SCREEN,其他,低价格带,0.39
2657,84741C,CITRUS GARLAND FELT FLOWERS ,园艺户外,中价格带,1.95
2658,84744,S/6 SEW ON CROCHET FLOWERS,园艺户外,低价格带,1.25
2659,84745B,BLUE HANGING GINGHAM EASTER HEN,其他,低价格带,0.42
2660,84750B,BLACK SMALL GLASS CAKE STAND,其他,低价格带,1.17
2661,84751B,BLACK MEDIUM GLASS CAKE STAND,其他,低价格带,0.79
2662,84754,S/15 SILVER GLASS BAUBLES IN BAG,服饰配饰,低价格带,1.25
2663,84755,COLOUR GLASS T-LIGHT HOLDER HANGING,灯烛照明,低价格带,0.65
2664,84760S,SMALL HANGING GLASS+ZINC LANTERN,灯烛照明,中价格带,1.45
2665,84763,ZINC FINISH 15CM PLANTER POTS,园艺户外,低价格带,1.25
2666,84766,SILVER ROCOCO CANDLE STICK,灯烛照明,中价格带,1.95
2667,84789,ENCHANTED BIRD PLANT CAGE,园艺户外,高价格带,3.75
2668,84792,ENCHANTED BIRD COATHANGER 5 HOOK,家居装饰,高价格带,4.65
2669,84795B,SUNSET CHECK HAMMOCK,其他,高价格带,6.95
2670,84796A,PINK HAWAIIAN PICNIC HAMPER FOR 2,其他,高价格带,12.75
2671,84796B,BLUE SAVANNAH PICNIC HAMPER FOR 2,其他,高价格带,11.85
2672,84798B,PURPLE FOXGLOVE ARTIIFCIAL FLOWER,园艺户外,中价格带,2.55
2673,84799,SPRIG LAVENDER ARTIFICIAL FLOWER,园艺户外,低价格带,0.42
2674,84800L,LARGE WHITE/PINK ROSE ART FLOWER,园艺户外,中价格带,1.69
2675,84801B,WHITE HYDRANGEA ART FLOWER,园艺户外,中价格带,2.1
2676,84804A,CREAM DELPHINIUM ARTIFICIAL FLOWER,园艺户外,中价格带,2.95
2677,84805A,CREAM CLIMBING HYDRANGA ART FLOWER,园艺户外,高价格带,3.75
2678,84806A,PINK CANDYSTUFT ARTIFICIAL FLOWER,园艺户外,中价格带,1.45
2679,84806B,WHITE CANDYSTUFT ARTIFICIAL FLOWER,园艺户外,中价格带,1.45
2680,84809A,WHITE CHRYSANTHEMUMS ART FLOWER,园艺户外,中价格带,2.1
2681,84813,SET OF 4 DIAMOND NAPKIN RINGS,其他,高价格带,12.75
2682,84816,DANISH ROSE BEDSIDE CABINET,收纳储物,高价格带,39.95
2683,84817,DANISH ROSE DECORATIVE PLATE,厨房餐饮,中价格带,2.1
2684,84818,DANISH ROSE PHOTO FRAME,家居装饰,低价格带,0.85
2685,84819,DANISH ROSE ROUND SEWING BOX,收纳储物,低价格带,0.85
2686,84820,DANISH ROSE TRINKET TRAYS,其他,高价格带,5.95
2687,84821,DANISH ROSE DELUXE COASTER,其他,低价格带,0.85
2688,84823,DANISH ROSE FOLDING CHAIR,其他,高价格带,7.95
2689,84824,DANISH ROSE UMBRELLA STAND,服饰配饰,高价格带,15.95
2690,84826,ASSTD DESIGN 3D PAPER STICKERS,家居装饰,低价格带,0.85
2691,84827,ASS DES PHONE SPONGE CRAFT STICKER,卫浴清洁,低价格带,0.65
2692,84828,JUNGLE POPSICLES ICE LOLLY MOULDS,其他,低价格带,1.25
2693,84832,ZINC WILLIE WINKIE  CANDLE STICK,灯烛照明,低价格带,0.85
2694,84836,ZINC METAL HEART DECORATION,家居装饰,低价格带,1.25
2695,84840,SWEETHEART CARRY-ALL BASKET,收纳储物,高价格带,8.5
2696,84842,HELLO SAILOR BATHROOM SET,卫浴清洁,高价格带,3.75
2697,84843,WHITE SOAP RACK WITH 2 BOTTLES,厨房餐饮,高价格带,5.95
2698,84847,FLORAL BATHROOM SET,卫浴清洁,高价格带,3.75
2699,84849A,HELLO SAILOR BLUE SOAP HOLDER,卫浴清洁,中价格带,1.69
2700,84849B,FAIRY SOAP SOAP HOLDER,卫浴清洁,中价格带,1.69
2701,84849D,HOT BATHS SOAP HOLDER,卫浴清洁,中价格带,1.69
2702,84857B,BLUE MONTE CARLO HANDBAG,服饰配饰,中价格带,1.95
2703,84859A,SILVER DISCO HANDBAG,服饰配饰,中价格带,1.95
2704,84859C,PINK DISCO HANDBAG,服饰配饰,中价格带,1.95
2705,84865,NEW BAROQUE BLACK PHOTO ALBUM,其他,中价格带,2.95
2706,84870B,BLUE GEISHA GIRL ,其他,高价格带,3.75
2707,84870C,GREEN GEISHA GIRL ,其他,高价格带,3.75
2708,84875B,GREEN SQUARE COMPACT MIRROR,家居装饰,高价格带,3.75
2709,84875D,BLUE SQUARE COMPACT MIRROR,家居装饰,低价格带,1.25
2710,84876B,GREEN HEART COMPACT MIRROR,家居装饰,低价格带,1.25
2711,84877A,PINK ROUND COMPACT MIRROR,家居装饰,低价格带,1.25
2712,84877D,BLUE ROUND COMPACT MIRROR,家居装饰,高价格带,3.75
2713,84879,ASSORTED COLOUR BIRD ORNAMENT,家居装饰,中价格带,1.69
2714,84880,WHITE WIRE EGG HOLDER,其他,高价格带,7.5
2715,84882,GREEN WIRE STANDING CANDLE HOLDER,灯烛照明,高价格带,3.75
2716,84884A,ANT WHITE WIRE HEART SPIRAL,家居装饰,高价格带,3.95
2717,84898F,YELLOW FLOWERS FELT HANDBAG KIT,园艺户外,中价格带,2.1
2718,84912A,PINK ROSE WASHBAG,服饰配饰,高价格带,3.75
2719,84912B,GREEN ROSE WASHBAG,服饰配饰,高价格带,3.75
2720,84913A,SOFT PINK ROSE TOWEL ,卫浴清洁,高价格带,4.65
2721,84913B,MINT GREEN ROSE TOWEL,卫浴清洁,高价格带,4.65
2722,84916,HAND TOWEL PALE BLUE W FLOWERS,园艺户外,低价格带,1.25
2723,84919,BLUE CUSHION COVER WITH FLOWER,园艺户外,高价格带,6.95
2724,84920,PINK FLOWER FABRIC PONY,园艺户外,高价格带,3.75
2725,84924A,WAKE UP COCKEREL CALENDAR SIGN ,其他,高价格带,3.75
2726,84924F,PSYCHEDELIC METAL SIGN CALENDAR,家居装饰,低价格带,0.79
2727,84925D,LA PALMIERA WALL THERMOMETER,家居装饰,中价格带,2.55
2728,84925F,PSYCHEDELIC WALL THERMOMETER,家居装饰,中价格带,2.55
2729,84926A,WAKE UP COCKEREL TILE COASTER,其他,低价格带,0.29
2730,84926D,LA PALMIERA TILE COASTER,其他,低价格带,0.29
2731,84926E,FLOWERS TILE COASTER,园艺户外,低价格带,0.29
2732,84926F,PSYCHEDELIC TILE COASTER,其他,低价格带,0.29
2733,84927A,WAKE UP COCKEREL TILE HOOK,家居装饰,中价格带,2.1
2734,84927D,LA PALMIERA TILE HOOK,家居装饰,低价格带,0.39
2735,84927E,FLOWERS TILE HOOK,园艺户外,低价格带,0.39
2736,84927F,PSYCHEDELIC TILE HOOK,家居装饰,低价格带,0.39
2737,84929,ASSTD FRUIT+FLOWERS FRIDGE MAGNETS,园艺户外,低价格带,0.19
2738,84931A,PINK SCOTTIE DOG W FLOWER PATTERN,园艺户外,中价格带,2.55
2739,84931B,BLUE SCOTTIE DOG W FLOWER PATTERN,园艺户外,中价格带,2.55
2740,84944,SET OF 6 KASHMIR FOLKART BAUBLES,其他,中价格带,1.65
2741,84945,MULTI COLOUR SILVER T-LIGHT HOLDER,灯烛照明,低价格带,0.85
2742,84946,ANTIQUE SILVER T-LIGHT GLASS,灯烛照明,低价格带,1.25
2743,84947,ANTIQUE SILVER TEA GLASS ENGRAVED,厨房餐饮,低价格带,1.25
2744,84949,SILVER HANGING T-LIGHT HOLDER,灯烛照明,中价格带,1.65
2745,84950,ASSORTED COLOUR T-LIGHT HOLDER,灯烛照明,低价格带,0.65
2746,84951A,SET OF 4 PISTACHIO LOVEBIRD COASTER,其他,低价格带,0.79
2747,84951B,SET OF 4 BLACK LOVEBIRD COASTERS,其他,中价格带,1.66
2748,84952B,BLACK LOVE BIRD T-LIGHT HOLDER,灯烛照明,低价格带,1.25
2749,84968A,SET OF 16 VINTAGE ROSE CUTLERY,厨房餐饮,高价格带,12.75
2750,84968C,SET OF 16 VINTAGE PISTACHIO CUTLERY,厨房餐饮,高价格带,12.75
2751,84968D,SET OF 16 VINTAGE RED CUTLERY,厨房餐饮,高价格带,12.75
2752,84968E,SET OF 16 VINTAGE BLACK CUTLERY,厨房餐饮,高价格带,12.75
2753,84968F,SET OF 16 VINTAGE SKY BLUE CUTLERY,厨房餐饮,高价格带,12.75
2754,84969,BOX OF 6 ASSORTED COLOUR TEASPOONS,收纳储物,高价格带,4.25
2755,84970L,SINGLE HEART ZINC T-LIGHT HOLDER,灯烛照明,低价格带,0.95
2756,84970S,HANGING HEART ZINC T-LIGHT HOLDER,灯烛照明,低价格带,0.85
2757,84971S,SMALL HEART FLOWERS HOOK ,园艺户外,低价格带,0.85
2758,84974,S/2 ZINC HEART DESIGN PLANTERS,园艺户外,高价格带,9.95
2759,84976,RECTANGULAR SHAPED MIRROR,家居装饰,低价格带,0.79
2760,84978,HANGING HEART JAR T-LIGHT HOLDER,收纳储物,低价格带,1.25
2761,84984A,GREEN PEONY CUSHION COVER,家居装饰,高价格带,4.65
2762,84984D,ORIENTAL RED CUSHION COVER ,家居装饰,高价格带,4.65
2763,84985A,SET OF 72 GREEN PAPER DOILIES,其他,中价格带,1.45
2764,84987,SET OF 36 TEATIME PAPER DOILIES,其他,中价格带,1.45
2765,84988,SET OF 72 PINK HEART PAPER DOILIES,家居装饰,中价格带,1.45
2766,84989A,75 GREEN FAIRY CAKE CASES,其他,低价格带,0.55
2767,84991,60 TEATIME FAIRY CAKE CASES,其他,低价格带,0.55
2768,84992,72 SWEETHEART FAIRY CAKE CASES,家居装饰,低价格带,0.55
2769,84993A,75 GREEN PETIT FOUR CASES,其他,低价格带,0.42
2770,84993B,75 BLACK PETIT FOUR CASES,其他,低价格带,0.42
2771,84997A,CHILDRENS CUTLERY POLKADOT GREEN ,厨房餐饮,高价格带,4.15
2772,84997B,CHILDRENS CUTLERY RETROSPOT RED ,厨房餐饮,高价格带,4.15
2773,84997C,BLUE 3 PIECE POLKADOT CUTLERY SET,厨房餐饮,高价格带,4.15
2774,84997D,CHILDRENS CUTLERY POLKADOT PINK,厨房餐饮,高价格带,4.15
2775,85006,SET 4 NURSERY DES ROUND BOXES,收纳储物,中价格带,2.95
2776,85008,SET OF 3 CONEY ISLAND OVAL BOXES,收纳储物,高价格带,4.95
2777,85014A,BLACK/BLUE POLKADOT UMBRELLA,服饰配饰,高价格带,5.95
2778,85014B,RED RETROSPOT UMBRELLA,服饰配饰,高价格带,5.95
2779,85015,SET OF 12  VINTAGE POSTCARD SET,文具礼品,低价格带,0.65
2780,85016,SET OF 6 VINTAGE NOTELETS KIT,文具礼品,中价格带,1.6
2781,85017A,ENVELOPE 50 ROMANTIC IMAGES,其他,低价格带,0.85
2782,85017B,ENVELOPE 50 BLOSSOM IMAGES,其他,低价格带,0.42
2783,85017C,ENVELOPE 50 CURIOUS IMAGES,其他,低价格带,0.85
2784,85019A,ROMANTIC IMAGES NOTEBOOK SET,文具礼品,低价格带,1.25
2785,85019B,BLOSSOM  IMAGES NOTEBOOK SET,文具礼品,低价格带,1.25
2786,85019C,CURIOUS  IMAGES NOTEBOOK SET,文具礼品,低价格带,1.25
2787,85023B,EAU DE NILE JEWELLED PHOTOFRAME,服饰配饰,中价格带,2.55
2788,85024B,EAU DE NILE JEWELLED PHOTOFRAME,服饰配饰,中价格带,1.65
2789,85024C,PINK SMALL JEWELLED PHOTOFRAME,服饰配饰,中价格带,1.65
2790,85025B,EAU DE NILE HEART SHAPE PHOTO FRAME,家居装饰,中价格带,1.65
2791,85025C,PINK HEART SHAPE PHOTO FRAME,家居装饰,中价格带,1.65
2792,85026B,EAU DE NILE JEWELLED T-LIGHT HOLDER,灯烛照明,低价格带,0.85
2793,85028L,FRENCH CHATEAU LARGE FRUIT BOWL ,厨房餐饮,中价格带,1.95
2794,85028S,FRENCH CHATEAU SMALL FRUITBOWL,厨房餐饮,中价格带,1.95
2795,85030,FRENCH CHATEAU OVAL PLATTER,服饰配饰,中价格带,1.95
2796,85032A,ROMANTIC IMAGES GIFT WRAP SET,文具礼品,低价格带,0.65
2797,85032B,BLOSSOM IMAGES GIFT WRAP SET,文具礼品,低价格带,0.65
2798,85032C,CURIOUS IMAGES GIFT WRAP SET,文具礼品,低价格带,0.65
2799,85032D,YULETIDE IMAGES GIFT WRAP SET,文具礼品,低价格带,0.65
2800,85034A,3 GARDENIA MORRIS BOXED CANDLES,收纳储物,低价格带,1.25
2801,85034B,3 WHITE CHOC MORRIS BOXED CANDLES,收纳储物,低价格带,1.25
2802,85034C,3 ROSE MORRIS BOXED CANDLES,收纳储物,低价格带,1.25
2803,85035A,GARDENIA 3 WICK MORRIS BOXED CANDLE,收纳储物,高价格带,4.25
2804,85035B,CHOCOLATE 3 WICK MORRIS BOX CANDLE,收纳储物,高价格带,4.25
2805,85035C,ROSE 3 WICK MORRIS BOX CANDLE,收纳储物,低价格带,1.25
2806,85036A,GARDENIA 1 WICK MORRIS BOXED CANDLE,收纳储物,高价格带,4.25
2807,85036B,CHOCOLATE 1 WICK MORRIS BOX CANDLE,收纳储物,高价格带,4.03
2808,85036C,ROSE 1 WICK MORRIS BOXED CANDLE,收纳储物,低价格带,1.25
2809,85038,6 CHOCOLATE LOVE HEART T-LIGHTS,灯烛照明,中价格带,2.1
2810,85039A,SET/4 RED MINI ROSE CANDLE IN BOWL,厨房餐饮,中价格带,1.65
2811,85039B,S/4 IVORY MINI ROSE CANDLE IN BOWL,厨房餐饮,中价格带,1.65
2812,85039C,S/4 BLACK MINI ROSE CANDLE IN BOWL,厨房餐饮,中价格带,1.63
2813,85040A,S/4 PINK FLOWER CANDLES IN BOWL,厨房餐饮,中价格带,1.65
2814,85040B,SET/4 BLUE FLOWER CANDLES IN BOWL,厨房餐饮,中价格带,1.65
2815,85048,15CM CHRISTMAS GLASS BALL 20 LIGHTS,灯烛照明,高价格带,7.95
2816,85049A,TRADITIONAL CHRISTMAS RIBBONS,文具礼品,低价格带,1.25
2817,85049C,ROMANTIC PINKS RIBBONS ,文具礼品,低价格带,1.25
2818,85049D,BRIGHT BLUES RIBBONS ,文具礼品,低价格带,1.25
2819,85049E,SCANDINAVIAN REDS RIBBONS,文具礼品,低价格带,1.25
2820,85049F,BABY BOOM RIBBONS ,文具礼品,低价格带,1.25
2821,85049G,CHOCOLATE BOX RIBBONS ,收纳储物,低价格带,1.25
2822,85049H,URBAN BLACK RIBBONS ,文具礼品,低价格带,1.25
2823,85053,FRENCH ENAMEL CANDLEHOLDER,灯烛照明,中价格带,2.1
2824,85054,FRENCH ENAMEL POT W LID,其他,中价格带,2.95
2825,85055,FRENCH ENAMEL UTENSIL HOLDER,其他,高价格带,3.35
2826,85059,FRENCH ENAMEL WATER BASIN,其他,高价格带,3.75
2827,85061W,WHITE JEWELLED HEART DECORATION,服饰配饰,低价格带,0.85
2828,85062,PEARL CRYSTAL PUMPKIN T-LIGHT HLDR,灯烛照明,中价格带,1.65
2829,85064,CREAM SWEETHEART LETTER RACK,文具礼品,高价格带,5.45
2830,85066,CREAM SWEETHEART MINI CHEST,家居装饰,高价格带,12.75
2831,85067,CREAM SWEETHEART WALL CABINET,收纳储物,高价格带,18.95
2832,85071A,BLUE CHARLIE+LOLA PERSONAL DOORSIGN,家居装饰,低价格带,0.39
2833,85071B,RED CHARLIE+LOLA PERSONAL DOORSIGN,家居装饰,低价格带,0.39
2834,85071C,CHARLIE+LOLAEXTREMELY BUSY SIGN,其他,低价格带,0.39
2835,85071D,CHARLIE+LOLA MY ROOM DOOR SIGN,家居装饰,低价格带,0.39
2836,85078,SCANDINAVIAN 3 HEARTS NAPKIN RING,家居装饰,低价格带,0.19
2837,85084,HOLLY TOP CHRISTMAS STOCKING,其他,低价格带,0.85
2838,85086A,CANDY SPOT HEART DECORATION,家居装饰,低价格带,0.85
2839,85087,CANDY SPOT CUSHION COVER,家居装饰,中价格带,2.95
2840,85094,CANDY SPOT EGG WARMER RABBIT,其他,低价格带,0.19
2841,85095,THREE CANVAS LUGGAGE TAGS,文具礼品,中价格带,1.95
2842,85096,HILDA CANDY SPOT RABBIT,其他,高价格带,3.75
2843,85099B,JUMBO BAG RED RETROSPOT,服饰配饰,中价格带,2.08
2844,85099C,JUMBO  BAG BAROQUE BLACK WHITE,服饰配饰,中价格带,2.08
2845,85099F,JUMBO BAG STRAWBERRY,服饰配饰,中价格带,2.08
2846,85103,SILVER T-LIGHT SETTING,灯烛照明,高价格带,6.75
2847,85104,SILVER GLASS T-LIGHT SET,灯烛照明,高价格带,3.52
2848,85106,CUT GLASS HEXAGON T-LIGHT HOLDER,灯烛照明,中价格带,2.55
2849,85107,CUT GLASS T-LIGHT HOLDER OCTAGON,灯烛照明,中价格带,2.55
2850,85111,SILVER GLITTER FLOWER VOTIVE HOLDER,园艺户外,低价格带,0.29
2851,85114A,BLACK ENCHANTED FOREST PLACEMAT,其他,中价格带,1.65
2852,85114B,IVORY ENCHANTED FOREST PLACEMAT,其他,中价格带,1.65
2853,85114C,RED ENCHANTED FOREST PLACEMAT,其他,中价格带,1.65
2854,85116,BLACK CANDELABRA T-LIGHT HOLDER,灯烛照明,低价格带,1.25
2855,85118,HEART T-LIGHT HOLDER,灯烛照明,低价格带,1.25
2856,85123A,WHITE HANGING HEART T-LIGHT HOLDER,灯烛照明,中价格带,2.95
2857,85124B,BLUE JUICY FRUIT PHOTO FRAME,家居装饰,中价格带,2.55
2858,85124C,GREEN JUICY FRUIT PHOTO FRAME,家居装饰,中价格带,2.55
2859,85125,SMALL ROUND CUT GLASS CANDLESTICK,灯烛照明,高价格带,4.6
2860,85127,SMALL SQUARE CUT GLASS CANDLESTICK,灯烛照明,高价格带,4.95
2861,85129B,BEADED CRYSTAL HEART GREEN SMALL,家居装饰,低价格带,1.25
2862,85129C,BEADED CRYSTAL HEART BLUE SMALL,家居装饰,低价格带,1.25
2863,85129D,BEADED CRYSTAL HEART PINK SMALL,家居装饰,低价格带,1.25
2864,85130A,BEADED PEARL HEART WHITE LARGE,家居装饰,中价格带,1.65
2865,85130B,BEADED CRYSTAL HEART GREEN LARGE,家居装饰,低价格带,0.79
2866,85130C,BEADED CRYSTAL HEART BLUE  LARGE,家居装饰,低价格带,0.79
2867,85130D,BEADED CRYSTAL HEART PINK LARGE,家居装饰,低价格带,0.79
2868,85131A,BEADED PEARL HEART WHITE ON STICK,家居装饰,低价格带,1.25
2869,85131B,BEADED CRYSTAL HEART GREEN ON STICK,家居装饰,低价格带,0.83
2870,85131C,BEADED CRYSTAL HEART BLUE ON STICK,家居装饰,低价格带,0.83
2871,85131D,BEADED CRYSTAL HEART PINK ON STICK,家居装饰,低价格带,0.83
2872,85132A,CHARLIE + LOLA BISCUITS TINS,其他,中价格带,1.95
2873,85132B,CHARLIE AND LOLA TABLE TINS,其他,中价格带,1.95
2874,85132C,CHARLIE AND LOLA FIGURES TINS,其他,中价格带,1.95
2875,85135A,YELLOW DRAGONFLY HELICOPTER,其他,高价格带,7.95
2876,85135B,BLUE DRAGONFLY HELICOPTER,其他,高价格带,7.95
2877,85135C,RED DRAGONFLY HELICOPTER,其他,高价格带,7.95
2878,85136A,YELLOW SHARK HELICOPTER,其他,高价格带,7.95
2879,85136C,RED SHARK HELICOPTER,其他,高价格带,7.95
2880,85141,JARDIN ETCHED GLASS FRUITBOWL,厨房餐饮,高价格带,3.95
2881,85144,JARDIN ETCHED GLASS CHEESE DISH,厨房餐饮,中价格带,1.95
2882,85145,JARDIN ETCHED GLASS LARGE BELL JAR,收纳储物,高价格带,12.75
2883,85146,JARDIN ETCHED GLASS SMALL BELL JAR,收纳储物,高价格带,5.95
2884,85150,LADIES & GENTLEMEN METAL SIGN,家居装饰,中价格带,2.55
2885,85152,HAND OVER THE CHOCOLATE   SIGN ,其他,中价格带,2.1
2886,85159A,"BLACK TEA,COFFEE,SUGAR JARS",厨房餐饮,中价格带,1.6
2887,85159B,"WHITE TEA,COFFEE,SUGAR JARS",厨房餐饮,中价格带,1.95
2888,85161,ACRYLIC GEOMETRIC LAMP,灯烛照明,高价格带,16.95
2889,85163A,WHITE BAROQUE WALL CLOCK ,家居装饰,高价格带,12.75
2890,85163B,BLACK BAROQUE WALL CLOCK ,家居装饰,高价格带,8.35
2891,85168B,BLACK BAROQUE CARRIAGE CLOCK,家居装饰,高价格带,9.95
2892,85169A,IVORY LOVE BIRD CANDLE,灯烛照明,低价格带,1.25
2893,85169B,BLACK LOVE BIRD CANDLE,灯烛照明,低价格带,1.25
2894,85169C,EAU DE NIL LOVE BIRD CANDLE,灯烛照明,低价格带,1.25
2895,85169D,PINK LOVE BIRD CANDLE,灯烛照明,低价格带,1.25
2896,85170B,SET/6 BLACK BIRD T-LIGHT CANDLES,灯烛照明,中价格带,2.1
2897,85170C,SET/6 EAU DE NIL BIRD T-LIGHTS,灯烛照明,中价格带,2.1
2898,85170D,SET/6 PINK BIRD T-LIGHT CANDLES,灯烛照明,中价格带,2.1
2899,85172,HYACINTH BULB T-LIGHT CANDLES,灯烛照明,低价格带,0.42
2900,85173,SET/6 FROG PRINCE T-LIGHT CANDLES,灯烛照明,中价格带,2.55
2901,85174,S/4 CACTI CANDLES,灯烛照明,高价格带,4.95
2902,85175,CACTI T-LIGHT CANDLES,灯烛照明,低价格带,0.42
2903,85176,SEWING SUSAN 21 NEEDLE SET,其他,低价格带,0.85
2904,85177,BASKET OF FLOWERS SEWING KIT,收纳储物,低价格带,0.85
2905,85178,VICTORIAN SEWING KIT,其他,低价格带,1.25
2906,85179A,GREEN BITTY LIGHT CHAIN,灯烛照明,低价格带,1.25
2907,85180A,RED HEARTS LIGHT CHAIN ,灯烛照明,低价格带,1.25
2908,85180B,PINK HEARTS LIGHT CHAIN ,灯烛照明,高价格带,4.65
2909,85183A,CHARLIE & LOLA WASTEPAPER BIN BLUE,其他,低价格带,1.25
2910,85183B,CHARLIE & LOLA WASTEPAPER BIN FLORA,其他,低价格带,1.25
2911,85184C,S/4 VALENTINE DECOUPAGE HEART BOX,收纳储物,中价格带,2.95
2912,85185B,PINK HORSE SOCK PUPPET,其他,中价格带,2.95
2913,85186A,EASTER BUNNY GARLAND OF FLOWERS,园艺户外,低价格带,0.42
2914,85186C,BUNNY EGG GARLAND,其他,低价格带,0.42
2915,85187,S/12 MINI RABBIT EASTER,其他,中价格带,1.65
2916,85188A,GREEN METAL SWINGING BUNNY,其他,低价格带,0.85
2917,85194L,HANGING SPRING FLOWER EGG LARGE,园艺户外,低价格带,0.85
2918,85194S,HANGING SPRING FLOWER EGG SMALL,园艺户外,低价格带,0.65
2919,85195,HANGING HEART BASKET,收纳储物,中价格带,2.1
2920,85197,SET OF 12 MINI BUNNIES IN A BUCKET,其他,中价格带,2.1
2921,85199L,LARGE HANGING IVORY & RED WOOD BIRD,其他,低价格带,0.65
2922,85199S,SMALL HANGING IVORY/RED WOOD BIRD,其他,低价格带,0.42
2923,85202,HANGING WOOD AND FELT HEART,家居装饰,低价格带,0.42
2924,85203,HANGING WOOD AND FELT BUTTERFLY ,其他,低价格带,0.42
2925,85204,HANGING WOOD AND FELT FLOWER,园艺户外,低价格带,0.12
2926,85205B,PINK FELT EASTER RABBIT GARLAND,其他,中价格带,2.55
2927,85206A,CREAM FELT EASTER EGG BASKET,收纳储物,中价格带,1.65
2928,85208,SET/12 FUNKY FELT FLOWER PEG IN BAG,园艺户外,中价格带,2.1
2929,85211,S/4 GROOVY CAT MAGNETS,家居装饰,低价格带,1.22
2930,85212,MINI PAINTED GARDEN DECORATION ,园艺户外,低价格带,0.29
2931,85213,MINI  ZINC GARDEN DECORATIONS ,园艺户外,低价格带,0.85
2932,85214,TUB 24 PINK FLOWER PEGS,园艺户外,中价格带,1.65
2933,85215,ASSORTED CHEESE FRIDGE MAGNETS,家居装饰,低价格带,0.65
2934,85216,ASSORTED CAKES FRIDGE MAGNETS,家居装饰,低价格带,0.65
2935,85225,BLING KEY RING STAND,服饰配饰,低价格带,1.25
2936,85227,SET OF 6 3D KIT CARDS FOR KIDS,文具礼品,低价格带,0.85
2937,85230A,OPIUM SCENTED VOTIVE CANDLE,灯烛照明,低价格带,0.21
2938,85230B,CINNAMON SCENTED VOTIVE CANDLE,灯烛照明,低价格带,0.29
2939,85230E,STRAWBRY SCENTED VOTIVE CANDLE,灯烛照明,低价格带,0.29
2940,85230F,JASMINE VOTIVE CANDLE,灯烛照明,低价格带,0.29
2941,85230G,ORANGE VOTIVE CANDLE,灯烛照明,低价格带,0.29
2942,85231B,CINAMMON SET OF 9 T-LIGHTS,灯烛照明,低价格带,0.85
2943,85231G,ORANGE SCENTED SET/9 T-LIGHTS,灯烛照明,低价格带,0.85
2944,85232A,SET/3 POLKADOT STACKING TINS,其他,高价格带,4.95
2945,85232B,SET OF 3 BABUSHKA STACKING TINS,其他,高价格带,4.95
2946,85232D,SET/3 DECOUPAGE STACKING TINS,其他,高价格带,4.95
2947,90000D,COPPER/OLIVE GREEN FLOWER NECKLACE,园艺户外,高价格带,5.95
2948,90001D,ANTIQUE OLIVE GREEN FLOWER EARRINGS,园艺户外,高价格带,4.25
2949,90002D,FLOWER BURST SILVER RING CRYSTAL,园艺户外,高价格带,3.75
2950,90003D,CRYSTAL PAIR HEART HAIR SLIDES,家居装饰,高价格带,3.75
2951,90010B,BLACK/WHITE GLASS/SILVER BRACELET,服饰配饰,高价格带,8.95
2952,90010E,AMBER GLASS/SILVER BRACELET,服饰配饰,高价格带,8.95
2953,90011B,BLACK CRYSTAL DROP EARRINGS,其他,中价格带,2.95
2954,90013A,MIDNIGHT BLUE VINTAGE EARRINGS,文具礼品,高价格带,3.75
2955,90014B,GOLD M PEARL  ORBIT NECKLACE,服饰配饰,高价格带,9.95
2956,90014C,SILVER/BLACK ORBIT NECKLACE,服饰配饰,高价格带,9.95
2957,90016A,SILVER/M.O.P PENDANT ORBIT NECKLACE,服饰配饰,高价格带,6.38
2958,90018B,GOLD M.O.P ORBIT DROP EARRINGS,其他,高价格带,4.25
2959,90019A,SILVER M.O.P ORBIT BRACELET,服饰配饰,高价格带,4.95
2960,90022,EDWARDIAN DROP EARRINGS JET BLACK,其他,高价格带,3.75
2961,90024B,NEW BAROQUE B'FLY NECKLACE RED,服饰配饰,高价格带,8.5
2962,90026A,GLASS BEAD HOOP NECKLACE BLACK,服饰配饰,高价格带,8.5
2963,90026D,GLASS BEAD HOOP NECKLACE AMETHYST,服饰配饰,高价格带,8.5
2964,90029,NEW BAROQUE SMALL NECKLACE BLACK,服饰配饰,高价格带,8.5
2965,90030A,SPOTTED WHITE NATURAL SEED NECKLACE,园艺户外,低价格带,1.0
2966,90030B,RED KUKUI COCONUT SEED NECKLACE,园艺户外,低价格带,1.0
2967,90030C,BROWN KUKUI COCONUT SEED NECKLACE,园艺户外,低价格带,1.0
2968,90032,IVORY SHELL HEART NECKLACE,服饰配饰,高价格带,4.69
2969,90035C,PEARL & SHELL 42NECKL. IVORY,其他,高价格带,10.75
2970,90039A,FIRE POLISHED GLASS BRACELET RED,服饰配饰,高价格带,3.75
2971,90039D,FIRE POLISHED GLASS BRACELET GREEN,服饰配饰,高价格带,3.75
2972,90043,COPPER AND BRASS BAG CHARM,服饰配饰,高价格带,9.96
2973,90057,DIAMANTE RING ASSORTED IN BOX.,收纳储物,低价格带,1.25
2974,90058A,CRYSTAL STUD EARRINGS CLEAR DISPLAY,其他,低价格带,0.38
2975,90058B,CRYSTAL STUD EARRINGS ASSORTED COL ,其他,低价格带,0.38
2976,90059B,DIAMANTE HAIR GRIP PACK/2 BLACK DIA,其他,中价格带,1.65
2977,90059D,DIAMANTE HAIR GRIP PACK/2 PERIDOT,其他,中价格带,1.65
2978,90059F,DIAMANTE HAIR GRIP PACK/2 LT ROSE,其他,中价格带,1.65
2979,90060D,FIRE POLISHED GLASS NECKL BRONZE,其他,高价格带,5.95
2980,90063A,WHITE VINT ART DECO CRYSTAL NECKLAC,其他,高价格带,8.5
2981,90064A,WHITE VINTAGE CRYSTAL EARRINGS,文具礼品,高价格带,3.75
2982,90064B,BLACK VINTAGE  CRYSTAL EARRINGS,文具礼品,高价格带,3.75
2983,90065A,WHITE VINTAGE CRYSTAL BRACELET,文具礼品,高价格带,6.75
2984,90082B,DIAMANTE BOW BROOCH RED COLOUR,其他,高价格带,6.35
2985,90082D,DIAMANTE BOW BROOCH BLACK COLOUR,其他,高价格带,6.35
2986,90084,PINK CRYSTAL GUITAR PHONE CHARM,服饰配饰,低价格带,0.85
2987,90086,CRYSTAL FROG PHONE CHARM,服饰配饰,低价格带,0.19
2988,90087,CRYSTAL SEA HORSE PHONE CHARM,服饰配饰,中价格带,1.63
2989,90094,NECKLACE+BRACELET SET FRUIT SALAD ,服饰配饰,中价格带,2.55
2990,90098,NECKLACE+BRACELET PINK BUTTERFLY,服饰配饰,中价格带,2.55
2991,90102,WHITE FRANGIPANI HAIR CLIP,其他,低价格带,0.85
2992,90103,PURPLE FRANGIPANI NECKLACE,服饰配饰,中价格带,2.55
2993,90104,PURPLE FRANGIPANI HAIRCLIP,其他,低价格带,0.85
2994,90114,SUMMER DAISIES BAG CHARM,服饰配饰,中价格带,2.55
2995,90116,FRUIT SALAD BAG CHARM,服饰配饰,中价格带,1.69
2996,90118,PINK DAISY BAG CHARM,服饰配饰,中价格带,2.55
2997,90119,METALIC LEAVES BAG CHARMS,服饰配饰,中价格带,2.46
2998,90120D,WHITE MURANO TWIST BRACELET,服饰配饰,高价格带,4.25
2999,90122C,TURQUOISE CRYSTAL+GLASS BRACELET,服饰配饰,高价格带,4.95
3000,90123C,GREEN HEART OF GLASS BRACELET,服饰配饰,高价格带,5.95
3001,90123D,WHITE HEART OF GLASS BRACELET,服饰配饰,高价格带,5.95
3002,90124B,BLUE MURANO TWIST NECKLACE,服饰配饰,高价格带,9.95
3003,90125A,PINK BERTIE GLASS BEAD BAG CHARM,服饰配饰,低价格带,0.85
3004,90125D,PURPLE BERTIE GLASS BEAD BAG CHARM,服饰配饰,中价格带,1.48
3005,90129F,RED GLASS TASSLE BAG CHARM,服饰配饰,中价格带,2.95
3006,90133,TEAL/FUSCHIA COL BEAD NECKLACE,服饰配饰,高价格带,4.95
3007,90136,PALE PINK/AMETHYST STONE NECKLACE,服饰配饰,高价格带,9.95
3008,90141A,GREEN PENDANT TRIPLE SHELL NECKLACE,服饰配饰,高价格带,4.95
3009,90141C,TURQ PENDANT TRIPLE SHELL NECKLACE,服饰配饰,高价格带,4.95
3010,90142D,MOP PENDANT SHELL NECKLACE,服饰配饰,高价格带,4.95
3011,90147,CHUNKY SILVER NECKLACE PASTEL FLOWE,服饰配饰,高价格带,9.95
3012,90148,LONG SILVER NECKLACE PASTEL FLOWER,园艺户外,高价格带,12.75
3013,90149,SILVER FLOWR PINK SHELL NECKLACE,服饰配饰,高价格带,7.5
3014,90151,SILVER/NATURAL SHELL NECKLACE,服饰配饰,高价格带,8.5
3015,90152A,SILVER/NAT SHELL NECKLACE W PENDANT,服饰配饰,高价格带,5.95
3016,90159,COTE D'AZURE NECKLACE,服饰配饰,高价格带,4.95
3017,90160A,PURPLE BOUDICCA LARGE BRACELET,服饰配饰,高价格带,6.95
3018,90160C,TURQ+RED BOUDICCA LARGE BRACELET,服饰配饰,高价格带,6.95
3019,90160D,PINK BOUDICCA LARGE BRACELET,服饰配饰,高价格带,6.95
3020,90161B,ANT COPPER TURQ BOUDICCA BRACELET,服饰配饰,高价格带,4.95
3021,90161C,ANT COPPER LIME BOUDICCA BRACELET,服饰配饰,高价格带,4.95
3022,90161D,ANT COPPER PINK BOUDICCA BRACELET,服饰配饰,高价格带,4.95
3023,90162B,ANT SILVER LIME GREEN BOUDICCA RING,其他,中价格带,2.95
3024,90163B,WHITE ROSEBUD & PEARL NECKLACE,服饰配饰,高价格带,7.5
3025,90164A,PINK ROSEBUD PEARL BRACELET,服饰配饰,中价格带,1.95
3026,90164B,WHITE  ROSEBUD PEARL BRACELET,服饰配饰,中价格带,1.95
3027,90166,PINK & WHITE ROSEBUD RING,其他,高价格带,4.15
3028,90173,PAIR BUTTERFLY HAIR CLIPS,其他,高价格带,3.75
3029,90174,BUTTERFLY HAIR BAND,其他,中价格带,2.55
3030,90175A,WHITE GLASS CHUNKY CHARM BRACELET,服饰配饰,高价格带,8.95
3031,90175C,BLUE GLASS CHUNKY CHARM BRACELET,服饰配饰,高价格带,8.95
3032,90176E,DIAMANTE NECKLACE GREEN,服饰配饰,高价格带,7.5
3033,90179A,AMBER FINE BEAD NECKLACE W TASSEL,服饰配饰,高价格带,5.95
3034,90184B,AMETHYST CHUNKY BEAD BRACELET W STR,服饰配饰,高价格带,8.95
3035,90185A,AMBER DIAMANTE EXPANDABLE RING,其他,高价格带,4.25
3036,90185D,CRYSTAL DIAMANTE EXPANDABLE RING,其他,高价格带,4.25
3037,90186B,CRYSTAL HOOP EARRING FLORAL LEAF,其他,中价格带,2.95
3038,90189A,SILVER 2 STRAND NECKLACE-LEAF CHARM,服饰配饰,高价格带,7.5
3039,90191,SILVER LARIAT 40CM,其他,高价格带,12.75
3040,90192,JADE DROP EARRINGS W FILIGREE,其他,高价格带,4.95
3041,90194,SILVER LARIAT BLACK STONE EARRINGS,其他,高价格带,4.25
3042,90195A,PURPLE GEMSTONE BRACELET,服饰配饰,中价格带,2.95
3043,90195B,BLACK GEMSTONE BRACELET,服饰配饰,高价格带,8.95
3044,90199A,5 STRAND GLASS NECKLACE BLACK,服饰配饰,高价格带,6.35
3045,90200B,BLACK SWEETHEART BRACELET,服饰配饰,高价格带,4.25
3046,90200C,BLUE SWEETHEART BRACELET,服饰配饰,高价格带,4.25
3047,90200E,GREEN SWEETHEART BRACELET,服饰配饰,高价格带,4.25
3048,90201A,PURPLE ENAMEL FLOWER RING,园艺户外,中价格带,2.95
3049,90201B,BLACK ENAMEL FLOWER RING,园艺户外,中价格带,2.95
3050,90201C,RED ENAMEL FLOWER RING,园艺户外,中价格带,2.95
3051,90201D,GREEN ENAMEL FLOWER RING,园艺户外,中价格带,2.95
3052,90204,PAIR OF ENAMEL BUTTERFLY HAIRCLIP,其他,高价格带,3.35
3053,90205A,LARGE MINT DIAMANTE HAIRSLIDE,其他,中价格带,1.65
3054,90205C,LARGE CRYSTAL DIAMANTE HAIRSLIDE,其他,中价格带,1.65
3055,90206A,GOLD DIAMANTE STAR BROOCH,其他,高价格带,4.95
3056,90206C,CRYSTAL DIAMANTE STAR BROOCH,其他,高价格带,4.95
3057,90209B,GREEN ENAMEL+GLASS HAIR COMB,其他,中价格带,2.1
3058,90209C,PINK ENAMEL+GLASS HAIR COMB,其他,中价格带,1.75
3059,90210A,GREY ACRYLIC FACETED BANGLE,其他,低价格带,1.25
3060,90214A,LETTER A BLING KEY RING,文具礼品,低价格带,0.77
3061,90214C,LETTER C BLING KEY RING,文具礼品,低价格带,0.29
3062,90214D,LETTER D BLING KEY RING,文具礼品,低价格带,1.25
3063,90214H,LETTER H BLING KEY RING,文具礼品,低价格带,0.29
3064,90214K,LETTER K BLING KEY RING,文具礼品,低价格带,1.25
3065,90214L,LETTER L BLING KEY RING,文具礼品,低价格带,0.29
3066,90214M,LETTER M BLING KEY RING,文具礼品,低价格带,1.25
3067,90214P,LETTER P BLING KEY RING,文具礼品,低价格带,0.77
3068,90214Z,LETTER Z BLING KEY RING,文具礼品,低价格带,0.29
3069,C2,CARRIAGE,其他,高价格带,50.0
3070,DOT,DOTCOM POSTAGE,文具礼品,高价格带,769.94
3071,M,Manual,其他,中价格带,1.5
3072,POST,POSTAGE,文具礼品,高价格带,18.0
