id,customer_code,customer_name,segment,value_tier,country
1,C12347,客户_12347,批发型,高价值,United Kingdom
2,C12348,客户_12348,批发型,高价值,United Kingdom
3,C12349,客户_12349,批发型,中价值,United Kingdom
4,C12350,客户_12350,批发型,低价值,United Kingdom
5,C12352,客户_12352,零售型,高价值,United Kingdom
6,C12354,客户_12354,零售型,中价值,United Kingdom
7,C12355,客户_12355,批发型,低价值,United Kingdom
8,C12356,客户_12356,批发型,高价值,United Kingdom
9,C12357,客户_12357,批发型,高价值,United Kingdom
10,C12358,客户_12358,批发型,低价值,United Kingdom
11,C12359,客户_12359,批发型,高价值,United Kingdom
12,C12360,客户_12360,批发型,高价值,United Kingdom
13,C12361,客户_12361,批发型,低价值,United Kingdom
14,C12362,客户_12362,批发型,高价值,United Kingdom
15,C12363,客户_12363,批发型,低价值,United Kingdom
16,C12364,客户_12364,批发型,高价值,United Kingdom
17,C12365,客户_12365,零售型,低价值,United Kingdom
18,C12370,客户_12370,批发型,高价值,United Kingdom
19,C12371,客户_12371,批发型,高价值,United Kingdom
20,C12372,客户_12372,批发型,中价值,United Kingdom
21,C12373,客户_12373,批发型,中价值,United Kingdom
22,C12374,客户_12374,批发型,中价值,United Kingdom
23,C12375,客户_12375,批发型,中价值,United Kingdom
24,C12377,客户_12377,批发型,高价值,United Kingdom
25,C12378,客户_12378,批发型,高价值,United Kingdom
26,C12379,客户_12379,零售型,中价值,United Kingdom
27,C12380,客户_12380,批发型,高价值,United Kingdom
28,C12381,客户_12381,批发型,高价值,United Kingdom
29,C12383,客户_12383,批发型,高价值,United Kingdom
30,C12384,客户_12384,零售型,中价值,United Kingdom
31,C12386,客户_12386,批发型,中价值,United Kingdom
32,C12388,客户_12388,批发型,高价值,United Kingdom
33,C12390,客户_12390,批发型,中价值,United Kingdom
34,C12391,客户_12391,零售型,低价值,United Kingdom
35,C12393,客户_12393,批发型,高价值,United Kingdom
36,C12394,客户_12394,批发型,低价值,United Kingdom
37,C12395,客户_12395,批发型,高价值,United Kingdom
38,C12397,客户_12397,批发型,高价值,United Kingdom
39,C12398,客户_12398,批发型,高价值,United Kingdom
40,C12399,客户_12399,批发型,中价值,United Kingdom
41,C12402,客户_12402,批发型,低价值,United Kingdom
42,C12403,客户_12403,批发型,高价值,United Kingdom
43,C12405,客户_12405,批发型,中价值,United Kingdom
44,C12406,客户_12406,批发型,高价值,United Kingdom
45,C12407,客户_12407,批发型,高价值,United Kingdom
46,C12408,客户_12408,批发型,高价值,United Kingdom
47,C12409,客户_12409,批发型,高价值,United Kingdom
48,C12410,客户_12410,零售型,中价值,United Kingdom
49,C12412,客户_12412,批发型,高价值,United Kingdom
50,C12413,客户_12413,批发型,低价值,United Kingdom
51,C12414,客户_12414,批发型,中价值,United Kingdom
52,C12415,客户_12415,批发型,高价值,United Kingdom
53,C12417,客户_12417,批发型,高价值,United Kingdom
54,C12418,客户_12418,批发型,中价值,United Kingdom
55,C12420,客户_12420,批发型,中价值,United Kingdom
56,C12421,客户_12421,批发型,中价值,United Kingdom
57,C12422,客户_12422,批发型,中价值,United Kingdom
58,C12423,客户_12423,批发型,高价值,United Kingdom
59,C12424,客户_12424,批发型,中价值,United Kingdom
60,C12425,客户_12425,批发型,中价值,United Kingdom
61,C12426,客户_12426,批发型,中价值,United Kingdom
62,C12427,客户_12427,批发型,中价值,United Kingdom
63,C12428,客户_12428,批发型,高价值,United Kingdom
64,C12429,客户_12429,批发型,高价值,United Kingdom
65,C12430,客户_12430,批发型,低价值,United Kingdom
66,C12431,客户_12431,批发型,高价值,United Kingdom
67,C12432,客户_12432,批发型,高价值,United Kingdom
68,C12433,客户_12433,批发型,高价值,United Kingdom
69,C12434,客户_12434,批发型,低价值,United Kingdom
70,C12435,客户_12435,批发型,高价值,United Kingdom
71,C12436,客户_12436,批发型,中价值,United Kingdom
72,C12437,客户_12437,批发型,高价值,United Kingdom
73,C12438,客户_12438,批发型,中价值,United Kingdom
74,C12441,客户_12441,批发型,低价值,United Kingdom
75,C12442,客户_12442,批发型,中价值,United Kingdom
76,C12444,客户_12444,批发型,高价值,United Kingdom
77,C12445,客户_12445,批发型,低价值,United Kingdom
78,C12446,客户_12446,批发型,低价值,United Kingdom
79,C12447,客户_12447,批发型,中价值,United Kingdom
80,C12449,客户_12449,批发型,高价值,United Kingdom
81,C12450,客户_12450,批发型,低价值,United Kingdom
82,C12451,客户_12451,批发型,高价值,United Kingdom
83,C12452,客户_12452,批发型,中价值,United Kingdom
84,C12453,客户_12453,批发型,中价值,United Kingdom
85,C12455,客户_12455,批发型,高价值,United Kingdom
86,C12456,客户_12456,批发型,高价值,United Kingdom
87,C12457,客户_12457,批发型,高价值,United Kingdom
88,C12458,客户_12458,批发型,低价值,United Kingdom
89,C12461,客户_12461,批发型,中价值,United Kingdom
90,C12462,客户_12462,零售型,中价值,United Kingdom
91,C12463,客户_12463,批发型,中价值,United Kingdom
92,C12464,客户_12464,零售型,高价值,United Kingdom
93,C12465,客户_12465,批发型,高价值,United Kingdom
94,C12468,客户_12468,批发型,低价值,United Kingdom
95,C12471,客户_12471,批发型,高价值,United Kingdom
96,C12472,客户_12472,批发型,高价值,United Kingdom
97,C12473,客户_12473,批发型,高价值,United Kingdom
98,C12474,客户_12474,批发型,高价值,United Kingdom
99,C12475,客户_12475,批发型,低价值,United Kingdom
100,C12476,客户_12476,批发型,高价值,United Kingdom
101,C12477,客户_12477,批发型,高价值,United Kingdom
102,C12478,客户_12478,零售型,中价值,United Kingdom
103,C12479,客户_12479,批发型,中价值,United Kingdom
104,C12480,客户_12480,批发型,高价值,United Kingdom
105,C12481,客户_12481,批发型,高价值,United Kingdom
106,C12483,客户_12483,批发型,高价值,United Kingdom
107,C12484,客户_12484,零售型,高价值,United Kingdom
108,C12488,客户_12488,批发型,中价值,United Kingdom
109,C12489,客户_12489,批发型,中价值,United Kingdom
110,C12490,客户_12490,批发型,高价值,United Kingdom
111,C12491,客户_12491,批发型,中价值,United Kingdom
112,C12493,客户_12493,批发型,中价值,United Kingdom
113,C12494,客户_12494,零售型,中价值,United Kingdom
114,C12497,客户_12497,批发型,中价值,United Kingdom
115,C12498,客户_12498,零售型,低价值,United Kingdom
116,C12500,客户_12500,零售型,低价值,United Kingdom
117,C12501,客户_12501,批发型,高价值,United Kingdom
118,C12502,客户_12502,零售型,高价值,United Kingdom
119,C12504,客户_12504,零售型,高价值,United Kingdom
120,C12506,客户_12506,零售型,低价值,United Kingdom
121,C12507,客户_12507,批发型,中价值,United Kingdom
122,C12508,客户_12508,零售型,低价值,United Kingdom
123,C12509,客户_12509,批发型,低价值,United Kingdom
124,C12510,客户_12510,批发型,高价值,United Kingdom
125,C12512,客户_12512,零售型,低价值,United Kingdom
126,C12513,客户_12513,批发型,中价值,United Kingdom
127,C12514,客户_12514,批发型,中价值,United Kingdom
128,C12515,客户_12515,批发型,中价值,United Kingdom
129,C12516,客户_12516,零售型,中价值,United Kingdom
130,C12517,客户_12517,零售型,高价值,United Kingdom
131,C12518,客户_12518,批发型,高价值,United Kingdom
132,C12519,客户_12519,批发型,中价值,United Kingdom
133,C12520,客户_12520,批发型,高价值,United Kingdom
134,C12521,客户_12521,批发型,中价值,United Kingdom
135,C12522,客户_12522,零售型,低价值,United Kingdom
136,C12523,客户_12523,零售型,高价值,United Kingdom
137,C12524,客户_12524,批发型,高价值,United Kingdom
138,C12526,客户_12526,批发型,高价值,United Kingdom
139,C12527,客户_12527,批发型,高价值,United Kingdom
140,C12528,客户_12528,零售型,高价值,United Kingdom
141,C12530,客户_12530,批发型,高价值,United Kingdom
142,C12531,客户_12531,零售型,低价值,United Kingdom
143,C12534,客户_12534,批发型,低价值,United Kingdom
144,C12535,客户_12535,零售型,低价值,United Kingdom
145,C12536,客户_12536,批发型,高价值,United Kingdom
146,C12538,客户_12538,批发型,中价值,United Kingdom
147,C12539,客户_12539,批发型,高价值,United Kingdom
148,C12540,客户_12540,批发型,高价值,United Kingdom
149,C12541,客户_12541,批发型,中价值,United Kingdom
150,C12544,客户_12544,批发型,中价值,United Kingdom
151,C12545,客户_12545,批发型,中价值,United Kingdom
152,C12546,客户_12546,批发型,中价值,United Kingdom
153,C12550,客户_12550,零售型,高价值,United Kingdom
154,C12552,客户_12552,零售型,中价值,United Kingdom
155,C12553,客户_12553,批发型,高价值,United Kingdom
156,C12556,客户_12556,零售型,中价值,United Kingdom
157,C12557,客户_12557,批发型,高价值,United Kingdom
158,C12558,客户_12558,批发型,高价值,United Kingdom
159,C12560,客户_12560,批发型,高价值,United Kingdom
160,C12561,客户_12561,零售型,低价值,United Kingdom
161,C12562,客户_12562,批发型,高价值,United Kingdom
162,C12564,客户_12564,批发型,低价值,United Kingdom
163,C12565,客户_12565,批发型,低价值,United Kingdom
164,C12566,客户_12566,批发型,低价值,United Kingdom
165,C12567,客户_12567,批发型,高价值,United Kingdom
166,C12569,客户_12569,批发型,高价值,United Kingdom
167,C12571,客户_12571,批发型,中价值,United Kingdom
168,C12572,客户_12572,零售型,中价值,United Kingdom
169,C12573,客户_12573,零售型,低价值,United Kingdom
170,C12574,客户_12574,批发型,低价值,United Kingdom
171,C12576,客户_12576,批发型,高价值,United Kingdom
172,C12577,客户_12577,零售型,中价值,United Kingdom
173,C12578,客户_12578,批发型,高价值,United Kingdom
174,C12579,客户_12579,批发型,中价值,United Kingdom
175,C12580,客户_12580,批发型,低价值,United Kingdom
176,C12583,客户_12583,批发型,高价值,United Kingdom
177,C12584,客户_12584,零售型,高价值,United Kingdom
178,C12585,客户_12585,批发型,高价值,United Kingdom
179,C12588,客户_12588,零售型,低价值,United Kingdom
180,C12589,客户_12589,批发型,中价值,United Kingdom
181,C12590,客户_12590,批发型,高价值,United Kingdom
182,C12591,客户_12591,批发型,低价值,United Kingdom
183,C12593,客户_12593,批发型,中价值,United Kingdom
184,C12594,客户_12594,批发型,高价值,United Kingdom
185,C12596,客户_12596,批发型,中价值,United Kingdom
186,C12597,客户_12597,批发型,高价值,United Kingdom
187,C12598,客户_12598,批发型,高价值,United Kingdom
188,C12599,客户_12599,批发型,高价值,United Kingdom
189,C12600,客户_12600,批发型,高价值,United Kingdom
190,C12601,客户_12601,零售型,低价值,United Kingdom
191,C12602,客户_12602,批发型,低价值,United Kingdom
192,C12604,客户_12604,批发型,低价值,United Kingdom
193,C12607,客户_12607,批发型,中价值,United Kingdom
194,C12609,客户_12609,零售型,中价值,United Kingdom
195,C12610,客户_12610,批发型,高价值,United Kingdom
196,C12611,客户_12611,批发型,中价值,United Kingdom
197,C12612,客户_12612,批发型,中价值,United Kingdom
198,C12613,客户_12613,批发型,高价值,United Kingdom
199,C12614,客户_12614,零售型,中价值,United Kingdom
200,C12615,客户_12615,批发型,高价值,United Kingdom
201,C12616,客户_12616,批发型,中价值,United Kingdom
202,C12617,客户_12617,零售型,低价值,United Kingdom
203,C12618,客户_12618,零售型,低价值,United Kingdom
204,C12619,客户_12619,批发型,高价值,United Kingdom
205,C12620,客户_12620,批发型,中价值,United Kingdom
206,C12621,客户_12621,批发型,高价值,United Kingdom
207,C12623,客户_12623,批发型,中价值,United Kingdom
208,C12624,客户_12624,批发型,低价值,United Kingdom
209,C12625,客户_12625,批发型,高价值,United Kingdom
210,C12626,客户_12626,批发型,高价值,United Kingdom
211,C12627,客户_12627,批发型,高价值,United Kingdom
212,C12628,客户_12628,批发型,中价值,United Kingdom
213,C12630,客户_12630,批发型,中价值,United Kingdom
214,C12631,客户_12631,批发型,中价值,United Kingdom
215,C12633,客户_12633,批发型,高价值,United Kingdom
216,C12635,客户_12635,批发型,高价值,United Kingdom
217,C12637,客户_12637,批发型,高价值,United Kingdom
218,C12638,客户_12638,批发型,低价值,United Kingdom
219,C12639,客户_12639,零售型,低价值,United Kingdom
220,C12640,客户_12640,零售型,低价值,United Kingdom
221,C12641,客户_12641,零售型,低价值,United Kingdom
222,C12642,客户_12642,批发型,高价值,United Kingdom
223,C12643,客户_12643,批发型,高价值,United Kingdom
224,C12644,客户_12644,批发型,中价值,United Kingdom
225,C12645,客户_12645,批发型,中价值,United Kingdom
226,C12646,客户_12646,批发型,中价值,United Kingdom
227,C12647,客户_12647,零售型,高价值,United Kingdom
228,C12649,客户_12649,批发型,低价值,United Kingdom
229,C12651,客户_12651,批发型,低价值,United Kingdom
230,C12652,客户_12652,批发型,中价值,United Kingdom
231,C12653,客户_12653,批发型,高价值,United Kingdom
232,C12654,客户_12654,零售型,低价值,United Kingdom
233,C12656,客户_12656,批发型,高价值,United Kingdom
234,C12657,客户_12657,批发型,中价值,United Kingdom
235,C12658,客户_12658,批发型,低价值,United Kingdom
236,C12659,客户_12659,零售型,低价值,United Kingdom
237,C12660,客户_12660,批发型,中价值,United Kingdom
238,C12662,客户_12662,批发型,高价值,United Kingdom
239,C12664,客户_12664,批发型,高价值,United Kingdom
240,C12667,客户_12667,批发型,低价值,United Kingdom
241,C12668,客户_12668,批发型,高价值,United Kingdom
242,C12669,客户_12669,批发型,高价值,United Kingdom
243,C12670,客户_12670,批发型,高价值,United Kingdom
244,C12672,客户_12672,批发型,低价值,United Kingdom
245,C12673,客户_12673,批发型,中价值,United Kingdom
246,C12674,客户_12674,批发型,高价值,United Kingdom
247,C12676,客户_12676,零售型,高价值,United Kingdom
248,C12678,客户_12678,批发型,高价值,United Kingdom
249,C12679,客户_12679,批发型,中价值,United Kingdom
250,C12680,客户_12680,零售型,中价值,United Kingdom
251,C12681,客户_12681,批发型,高价值,United Kingdom
252,C12682,客户_12682,批发型,高价值,United Kingdom
253,C12683,客户_12683,批发型,高价值,United Kingdom
254,C12684,客户_12684,批发型,高价值,United Kingdom
255,C12685,客户_12685,批发型,高价值,United Kingdom
256,C12686,客户_12686,批发型,低价值,United Kingdom
257,C12688,客户_12688,批发型,高价值,United Kingdom
258,C12689,客户_12689,批发型,高价值,United Kingdom
259,C12690,客户_12690,批发型,低价值,United Kingdom
260,C12691,客户_12691,批发型,低价值,United Kingdom
261,C12693,客户_12693,批发型,中价值,United Kingdom
262,C12694,客户_12694,批发型,高价值,United Kingdom
263,C12695,客户_12695,批发型,中价值,United Kingdom
264,C12697,客户_12697,批发型,高价值,United Kingdom
265,C12700,客户_12700,批发型,高价值,United Kingdom
266,C12701,客户_12701,批发型,中价值,United Kingdom
267,C12702,客户_12702,批发型,低价值,United Kingdom
268,C12704,客户_12704,批发型,高价值,United Kingdom
269,C12705,客户_12705,批发型,高价值,United Kingdom
270,C12707,客户_12707,批发型,低价值,United Kingdom
271,C12708,客户_12708,批发型,高价值,United Kingdom
272,C12709,客户_12709,批发型,高价值,United Kingdom
273,C12710,客户_12710,批发型,高价值,United Kingdom
274,C12712,客户_12712,批发型,高价值,United Kingdom
275,C12713,客户_12713,批发型,低价值,United Kingdom
276,C12714,客户_12714,批发型,高价值,United Kingdom
277,C12715,客户_12715,批发型,低价值,United Kingdom
278,C12716,客户_12716,批发型,高价值,United Kingdom
279,C12717,客户_12717,批发型,高价值,United Kingdom
280,C12718,客户_12718,批发型,低价值,United Kingdom
281,C12719,客户_12719,批发型,中价值,United Kingdom
282,C12720,客户_12720,批发型,高价值,United Kingdom
283,C12721,客户_12721,批发型,高价值,United Kingdom
284,C12722,客户_12722,批发型,中价值,United Kingdom
285,C12723,客户_12723,零售型,低价值,United Kingdom
286,C12724,客户_12724,批发型,高价值,United Kingdom
287,C12725,客户_12725,批发型,中价值,United Kingdom
288,C12726,客户_12726,批发型,高价值,United Kingdom
289,C12727,客户_12727,批发型,高价值,United Kingdom
290,C12728,客户_12728,批发型,中价值,United Kingdom
291,C12729,客户_12729,零售型,低价值,United Kingdom
292,C12731,客户_12731,批发型,高价值,United Kingdom
293,C12732,客户_12732,批发型,低价值,United Kingdom
294,C12733,客户_12733,批发型,中价值,United Kingdom
295,C12735,客户_12735,零售型,中价值,United Kingdom
296,C12738,客户_12738,批发型,低价值,United Kingdom
297,C12739,客户_12739,批发型,高价值,United Kingdom
298,C12740,客户_12740,批发型,低价值,United Kingdom
299,C12743,客户_12743,零售型,低价值,United Kingdom
300,C12744,客户_12744,批发型,高价值,United Kingdom
301,C12747,客户_12747,批发型,高价值,United Kingdom
302,C12748,客户_12748,零售型,高价值,United Kingdom
303,C12749,客户_12749,零售型,高价值,United Kingdom
304,C12750,客户_12750,批发型,低价值,United Kingdom
305,C12752,客户_12752,批发型,高价值,United Kingdom
306,C12753,客户_12753,批发型,高价值,United Kingdom
307,C12754,客户_12754,零售型,低价值,United Kingdom
308,C12756,客户_12756,批发型,低价值,United Kingdom
309,C12757,客户_12757,零售型,高价值,United Kingdom
310,C12758,客户_12758,批发型,高价值,United Kingdom
311,C12759,客户_12759,批发型,中价值,United Kingdom
312,C12762,客户_12762,批发型,中价值,United Kingdom
313,C12763,客户_12763,批发型,低价值,United Kingdom
314,C12764,客户_12764,批发型,中价值,United Kingdom
315,C12766,客户_12766,批发型,高价值,United Kingdom
316,C12769,客户_12769,批发型,中价值,United Kingdom
317,C12770,客户_12770,批发型,高价值,United Kingdom
318,C12772,客户_12772,零售型,高价值,United Kingdom
319,C12775,客户_12775,批发型,高价值,United Kingdom
320,C12778,客户_12778,批发型,中价值,United Kingdom
321,C12779,客户_12779,批发型,高价值,United Kingdom
322,C12782,客户_12782,批发型,高价值,United Kingdom
323,C12783,客户_12783,批发型,高价值,United Kingdom
324,C12784,客户_12784,零售型,低价值,United Kingdom
325,C12785,客户_12785,批发型,低价值,United Kingdom
326,C12787,客户_12787,批发型,低价值,United Kingdom
327,C12790,客户_12790,批发型,低价值,United Kingdom
328,C12792,客户_12792,批发型,中价值,United Kingdom
329,C12793,客户_12793,批发型,中价值,United Kingdom
330,C12794,客户_12794,批发型,中价值,United Kingdom
331,C12795,客户_12795,零售型,中价值,United Kingdom
332,C12797,客户_12797,批发型,低价值,United Kingdom
333,C12798,客户_12798,批发型,高价值,United Kingdom
334,C12802,客户_12802,批发型,中价值,United Kingdom
335,C12808,客户_12808,批发型,低价值,United Kingdom
336,C12809,客户_12809,批发型,低价值,United Kingdom
337,C12811,客户_12811,批发型,中价值,United Kingdom
338,C12812,客户_12812,批发型,中价值,United Kingdom
339,C12814,客户_12814,批发型,中价值,United Kingdom
340,C12815,客户_12815,批发型,中价值,United Kingdom
341,C12816,客户_12816,零售型,高价值,United Kingdom
342,C12820,客户_12820,批发型,中价值,United Kingdom
343,C12821,客户_12821,批发型,低价值,United Kingdom
344,C12822,客户_12822,批发型,中价值,United Kingdom
345,C12824,客户_12824,批发型,中价值,United Kingdom
346,C12826,客户_12826,批发型,中价值,United Kingdom
347,C12827,客户_12827,零售型,低价值,United Kingdom
348,C12828,客户_12828,零售型,中价值,United Kingdom
349,C12829,客户_12829,零售型,低价值,United Kingdom
350,C12830,客户_12830,批发型,高价值,United Kingdom
351,C12831,客户_12831,批发型,低价值,United Kingdom
352,C12832,客户_12832,零售型,中价值,United Kingdom
353,C12833,客户_12833,批发型,中价值,United Kingdom
354,C12836,客户_12836,批发型,高价值,United Kingdom
355,C12837,客户_12837,零售型,低价值,United Kingdom
356,C12838,客户_12838,零售型,中价值,United Kingdom
357,C12839,客户_12839,批发型,高价值,United Kingdom
358,C12840,客户_12840,批发型,高价值,United Kingdom
359,C12841,客户_12841,零售型,高价值,United Kingdom
360,C12842,客户_12842,批发型,中价值,United Kingdom
361,C12843,客户_12843,零售型,中价值,United Kingdom
362,C12844,客户_12844,零售型,中价值,United Kingdom
363,C12845,客户_12845,零售型,低价值,United Kingdom
364,C12847,客户_12847,零售型,中价值,United Kingdom
365,C12849,客户_12849,零售型,中价值,United Kingdom
366,C12851,客户_12851,零售型,低价值,United Kingdom
367,C12852,客户_12852,批发型,低价值,United Kingdom
368,C12853,客户_12853,批发型,高价值,United Kingdom
369,C12854,客户_12854,零售型,高价值,United Kingdom
370,C12856,客户_12856,零售型,中价值,United Kingdom
371,C12857,客户_12857,零售型,中价值,United Kingdom
372,C12863,客户_12863,批发型,低价值,United Kingdom
373,C12865,客户_12865,批发型,高价值,United Kingdom
374,C12866,客户_12866,批发型,低价值,United Kingdom
375,C12867,客户_12867,零售型,高价值,United Kingdom
376,C12868,客户_12868,批发型,高价值,United Kingdom
377,C12871,客户_12871,批发型,低价值,United Kingdom
378,C12872,客户_12872,批发型,中价值,United Kingdom
379,C12873,客户_12873,批发型,中价值,United Kingdom
380,C12875,客户_12875,批发型,高价值,United Kingdom
381,C12876,客户_12876,批发型,高价值,United Kingdom
382,C12877,客户_12877,零售型,高价值,United Kingdom
383,C12878,客户_12878,批发型,高价值,United Kingdom
384,C12879,客户_12879,批发型,低价值,United Kingdom
385,C12882,客户_12882,批发型,中价值,United Kingdom
386,C12883,客户_12883,零售型,中价值,United Kingdom
387,C12885,客户_12885,批发型,中价值,United Kingdom
388,C12886,客户_12886,零售型,中价值,United Kingdom
389,C12888,客户_12888,批发型,中价值,United Kingdom
390,C12890,客户_12890,零售型,低价值,United Kingdom
391,C12893,客户_12893,零售型,低价值,United Kingdom
392,C12895,客户_12895,批发型,低价值,United Kingdom
393,C12901,客户_12901,批发型,高价值,United Kingdom
394,C12902,客户_12902,零售型,低价值,United Kingdom
395,C12904,客户_12904,零售型,中价值,United Kingdom
396,C12906,客户_12906,批发型,高价值,United Kingdom
397,C12909,客户_12909,批发型,高价值,United Kingdom
398,C12910,客户_12910,批发型,高价值,United Kingdom
399,C12912,客户_12912,批发型,高价值,United Kingdom
400,C12913,客户_12913,批发型,高价值,United Kingdom
401,C12915,客户_12915,零售型,中价值,United Kingdom
402,C12916,客户_12916,批发型,高价值,United Kingdom
403,C12919,客户_12919,批发型,高价值,United Kingdom
404,C12921,客户_12921,批发型,高价值,United Kingdom
405,C12922,客户_12922,批发型,中价值,United Kingdom
406,C12923,客户_12923,零售型,低价值,United Kingdom
407,C12924,客户_12924,零售型,中价值,United Kingdom
408,C12925,客户_12925,批发型,中价值,United Kingdom
409,C12928,客户_12928,批发型,高价值,United Kingdom
410,C12930,客户_12930,批发型,低价值,United Kingdom
411,C12931,客户_12931,批发型,高价值,United Kingdom
412,C12933,客户_12933,零售型,中价值,United Kingdom
413,C12935,客户_12935,批发型,高价值,United Kingdom
414,C12936,客户_12936,批发型,中价值,United Kingdom
415,C12937,客户_12937,零售型,中价值,United Kingdom
416,C12938,客户_12938,批发型,低价值,United Kingdom
417,C12939,客户_12939,批发型,高价值,United Kingdom
418,C12940,客户_12940,零售型,中价值,United Kingdom
419,C12942,客户_12942,零售型,低价值,United Kingdom
420,C12944,客户_12944,批发型,中价值,United Kingdom
421,C12945,客户_12945,批发型,低价值,United Kingdom
422,C12947,客户_12947,批发型,中价值,United Kingdom
423,C12948,客户_12948,批发型,高价值,United Kingdom
424,C12949,客户_12949,批发型,高价值,United Kingdom
425,C12950,客户_12950,批发型,低价值,United Kingdom
426,C12951,客户_12951,批发型,中价值,United Kingdom
427,C12952,客户_12952,批发型,高价值,United Kingdom
428,C12955,客户_12955,批发型,高价值,United Kingdom
429,C12956,客户_12956,零售型,低价值,United Kingdom
430,C12957,客户_12957,批发型,高价值,United Kingdom
431,C12962,客户_12962,批发型,中价值,United Kingdom
432,C12963,客户_12963,批发型,中价值,United Kingdom
433,C12965,客户_12965,零售型,中价值,United Kingdom
434,C12966,客户_12966,零售型,低价值,United Kingdom
435,C12967,客户_12967,批发型,高价值,United Kingdom
436,C12970,客户_12970,零售型,低价值,United Kingdom
437,C12971,客户_12971,批发型,高价值,United Kingdom
438,C12974,客户_12974,零售型,低价值,United Kingdom
439,C12976,客户_12976,批发型,中价值,United Kingdom
440,C12980,客户_12980,批发型,高价值,United Kingdom
441,C12981,客户_12981,批发型,低价值,United Kingdom
442,C12982,客户_12982,批发型,中价值,United Kingdom
443,C12985,客户_12985,批发型,中价值,United Kingdom
444,C12987,客户_12987,零售型,中价值,United Kingdom
445,C12988,客户_12988,零售型,中价值,United Kingdom
446,C12989,客户_12989,批发型,高价值,United Kingdom
447,C12990,客户_12990,批发型,低价值,United Kingdom
448,C12991,客户_12991,批发型,中价值,United Kingdom
449,C12993,客户_12993,批发型,低价值,United Kingdom
450,C12994,客户_12994,零售型,高价值,United Kingdom
451,C12997,客户_12997,批发型,中价值,United Kingdom
452,C12999,客户_12999,批发型,低价值,United Kingdom
453,C13000,客户_13000,批发型,中价值,United Kingdom
454,C13001,客户_13001,批发型,高价值,United Kingdom
455,C13002,客户_13002,批发型,中价值,United Kingdom
456,C13004,客户_13004,批发型,高价值,United Kingdom
457,C13005,客户_13005,零售型,中价值,United Kingdom
458,C13008,客户_13008,批发型,低价值,United Kingdom
459,C13012,客户_13012,批发型,高价值,United Kingdom
460,C13013,客户_13013,批发型,高价值,United Kingdom
461,C13014,客户_13014,批发型,高价值,United Kingdom
462,C13015,客户_13015,零售型,高价值,United Kingdom
463,C13016,客户_13016,批发型,低价值,United Kingdom
464,C13018,客户_13018,批发型,高价值,United Kingdom
465,C13021,客户_13021,零售型,高价值,United Kingdom
466,C13023,客户_13023,零售型,中价值,United Kingdom
467,C13026,客户_13026,批发型,中价值,United Kingdom
468,C13027,客户_13027,批发型,高价值,United Kingdom
469,C13028,客户_13028,批发型,中价值,United Kingdom
470,C13029,客户_13029,批发型,低价值,United Kingdom
471,C13030,客户_13030,零售型,高价值,United Kingdom
472,C13032,客户_13032,零售型,高价值,United Kingdom
473,C13033,客户_13033,批发型,中价值,United Kingdom
474,C13034,客户_13034,批发型,中价值,United Kingdom
475,C13035,客户_13035,批发型,低价值,United Kingdom
476,C13037,客户_13037,批发型,中价值,United Kingdom
477,C13040,客户_13040,零售型,中价值,United Kingdom
478,C13043,客户_13043,批发型,高价值,United Kingdom
479,C13044,客户_13044,零售型,低价值,United Kingdom
480,C13045,客户_13045,批发型,低价值,United Kingdom
481,C13046,客户_13046,零售型,中价值,United Kingdom
482,C13047,客户_13047,批发型,高价值,United Kingdom
483,C13048,客户_13048,批发型,高价值,United Kingdom
484,C13049,客户_13049,批发型,中价值,United Kingdom
485,C13050,客户_13050,批发型,高价值,United Kingdom
486,C13052,客户_13052,批发型,中价值,United Kingdom
487,C13055,客户_13055,批发型,低价值,United Kingdom
488,C13058,客户_13058,批发型,中价值,United Kingdom
489,C13059,客户_13059,批发型,低价值,United Kingdom
490,C13064,客户_13064,零售型,中价值,United Kingdom
491,C13065,客户_13065,零售型,低价值,United Kingdom
492,C13066,客户_13066,零售型,低价值,United Kingdom
493,C13067,客户_13067,零售型,低价值,United Kingdom
494,C13068,客户_13068,批发型,高价值,United Kingdom
495,C13069,客户_13069,零售型,高价值,United Kingdom
496,C13070,客户_13070,批发型,低价值,United Kingdom
497,C13072,客户_13072,批发型,低价值,United Kingdom
498,C13077,客户_13077,零售型,中价值,United Kingdom
499,C13078,客户_13078,批发型,高价值,United Kingdom
500,C13079,客户_13079,批发型,低价值,United Kingdom
501,C13080,客户_13080,批发型,低价值,United Kingdom
502,C13081,客户_13081,批发型,高价值,United Kingdom
503,C13082,客户_13082,批发型,高价值,United Kingdom
504,C13083,客户_13083,批发型,低价值,United Kingdom
505,C13085,客户_13085,零售型,低价值,United Kingdom
506,C13089,客户_13089,批发型,高价值,United Kingdom
507,C13090,客户_13090,批发型,高价值,United Kingdom
508,C13091,客户_13091,批发型,中价值,United Kingdom
509,C13092,客户_13092,批发型,中价值,United Kingdom
510,C13093,客户_13093,批发型,高价值,United Kingdom
511,C13094,客户_13094,批发型,高价值,United Kingdom
512,C13095,客户_13095,批发型,低价值,United Kingdom
513,C13097,客户_13097,零售型,高价值,United Kingdom
514,C13098,客户_13098,批发型,高价值,United Kingdom
515,C13101,客户_13101,零售型,低价值,United Kingdom
516,C13102,客户_13102,批发型,高价值,United Kingdom
517,C13104,客户_13104,批发型,低价值,United Kingdom
518,C13107,客户_13107,批发型,高价值,United Kingdom
519,C13109,客户_13109,批发型,中价值,United Kingdom
520,C13110,客户_13110,零售型,中价值,United Kingdom
521,C13113,客户_13113,批发型,高价值,United Kingdom
522,C13115,客户_13115,批发型,高价值,United Kingdom
523,C13116,客户_13116,批发型,中价值,United Kingdom
524,C13117,客户_13117,批发型,中价值,United Kingdom
525,C13118,客户_13118,零售型,中价值,United Kingdom
526,C13121,客户_13121,零售型,中价值,United Kingdom
527,C13122,客户_13122,批发型,高价值,United Kingdom
528,C13124,客户_13124,批发型,高价值,United Kingdom
529,C13126,客户_13126,批发型,高价值,United Kingdom
530,C13127,客户_13127,批发型,低价值,United Kingdom
531,C13131,客户_13131,批发型,中价值,United Kingdom
532,C13132,客户_13132,批发型,低价值,United Kingdom
533,C13133,客户_13133,批发型,低价值,United Kingdom
534,C13134,客户_13134,批发型,高价值,United Kingdom
535,C13136,客户_13136,批发型,高价值,United Kingdom
536,C13137,客户_13137,零售型,高价值,United Kingdom
537,C13138,客户_13138,批发型,中价值,United Kingdom
538,C13139,客户_13139,批发型,高价值,United Kingdom
539,C13140,客户_13140,零售型,低价值,United Kingdom
540,C13141,客户_13141,批发型,高价值,United Kingdom
541,C13142,客户_13142,批发型,低价值,United Kingdom
542,C13144,客户_13144,零售型,中价值,United Kingdom
543,C13148,客户_13148,零售型,高价值,United Kingdom
544,C13149,客户_13149,批发型,高价值,United Kingdom
545,C13151,客户_13151,零售型,高价值,United Kingdom
546,C13153,客户_13153,批发型,低价值,United Kingdom
547,C13155,客户_13155,零售型,中价值,United Kingdom
548,C13157,客户_13157,批发型,高价值,United Kingdom
549,C13158,客户_13158,批发型,中价值,United Kingdom
550,C13159,客户_13159,零售型,高价值,United Kingdom
551,C13161,客户_13161,零售型,低价值,United Kingdom
552,C13162,客户_13162,批发型,高价值,United Kingdom
553,C13165,客户_13165,批发型,中价值,United Kingdom
554,C13166,客户_13166,批发型,低价值,United Kingdom
555,C13167,客户_13167,零售型,中价值,United Kingdom
556,C13168,客户_13168,零售型,高价值,United Kingdom
557,C13170,客户_13170,零售型,低价值,United Kingdom
558,C13171,客户_13171,批发型,低价值,United Kingdom
559,C13173,客户_13173,零售型,中价值,United Kingdom
560,C13174,客户_13174,零售型,高价值,United Kingdom
561,C13176,客户_13176,零售型,低价值,United Kingdom
562,C13177,客户_13177,批发型,低价值,United Kingdom
563,C13178,客户_13178,批发型,高价值,United Kingdom
564,C13183,客户_13183,批发型,高价值,United Kingdom
565,C13184,客户_13184,零售型,中价值,United Kingdom
566,C13186,客户_13186,批发型,高价值,United Kingdom
567,C13187,客户_13187,零售型,低价值,United Kingdom
568,C13189,客户_13189,批发型,中价值,United Kingdom
569,C13192,客户_13192,批发型,中价值,United Kingdom
570,C13193,客户_13193,零售型,低价值,United Kingdom
571,C13194,客户_13194,批发型,低价值,United Kingdom
572,C13196,客户_13196,批发型,高价值,United Kingdom
573,C13198,客户_13198,批发型,高价值,United Kingdom
574,C13199,客户_13199,批发型,高价值,United Kingdom
575,C13200,客户_13200,批发型,低价值,United Kingdom
576,C13203,客户_13203,批发型,中价值,United Kingdom
577,C13208,客户_13208,零售型,中价值,United Kingdom
578,C13209,客户_13209,批发型,高价值,United Kingdom
579,C13211,客户_13211,批发型,低价值,United Kingdom
580,C13212,客户_13212,零售型,中价值,United Kingdom
581,C13213,客户_13213,批发型,高价值,United Kingdom
582,C13218,客户_13218,批发型,低价值,United Kingdom
583,C13220,客户_13220,批发型,中价值,United Kingdom
584,C13221,客户_13221,零售型,中价值,United Kingdom
585,C13224,客户_13224,批发型,高价值,United Kingdom
586,C13225,客户_13225,批发型,高价值,United Kingdom
587,C13227,客户_13227,批发型,中价值,United Kingdom
588,C13228,客户_13228,批发型,高价值,United Kingdom
589,C13230,客户_13230,零售型,高价值,United Kingdom
590,C13232,客户_13232,零售型,高价值,United Kingdom
591,C13233,客户_13233,批发型,低价值,United Kingdom
592,C13235,客户_13235,批发型,中价值,United Kingdom
593,C13236,客户_13236,零售型,低价值,United Kingdom
594,C13238,客户_13238,批发型,中价值,United Kingdom
595,C13239,客户_13239,批发型,中价值,United Kingdom
596,C13240,客户_13240,零售型,中价值,United Kingdom
597,C13242,客户_13242,批发型,中价值,United Kingdom
598,C13243,客户_13243,零售型,中价值,United Kingdom
599,C13245,客户_13245,批发型,中价值,United Kingdom
600,C13246,客户_13246,零售型,高价值,United Kingdom
601,C13247,客户_13247,批发型,低价值,United Kingdom
602,C13248,客户_13248,批发型,低价值,United Kingdom
603,C13249,客户_13249,零售型,低价值,United Kingdom
604,C13253,客户_13253,批发型,低价值,United Kingdom
605,C13255,客户_13255,批发型,低价值,United Kingdom
606,C13258,客户_13258,零售型,中价值,United Kingdom
607,C13259,客户_13259,零售型,低价值,United Kingdom
608,C13260,客户_13260,批发型,低价值,United Kingdom
609,C13261,客户_13261,批发型,中价值,United Kingdom
610,C13262,客户_13262,批发型,低价值,United Kingdom
611,C13263,客户_13263,零售型,高价值,United Kingdom
612,C13265,客户_13265,批发型,高价值,United Kingdom
613,C13266,客户_13266,批发型,高价值,United Kingdom
614,C13267,客户_13267,批发型,高价值,United Kingdom
615,C13268,客户_13268,零售型,高价值,United Kingdom
616,C13269,客户_13269,批发型,高价值,United Kingdom
617,C13271,客户_13271,零售型,低价值,United Kingdom
618,C13272,客户_13272,零售型,低价值,United Kingdom
619,C13273,客户_13273,零售型,低价值,United Kingdom
620,C13276,客户_13276,批发型,中价值,United Kingdom
621,C13277,客户_13277,批发型,低价值,United Kingdom
622,C13278,客户_13278,批发型,中价值,United Kingdom
623,C13279,客户_13279,批发型,低价值,United Kingdom
624,C13280,客户_13280,零售型,低价值,United Kingdom
625,C13282,客户_13282,批发型,中价值,United Kingdom
626,C13283,客户_13283,批发型,低价值,United Kingdom
627,C13284,客户_13284,批发型,低价值,United Kingdom
628,C13285,客户_13285,批发型,高价值,United Kingdom
629,C13291,客户_13291,零售型,低价值,United Kingdom
630,C13292,客户_13292,批发型,中价值,United Kingdom
631,C13294,客户_13294,批发型,中价值,United Kingdom
632,C13295,客户_13295,批发型,中价值,United Kingdom
633,C13297,客户_13297,批发型,高价值,United Kingdom
634,C13300,客户_13300,批发型,低价值,United Kingdom
635,C13301,客户_13301,零售型,中价值,United Kingdom
636,C13302,客户_13302,零售型,中价值,United Kingdom
637,C13304,客户_13304,零售型,低价值,United Kingdom
638,C13305,客户_13305,批发型,中价值,United Kingdom
639,C13308,客户_13308,批发型,高价值,United Kingdom
640,C13309,客户_13309,批发型,高价值,United Kingdom
641,C13310,客户_13310,批发型,中价值,United Kingdom
642,C13311,客户_13311,批发型,中价值,United Kingdom
643,C13313,客户_13313,批发型,中价值,United Kingdom
644,C13314,客户_13314,批发型,中价值,United Kingdom
645,C13316,客户_13316,批发型,高价值,United Kingdom
646,C13317,客户_13317,批发型,中价值,United Kingdom
647,C13318,客户_13318,批发型,中价值,United Kingdom
648,C13319,客户_13319,批发型,高价值,United Kingdom
649,C13320,客户_13320,批发型,中价值,United Kingdom
650,C13321,客户_13321,批发型,低价值,United Kingdom
651,C13323,客户_13323,零售型,低价值,United Kingdom
652,C13324,客户_13324,批发型,高价值,United Kingdom
653,C13325,客户_13325,批发型,低价值,United Kingdom
654,C13327,客户_13327,批发型,高价值,United Kingdom
655,C13329,客户_13329,批发型,高价值,United Kingdom
656,C13330,客户_13330,批发型,高价值,United Kingdom
657,C13332,客户_13332,批发型,低价值,United Kingdom
658,C13334,客户_13334,批发型,高价值,United Kingdom
659,C13336,客户_13336,批发型,低价值,United Kingdom
660,C13339,客户_13339,批发型,中价值,United Kingdom
661,C13340,客户_13340,批发型,高价值,United Kingdom
662,C13341,客户_13341,零售型,中价值,United Kingdom
663,C13344,客户_13344,批发型,高价值,United Kingdom
664,C13345,客户_13345,批发型,中价值,United Kingdom
665,C13348,客户_13348,批发型,低价值,United Kingdom
666,C13350,客户_13350,批发型,高价值,United Kingdom
667,C13351,客户_13351,批发型,低价值,United Kingdom
668,C13352,客户_13352,批发型,中价值,United Kingdom
669,C13354,客户_13354,批发型,中价值,United Kingdom
670,C13355,客户_13355,批发型,高价值,United Kingdom
671,C13356,客户_13356,零售型,中价值,United Kingdom
672,C13357,客户_13357,零售型,中价值,United Kingdom
673,C13358,客户_13358,批发型,中价值,United Kingdom
674,C13359,客户_13359,零售型,中价值,United Kingdom
675,C13362,客户_13362,批发型,高价值,United Kingdom
676,C13363,客户_13363,批发型,中价值,United Kingdom
677,C13364,客户_13364,批发型,低价值,United Kingdom
678,C13365,客户_13365,批发型,高价值,United Kingdom
679,C13369,客户_13369,零售型,低价值,United Kingdom
680,C13370,客户_13370,批发型,中价值,United Kingdom
681,C13372,客户_13372,零售型,低价值,United Kingdom
682,C13373,客户_13373,批发型,高价值,United Kingdom
683,C13375,客户_13375,批发型,中价值,United Kingdom
684,C13376,客户_13376,批发型,高价值,United Kingdom
685,C13379,客户_13379,零售型,中价值,United Kingdom
686,C13381,客户_13381,批发型,高价值,United Kingdom
687,C13384,客户_13384,批发型,高价值,United Kingdom
688,C13385,客户_13385,零售型,中价值,United Kingdom
689,C13388,客户_13388,零售型,高价值,United Kingdom
690,C13389,客户_13389,批发型,低价值,United Kingdom
691,C13394,客户_13394,批发型,高价值,United Kingdom
692,C13395,客户_13395,批发型,低价值,United Kingdom
693,C13396,客户_13396,批发型,高价值,United Kingdom
694,C13398,客户_13398,批发型,中价值,United Kingdom
695,C13402,客户_13402,批发型,中价值,United Kingdom
696,C13403,客户_13403,批发型,中价值,United Kingdom
697,C13408,客户_13408,批发型,高价值,United Kingdom
698,C13410,客户_13410,批发型,中价值,United Kingdom
699,C13411,客户_13411,零售型,低价值,United Kingdom
700,C13414,客户_13414,批发型,高价值,United Kingdom
701,C13416,客户_13416,零售型,低价值,United Kingdom
702,C13417,客户_13417,批发型,中价值,United Kingdom
703,C13418,客户_13418,批发型,高价值,United Kingdom
704,C13419,客户_13419,批发型,低价值,United Kingdom
705,C13421,客户_13421,批发型,高价值,United Kingdom
706,C13422,客户_13422,批发型,高价值,United Kingdom
707,C13425,客户_13425,批发型,中价值,United Kingdom
708,C13426,客户_13426,批发型,高价值,United Kingdom
709,C13427,客户_13427,批发型,中价值,United Kingdom
710,C13428,客户_13428,零售型,低价值,United Kingdom
711,C13429,客户_13429,批发型,高价值,United Kingdom
712,C13430,客户_13430,批发型,中价值,United Kingdom
713,C13431,客户_13431,批发型,高价值,United Kingdom
714,C13435,客户_13435,批发型,高价值,United Kingdom
715,C13436,客户_13436,零售型,低价值,United Kingdom
716,C13437,客户_13437,批发型,高价值,United Kingdom
717,C13439,客户_13439,零售型,中价值,United Kingdom
718,C13441,客户_13441,批发型,中价值,United Kingdom
719,C13447,客户_13447,批发型,高价值,United Kingdom
720,C13448,客户_13448,批发型,高价值,United Kingdom
721,C13450,客户_13450,批发型,高价值,United Kingdom
722,C13451,客户_13451,零售型,高价值,United Kingdom
723,C13453,客户_13453,零售型,中价值,United Kingdom
724,C13455,客户_13455,零售型,高价值,United Kingdom
725,C13456,客户_13456,批发型,高价值,United Kingdom
726,C13458,客户_13458,批发型,高价值,United Kingdom
727,C13461,客户_13461,批发型,高价值,United Kingdom
728,C13462,客户_13462,批发型,低价值,United Kingdom
729,C13464,客户_13464,批发型,低价值,United Kingdom
730,C13466,客户_13466,零售型,低价值,United Kingdom
731,C13467,客户_13467,零售型,中价值,United Kingdom
732,C13468,客户_13468,批发型,高价值,United Kingdom
733,C13470,客户_13470,批发型,低价值,United Kingdom
734,C13471,客户_13471,零售型,高价值,United Kingdom
735,C13474,客户_13474,零售型,低价值,United Kingdom
736,C13475,客户_13475,批发型,高价值,United Kingdom
737,C13476,客户_13476,零售型,中价值,United Kingdom
738,C13477,客户_13477,批发型,高价值,United Kingdom
739,C13479,客户_13479,批发型,中价值,United Kingdom
740,C13481,客户_13481,批发型,高价值,United Kingdom
741,C13482,客户_13482,批发型,低价值,United Kingdom
742,C13485,客户_13485,批发型,中价值,United Kingdom
743,C13486,客户_13486,批发型,低价值,United Kingdom
744,C13487,客户_13487,批发型,低价值,United Kingdom
745,C13488,客户_13488,批发型,高价值,United Kingdom
746,C13489,客户_13489,批发型,中价值,United Kingdom
747,C13491,客户_13491,零售型,中价值,United Kingdom
748,C13492,客户_13492,批发型,高价值,United Kingdom
749,C13493,客户_13493,批发型,中价值,United Kingdom
750,C13494,客户_13494,零售型,低价值,United Kingdom
751,C13495,客户_13495,批发型,高价值,United Kingdom
752,C13496,客户_13496,批发型,中价值,United Kingdom
753,C13497,客户_13497,批发型,低价值,United Kingdom
754,C13499,客户_13499,批发型,低价值,United Kingdom
755,C13500,客户_13500,批发型,中价值,United Kingdom
756,C13501,客户_13501,批发型,高价值,United Kingdom
757,C13502,客户_13502,批发型,中价值,United Kingdom
758,C13503,客户_13503,零售型,低价值,United Kingdom
759,C13504,客户_13504,批发型,低价值,United Kingdom
760,C13505,客户_13505,批发型,高价值,United Kingdom
761,C13506,客户_13506,零售型,低价值,United Kingdom
762,C13507,客户_13507,批发型,高价值,United Kingdom
763,C13508,客户_13508,零售型,低价值,United Kingdom
764,C13509,客户_13509,批发型,中价值,United Kingdom
765,C13510,客户_13510,批发型,高价值,United Kingdom
766,C13512,客户_13512,批发型,低价值,United Kingdom
767,C13513,客户_13513,零售型,低价值,United Kingdom
768,C13514,客户_13514,批发型,低价值,United Kingdom
769,C13515,客户_13515,批发型,中价值,United Kingdom
770,C13516,客户_13516,批发型,高价值,United Kingdom
771,C13517,客户_13517,批发型,高价值,United Kingdom
772,C13518,客户_13518,批发型,低价值,United Kingdom
773,C13520,客户_13520,批发型,高价值,United Kingdom
774,C13521,客户_13521,零售型,中价值,United Kingdom
775,C13522,客户_13522,批发型,低价值,United Kingdom
776,C13523,客户_13523,批发型,高价值,United Kingdom
777,C13524,客户_13524,批发型,中价值,United Kingdom
778,C13527,客户_13527,批发型,高价值,United Kingdom
779,C13529,客户_13529,零售型,中价值,United Kingdom
780,C13531,客户_13531,批发型,中价值,United Kingdom
781,C13532,客户_13532,零售型,低价值,United Kingdom
782,C13533,客户_13533,零售型,中价值,United Kingdom
783,C13534,客户_13534,批发型,高价值,United Kingdom
784,C13536,客户_13536,批发型,高价值,United Kingdom
785,C13538,客户_13538,零售型,中价值,United Kingdom
786,C13539,客户_13539,零售型,中价值,United Kingdom
787,C13544,客户_13544,零售型,低价值,United Kingdom
788,C13546,客户_13546,零售型,中价值,United Kingdom
789,C13548,客户_13548,零售型,低价值,United Kingdom
790,C13549,客户_13549,批发型,中价值,United Kingdom
791,C13552,客户_13552,批发型,高价值,United Kingdom
792,C13555,客户_13555,批发型,高价值,United Kingdom
793,C13557,客户_13557,批发型,低价值,United Kingdom
794,C13558,客户_13558,零售型,中价值,United Kingdom
795,C13560,客户_13560,零售型,低价值,United Kingdom
796,C13561,客户_13561,零售型,低价值,United Kingdom
797,C13562,客户_13562,批发型,中价值,United Kingdom
798,C13563,客户_13563,零售型,中价值,United Kingdom
799,C13564,客户_13564,批发型,中价值,United Kingdom
800,C13565,客户_13565,零售型,低价值,United Kingdom
801,C13566,客户_13566,零售型,中价值,United Kingdom
802,C13568,客户_13568,零售型,低价值,United Kingdom
803,C13569,客户_13569,零售型,中价值,United Kingdom
804,C13570,客户_13570,零售型,低价值,United Kingdom
805,C13571,客户_13571,零售型,高价值,United Kingdom
806,C13572,客户_13572,批发型,中价值,United Kingdom
807,C13573,客户_13573,零售型,低价值,United Kingdom
808,C13575,客户_13575,批发型,低价值,United Kingdom
809,C13576,客户_13576,批发型,高价值,United Kingdom
810,C13577,客户_13577,批发型,高价值,United Kingdom
811,C13579,客户_13579,零售型,中价值,United Kingdom
812,C13581,客户_13581,零售型,低价值,United Kingdom
813,C13583,客户_13583,批发型,中价值,United Kingdom
814,C13584,客户_13584,零售型,低价值,United Kingdom
815,C13588,客户_13588,批发型,高价值,United Kingdom
816,C13589,客户_13589,零售型,低价值,United Kingdom
817,C13590,客户_13590,批发型,中价值,United Kingdom
818,C13591,客户_13591,批发型,低价值,United Kingdom
819,C13593,客户_13593,零售型,高价值,United Kingdom
820,C13594,客户_13594,批发型,中价值,United Kingdom
821,C13596,客户_13596,零售型,中价值,United Kingdom
822,C13598,客户_13598,零售型,低价值,United Kingdom
823,C13599,客户_13599,批发型,高价值,United Kingdom
824,C13600,客户_13600,批发型,低价值,United Kingdom
825,C13601,客户_13601,零售型,中价值,United Kingdom
826,C13602,客户_13602,批发型,低价值,United Kingdom
827,C13603,客户_13603,零售型,低价值,United Kingdom
828,C13606,客户_13606,零售型,中价值,United Kingdom
829,C13607,客户_13607,零售型,中价值,United Kingdom
830,C13610,客户_13610,零售型,中价值,United Kingdom
831,C13611,客户_13611,批发型,中价值,United Kingdom
832,C13614,客户_13614,零售型,高价值,United Kingdom
833,C13615,客户_13615,批发型,低价值,United Kingdom
834,C13617,客户_13617,零售型,低价值,United Kingdom
835,C13618,客户_13618,批发型,低价值,United Kingdom
836,C13623,客户_13623,零售型,中价值,United Kingdom
837,C13626,客户_13626,零售型,中价值,United Kingdom
838,C13627,客户_13627,批发型,高价值,United Kingdom
839,C13629,客户_13629,批发型,高价值,United Kingdom
840,C13630,客户_13630,批发型,高价值,United Kingdom
841,C13631,客户_13631,批发型,高价值,United Kingdom
842,C13632,客户_13632,零售型,高价值,United Kingdom
843,C13634,客户_13634,零售型,中价值,United Kingdom
844,C13635,客户_13635,批发型,中价值,United Kingdom
845,C13636,客户_13636,批发型,高价值,United Kingdom
846,C13637,客户_13637,零售型,中价值,United Kingdom
847,C13638,客户_13638,批发型,低价值,United Kingdom
848,C13639,客户_13639,批发型,中价值,United Kingdom
849,C13642,客户_13642,零售型,中价值,United Kingdom
850,C13643,客户_13643,批发型,中价值,United Kingdom
851,C13644,客户_13644,批发型,高价值,United Kingdom
852,C13645,客户_13645,批发型,中价值,United Kingdom
853,C13647,客户_13647,批发型,中价值,United Kingdom
854,C13649,客户_13649,零售型,低价值,United Kingdom
855,C13650,客户_13650,批发型,高价值,United Kingdom
856,C13651,客户_13651,批发型,低价值,United Kingdom
857,C13652,客户_13652,零售型,中价值,United Kingdom
858,C13654,客户_13654,批发型,高价值,United Kingdom
859,C13655,客户_13655,批发型,中价值,United Kingdom
860,C13656,客户_13656,零售型,低价值,United Kingdom
861,C13658,客户_13658,批发型,高价值,United Kingdom
862,C13659,客户_13659,批发型,中价值,United Kingdom
863,C13662,客户_13662,批发型,低价值,United Kingdom
864,C13663,客户_13663,零售型,低价值,United Kingdom
865,C13667,客户_13667,零售型,低价值,United Kingdom
866,C13668,客户_13668,零售型,高价值,United Kingdom
867,C13669,客户_13669,零售型,低价值,United Kingdom
868,C13670,客户_13670,批发型,低价值,United Kingdom
869,C13672,客户_13672,批发型,低价值,United Kingdom
870,C13673,客户_13673,批发型,中价值,United Kingdom
871,C13675,客户_13675,批发型,低价值,United Kingdom
872,C13678,客户_13678,批发型,低价值,United Kingdom
873,C13680,客户_13680,零售型,高价值,United Kingdom
874,C13681,客户_13681,零售型,低价值,United Kingdom
875,C13684,客户_13684,零售型,低价值,United Kingdom
876,C13685,客户_13685,零售型,中价值,United Kingdom
877,C13689,客户_13689,批发型,高价值,United Kingdom
878,C13692,客户_13692,批发型,高价值,United Kingdom
879,C13694,客户_13694,批发型,高价值,United Kingdom
880,C13695,客户_13695,批发型,高价值,United Kingdom
881,C13697,客户_13697,批发型,低价值,United Kingdom
882,C13699,客户_13699,批发型,中价值,United Kingdom
883,C13700,客户_13700,批发型,高价值,United Kingdom
884,C13704,客户_13704,批发型,高价值,United Kingdom
885,C13705,客户_13705,批发型,高价值,United Kingdom
886,C13706,客户_13706,批发型,低价值,United Kingdom
887,C13707,客户_13707,批发型,低价值,United Kingdom
888,C13708,客户_13708,零售型,低价值,United Kingdom
889,C13709,客户_13709,批发型,高价值,United Kingdom
890,C13711,客户_13711,批发型,低价值,United Kingdom
891,C13715,客户_13715,零售型,中价值,United Kingdom
892,C13716,客户_13716,批发型,低价值,United Kingdom
893,C13717,客户_13717,批发型,高价值,United Kingdom
894,C13718,客户_13718,批发型,低价值,United Kingdom
895,C13719,客户_13719,批发型,中价值,United Kingdom
896,C13720,客户_13720,批发型,中价值,United Kingdom
897,C13721,客户_13721,零售型,低价值,United Kingdom
898,C13722,客户_13722,批发型,高价值,United Kingdom
899,C13725,客户_13725,零售型,中价值,United Kingdom
900,C13726,客户_13726,批发型,中价值,United Kingdom
901,C13728,客户_13728,批发型,中价值,United Kingdom
902,C13730,客户_13730,批发型,低价值,United Kingdom
903,C13731,客户_13731,批发型,中价值,United Kingdom
904,C13735,客户_13735,零售型,高价值,United Kingdom
905,C13736,客户_13736,零售型,中价值,United Kingdom
906,C13737,客户_13737,零售型,中价值,United Kingdom
907,C13739,客户_13739,批发型,中价值,United Kingdom
908,C13742,客户_13742,零售型,高价值,United Kingdom
909,C13743,客户_13743,批发型,高价值,United Kingdom
910,C13744,客户_13744,批发型,中价值,United Kingdom
911,C13745,客户_13745,批发型,低价值,United Kingdom
912,C13748,客户_13748,批发型,中价值,United Kingdom
913,C13750,客户_13750,零售型,中价值,United Kingdom
914,C13751,客户_13751,零售型,低价值,United Kingdom
915,C13752,客户_13752,批发型,中价值,United Kingdom
916,C13753,客户_13753,批发型,中价值,United Kingdom
917,C13754,客户_13754,批发型,低价值,United Kingdom
918,C13755,客户_13755,零售型,高价值,United Kingdom
919,C13756,客户_13756,批发型,高价值,United Kingdom
920,C13758,客户_13758,批发型,高价值,United Kingdom
921,C13759,客户_13759,零售型,低价值,United Kingdom
922,C13760,客户_13760,零售型,低价值,United Kingdom
923,C13761,客户_13761,批发型,中价值,United Kingdom
924,C13762,客户_13762,批发型,低价值,United Kingdom
925,C13763,客户_13763,批发型,高价值,United Kingdom
926,C13764,客户_13764,零售型,高价值,United Kingdom
927,C13767,客户_13767,批发型,高价值,United Kingdom
928,C13769,客户_13769,批发型,高价值,United Kingdom
929,C13771,客户_13771,批发型,高价值,United Kingdom
930,C13772,客户_13772,零售型,高价值,United Kingdom
931,C13774,客户_13774,零售型,中价值,United Kingdom
932,C13777,客户_13777,批发型,高价值,United Kingdom
933,C13780,客户_13780,零售型,中价值,United Kingdom
934,C13782,客户_13782,零售型,中价值,United Kingdom
935,C13784,客户_13784,批发型,高价值,United Kingdom
936,C13787,客户_13787,零售型,中价值,United Kingdom
937,C13790,客户_13790,批发型,中价值,United Kingdom
938,C13791,客户_13791,批发型,高价值,United Kingdom
939,C13798,客户_13798,批发型,高价值,United Kingdom
940,C13799,客户_13799,批发型,中价值,United Kingdom
941,C13800,客户_13800,批发型,中价值,United Kingdom
942,C13801,客户_13801,批发型,低价值,United Kingdom
943,C13802,客户_13802,批发型,高价值,United Kingdom
944,C13803,客户_13803,批发型,低价值,United Kingdom
945,C13804,客户_13804,批发型,高价值,United Kingdom
946,C13806,客户_13806,零售型,低价值,United Kingdom
947,C13808,客户_13808,批发型,中价值,United Kingdom
948,C13809,客户_13809,零售型,中价值,United Kingdom
949,C13812,客户_13812,批发型,低价值,United Kingdom
950,C13813,客户_13813,批发型,低价值,United Kingdom
951,C13814,客户_13814,批发型,中价值,United Kingdom
952,C13815,客户_13815,批发型,高价值,United Kingdom
953,C13816,客户_13816,批发型,中价值,United Kingdom
954,C13817,客户_13817,批发型,低价值,United Kingdom
955,C13819,客户_13819,批发型,中价值,United Kingdom
956,C13821,客户_13821,零售型,低价值,United Kingdom
957,C13822,客户_13822,零售型,高价值,United Kingdom
958,C13823,客户_13823,零售型,中价值,United Kingdom
959,C13824,客户_13824,批发型,低价值,United Kingdom
960,C13827,客户_13827,零售型,中价值,United Kingdom
961,C13831,客户_13831,零售型,中价值,United Kingdom
962,C13832,客户_13832,零售型,低价值,United Kingdom
963,C13833,客户_13833,零售型,低价值,United Kingdom
964,C13835,客户_13835,批发型,中价值,United Kingdom
965,C13837,客户_13837,批发型,低价值,United Kingdom
966,C13838,客户_13838,零售型,中价值,United Kingdom
967,C13842,客户_13842,批发型,高价值,United Kingdom
968,C13844,客户_13844,批发型,低价值,United Kingdom
969,C13846,客户_13846,批发型,低价值,United Kingdom
970,C13848,客户_13848,批发型,高价值,United Kingdom
971,C13849,客户_13849,批发型,高价值,United Kingdom
972,C13850,客户_13850,批发型,低价值,United Kingdom
973,C13851,客户_13851,批发型,高价值,United Kingdom
974,C13853,客户_13853,批发型,中价值,United Kingdom
975,C13854,客户_13854,批发型,高价值,United Kingdom
976,C13856,客户_13856,批发型,低价值,United Kingdom
977,C13858,客户_13858,零售型,中价值,United Kingdom
978,C13859,客户_13859,批发型,低价值,United Kingdom
979,C13860,客户_13860,批发型,中价值,United Kingdom
980,C13862,客户_13862,批发型,中价值,United Kingdom
981,C13863,客户_13863,批发型,低价值,United Kingdom
982,C13865,客户_13865,零售型,低价值,United Kingdom
983,C13867,客户_13867,批发型,中价值,United Kingdom
984,C13868,客户_13868,零售型,低价值,United Kingdom
985,C13869,客户_13869,零售型,高价值,United Kingdom
986,C13870,客户_13870,批发型,高价值,United Kingdom
987,C13871,客户_13871,批发型,高价值,United Kingdom
988,C13873,客户_13873,零售型,中价值,United Kingdom
989,C13874,客户_13874,零售型,低价值,United Kingdom
990,C13875,客户_13875,批发型,高价值,United Kingdom
991,C13877,客户_13877,批发型,低价值,United Kingdom
992,C13878,客户_13878,批发型,高价值,United Kingdom
993,C13880,客户_13880,批发型,高价值,United Kingdom
994,C13881,客户_13881,批发型,高价值,United Kingdom
995,C13882,客户_13882,批发型,中价值,United Kingdom
996,C13883,客户_13883,批发型,高价值,United Kingdom
997,C13884,客户_13884,零售型,中价值,United Kingdom
998,C13885,客户_13885,批发型,中价值,United Kingdom
999,C13886,客户_13886,零售型,低价值,United Kingdom
1000,C13887,客户_13887,批发型,低价值,United Kingdom
1001,C13888,客户_13888,零售型,低价值,United Kingdom
1002,C13889,客户_13889,零售型,低价值,United Kingdom
1003,C13890,客户_13890,零售型,高价值,United Kingdom
1004,C13892,客户_13892,批发型,低价值,United Kingdom
1005,C13893,客户_13893,批发型,中价值,United Kingdom
1006,C13894,客户_13894,批发型,低价值,United Kingdom
1007,C13895,客户_13895,批发型,高价值,United Kingdom
1008,C13897,客户_13897,批发型,低价值,United Kingdom
1009,C13898,客户_13898,批发型,低价值,United Kingdom
1010,C13899,客户_13899,批发型,低价值,United Kingdom
1011,C13900,客户_13900,批发型,中价值,United Kingdom
1012,C13901,客户_13901,批发型,高价值,United Kingdom
1013,C13904,客户_13904,批发型,低价值,United Kingdom
1014,C13908,客户_13908,批发型,高价值,United Kingdom
1015,C13911,客户_13911,批发型,高价值,United Kingdom
1016,C13914,客户_13914,批发型,中价值,United Kingdom
1017,C13918,客户_13918,批发型,高价值,United Kingdom
1018,C13919,客户_13919,批发型,低价值,United Kingdom
1019,C13922,客户_13922,批发型,低价值,United Kingdom
1020,C13923,客户_13923,零售型,低价值,United Kingdom
1021,C13924,客户_13924,批发型,中价值,United Kingdom
1022,C13925,客户_13925,零售型,低价值,United Kingdom
1023,C13927,客户_13927,批发型,中价值,United Kingdom
1024,C13928,客户_13928,零售型,中价值,United Kingdom
1025,C13929,客户_13929,批发型,中价值,United Kingdom
1026,C13930,客户_13930,批发型,低价值,United Kingdom
1027,C13931,客户_13931,批发型,中价值,United Kingdom
1028,C13932,客户_13932,零售型,低价值,United Kingdom
1029,C13933,客户_13933,零售型,低价值,United Kingdom
1030,C13934,客户_13934,批发型,中价值,United Kingdom
1031,C13936,客户_13936,批发型,低价值,United Kingdom
1032,C13938,客户_13938,批发型,低价值,United Kingdom
1033,C13939,客户_13939,批发型,低价值,United Kingdom
1034,C13940,客户_13940,批发型,中价值,United Kingdom
1035,C13941,客户_13941,批发型,高价值,United Kingdom
1036,C13947,客户_13947,批发型,低价值,United Kingdom
1037,C13948,客户_13948,批发型,中价值,United Kingdom
1038,C13949,客户_13949,批发型,高价值,United Kingdom
1039,C13950,客户_13950,批发型,低价值,United Kingdom
1040,C13951,客户_13951,批发型,中价值,United Kingdom
1041,C13952,客户_13952,批发型,高价值,United Kingdom
1042,C13953,客户_13953,批发型,中价值,United Kingdom
1043,C13954,客户_13954,批发型,低价值,United Kingdom
1044,C13955,客户_13955,零售型,低价值,United Kingdom
1045,C13956,客户_13956,零售型,中价值,United Kingdom
1046,C13959,客户_13959,零售型,中价值,United Kingdom
1047,C13963,客户_13963,批发型,中价值,United Kingdom
1048,C13969,客户_13969,零售型,高价值,United Kingdom
1049,C13971,客户_13971,批发型,高价值,United Kingdom
1050,C13972,客户_13972,批发型,低价值,United Kingdom
1051,C13974,客户_13974,批发型,低价值,United Kingdom
1052,C13975,客户_13975,零售型,高价值,United Kingdom
1053,C13976,客户_13976,批发型,中价值,United Kingdom
1054,C13978,客户_13978,批发型,低价值,United Kingdom
1055,C13979,客户_13979,批发型,高价值,United Kingdom
1056,C13980,客户_13980,零售型,中价值,United Kingdom
1057,C13982,客户_13982,批发型,中价值,United Kingdom
1058,C13983,客户_13983,批发型,高价值,United Kingdom
1059,C13984,客户_13984,批发型,低价值,United Kingdom
1060,C13985,客户_13985,批发型,高价值,United Kingdom
1061,C13986,客户_13986,批发型,中价值,United Kingdom
1062,C13988,客户_13988,批发型,高价值,United Kingdom
1063,C13989,客户_13989,批发型,中价值,United Kingdom
1064,C13990,客户_13990,零售型,低价值,United Kingdom
1065,C13991,客户_13991,批发型,中价值,United Kingdom
1066,C13993,客户_13993,批发型,高价值,United Kingdom
1067,C13994,客户_13994,零售型,中价值,United Kingdom
1068,C13995,客户_13995,批发型,中价值,United Kingdom
1069,C13999,客户_13999,批发型,高价值,United Kingdom
1070,C14000,客户_14000,批发型,中价值,United Kingdom
1071,C14001,客户_14001,批发型,高价值,United Kingdom
1072,C14002,客户_14002,批发型,低价值,United Kingdom
1073,C14004,客户_14004,批发型,高价值,United Kingdom
1074,C14005,客户_14005,批发型,中价值,United Kingdom
1075,C14006,客户_14006,批发型,中价值,United Kingdom
1076,C14009,客户_14009,批发型,中价值,United Kingdom
1077,C14012,客户_14012,批发型,低价值,United Kingdom
1078,C14013,客户_14013,批发型,低价值,United Kingdom
1079,C14014,客户_14014,批发型,低价值,United Kingdom
1080,C14015,客户_14015,批发型,高价值,United Kingdom
1081,C14016,客户_14016,批发型,高价值,United Kingdom
1082,C14019,客户_14019,批发型,高价值,United Kingdom
1083,C14020,客户_14020,批发型,中价值,United Kingdom
1084,C14021,客户_14021,零售型,中价值,United Kingdom
1085,C14022,客户_14022,批发型,低价值,United Kingdom
1086,C14023,客户_14023,批发型,中价值,United Kingdom
1087,C14024,客户_14024,零售型,低价值,United Kingdom
1088,C14027,客户_14027,批发型,低价值,United Kingdom
1089,C14029,客户_14029,零售型,高价值,United Kingdom
1090,C14030,客户_14030,零售型,高价值,United Kingdom
1091,C14031,客户_14031,批发型,高价值,United Kingdom
1092,C14032,客户_14032,批发型,高价值,United Kingdom
1093,C14034,客户_14034,零售型,低价值,United Kingdom
1094,C14035,客户_14035,批发型,中价值,United Kingdom
1095,C14036,客户_14036,零售型,低价值,United Kingdom
1096,C14037,客户_14037,零售型,低价值,United Kingdom
1097,C14038,客户_14038,批发型,中价值,United Kingdom
1098,C14040,客户_14040,零售型,高价值,United Kingdom
1099,C14041,客户_14041,批发型,低价值,United Kingdom
1100,C14044,客户_14044,零售型,中价值,United Kingdom
1101,C14045,客户_14045,批发型,高价值,United Kingdom
1102,C14046,客户_14046,批发型,低价值,United Kingdom
1103,C14047,客户_14047,批发型,低价值,United Kingdom
1104,C14048,客户_14048,零售型,低价值,United Kingdom
1105,C14049,客户_14049,批发型,高价值,United Kingdom
1106,C14050,客户_14050,零售型,中价值,United Kingdom
1107,C14051,客户_14051,批发型,高价值,United Kingdom
1108,C14052,客户_14052,零售型,低价值,United Kingdom
1109,C14053,客户_14053,批发型,中价值,United Kingdom
1110,C14054,客户_14054,批发型,低价值,United Kingdom
1111,C14055,客户_14055,批发型,高价值,United Kingdom
1112,C14056,客户_14056,零售型,高价值,United Kingdom
1113,C14057,客户_14057,批发型,高价值,United Kingdom
1114,C14060,客户_14060,批发型,高价值,United Kingdom
1115,C14062,客户_14062,批发型,高价值,United Kingdom
1116,C14064,客户_14064,批发型,高价值,United Kingdom
1117,C14067,客户_14067,零售型,低价值,United Kingdom
1118,C14068,客户_14068,零售型,低价值,United Kingdom
1119,C14071,客户_14071,零售型,高价值,United Kingdom
1120,C14075,客户_14075,批发型,中价值,United Kingdom
1121,C14076,客户_14076,零售型,低价值,United Kingdom
1122,C14077,客户_14077,零售型,低价值,United Kingdom
1123,C14078,客户_14078,零售型,低价值,United Kingdom
1124,C14079,客户_14079,批发型,低价值,United Kingdom
1125,C14081,客户_14081,零售型,中价值,United Kingdom
1126,C14082,客户_14082,零售型,低价值,United Kingdom
1127,C14083,客户_14083,零售型,中价值,United Kingdom
1128,C14085,客户_14085,零售型,高价值,United Kingdom
1129,C14087,客户_14087,零售型,低价值,United Kingdom
1130,C14088,客户_14088,批发型,高价值,United Kingdom
1131,C14089,客户_14089,零售型,低价值,United Kingdom
1132,C14092,客户_14092,批发型,高价值,United Kingdom
1133,C14093,客户_14093,零售型,中价值,United Kingdom
1134,C14096,客户_14096,零售型,高价值,United Kingdom
1135,C14098,客户_14098,零售型,低价值,United Kingdom
1136,C14099,客户_14099,批发型,高价值,United Kingdom
1137,C14100,客户_14100,零售型,低价值,United Kingdom
1138,C14101,客户_14101,批发型,高价值,United Kingdom
1139,C14102,客户_14102,批发型,中价值,United Kingdom
1140,C14104,客户_14104,零售型,低价值,United Kingdom
1141,C14105,客户_14105,批发型,中价值,United Kingdom
1142,C14107,客户_14107,批发型,高价值,United Kingdom
1143,C14108,客户_14108,批发型,中价值,United Kingdom
1144,C14110,客户_14110,批发型,高价值,United Kingdom
1145,C14111,客户_14111,批发型,高价值,United Kingdom
1146,C14112,客户_14112,批发型,高价值,United Kingdom
1147,C14113,客户_14113,批发型,高价值,United Kingdom
1148,C14114,客户_14114,批发型,高价值,United Kingdom
1149,C14116,客户_14116,批发型,高价值,United Kingdom
1150,C14117,客户_14117,批发型,低价值,United Kingdom
1151,C14121,客户_14121,批发型,高价值,United Kingdom
1152,C14125,客户_14125,批发型,高价值,United Kingdom
1153,C14126,客户_14126,批发型,低价值,United Kingdom
1154,C14127,客户_14127,批发型,高价值,United Kingdom
1155,C14128,客户_14128,批发型,中价值,United Kingdom
1156,C14129,客户_14129,批发型,中价值,United Kingdom
1157,C14130,客户_14130,零售型,中价值,United Kingdom
1158,C14132,客户_14132,批发型,高价值,United Kingdom
1159,C14135,客户_14135,批发型,高价值,United Kingdom
1160,C14139,客户_14139,批发型,中价值,United Kingdom
1161,C14140,客户_14140,批发型,中价值,United Kingdom
1162,C14141,客户_14141,批发型,中价值,United Kingdom
1163,C14143,客户_14143,零售型,低价值,United Kingdom
1164,C14145,客户_14145,批发型,高价值,United Kingdom
1165,C14146,客户_14146,批发型,高价值,United Kingdom
1166,C14147,客户_14147,批发型,高价值,United Kingdom
1167,C14149,客户_14149,批发型,中价值,United Kingdom
1168,C14150,客户_14150,批发型,低价值,United Kingdom
1169,C14152,客户_14152,批发型,中价值,United Kingdom
1170,C14154,客户_14154,批发型,中价值,United Kingdom
1171,C14156,客户_14156,批发型,高价值,United Kingdom
1172,C14157,客户_14157,零售型,低价值,United Kingdom
1173,C14158,客户_14158,批发型,中价值,United Kingdom
1174,C14159,客户_14159,零售型,高价值,United Kingdom
1175,C14161,客户_14161,零售型,中价值,United Kingdom
1176,C14162,客户_14162,零售型,低价值,United Kingdom
1177,C14163,客户_14163,批发型,中价值,United Kingdom
1178,C14165,客户_14165,零售型,低价值,United Kingdom
1179,C14167,客户_14167,零售型,中价值,United Kingdom
1180,C14171,客户_14171,零售型,低价值,United Kingdom
1181,C14173,客户_14173,零售型,低价值,United Kingdom
1182,C14174,客户_14174,零售型,低价值,United Kingdom
1183,C14175,客户_14175,批发型,高价值,United Kingdom
1184,C14176,客户_14176,批发型,低价值,United Kingdom
1185,C14177,客户_14177,零售型,低价值,United Kingdom
1186,C14178,客户_14178,零售型,高价值,United Kingdom
1187,C14179,客户_14179,零售型,中价值,United Kingdom
1188,C14180,客户_14180,零售型,高价值,United Kingdom
1189,C14184,客户_14184,零售型,中价值,United Kingdom
1190,C14185,客户_14185,零售型,高价值,United Kingdom
1191,C14188,客户_14188,批发型,高价值,United Kingdom
1192,C14189,客户_14189,批发型,高价值,United Kingdom
1193,C14191,客户_14191,批发型,高价值,United Kingdom
1194,C14193,客户_14193,批发型,高价值,United Kingdom
1195,C14194,客户_14194,批发型,高价值,United Kingdom
1196,C14195,客户_14195,批发型,中价值,United Kingdom
1197,C14198,客户_14198,批发型,中价值,United Kingdom
1198,C14201,客户_14201,批发型,中价值,United Kingdom
1199,C14204,客户_14204,零售型,低价值,United Kingdom
1200,C14205,客户_14205,批发型,低价值,United Kingdom
1201,C14206,客户_14206,批发型,低价值,United Kingdom
1202,C14208,客户_14208,零售型,低价值,United Kingdom
1203,C14209,客户_14209,零售型,高价值,United Kingdom
1204,C14210,客户_14210,批发型,高价值,United Kingdom
1205,C14211,客户_14211,批发型,高价值,United Kingdom
1206,C14214,客户_14214,批发型,低价值,United Kingdom
1207,C14215,客户_14215,批发型,高价值,United Kingdom
1208,C14216,客户_14216,批发型,中价值,United Kingdom
1209,C14217,客户_14217,零售型,高价值,United Kingdom
1210,C14218,客户_14218,批发型,中价值,United Kingdom
1211,C14220,客户_14220,零售型,低价值,United Kingdom
1212,C14221,客户_14221,批发型,高价值,United Kingdom
1213,C14222,客户_14222,批发型,低价值,United Kingdom
1214,C14223,客户_14223,批发型,中价值,United Kingdom
1215,C14224,客户_14224,零售型,低价值,United Kingdom
1216,C14226,客户_14226,批发型,高价值,United Kingdom
1217,C14227,客户_14227,批发型,高价值,United Kingdom
1218,C14229,客户_14229,批发型,高价值,United Kingdom
1219,C14231,客户_14231,批发型,低价值,United Kingdom
1220,C14232,客户_14232,批发型,高价值,United Kingdom
1221,C14233,客户_14233,批发型,中价值,United Kingdom
1222,C14234,客户_14234,零售型,中价值,United Kingdom
1223,C14235,客户_14235,批发型,高价值,United Kingdom
1224,C14236,客户_14236,批发型,低价值,United Kingdom
1225,C14238,客户_14238,批发型,中价值,United Kingdom
1226,C14239,客户_14239,批发型,高价值,United Kingdom
1227,C14240,客户_14240,批发型,中价值,United Kingdom
1228,C14242,客户_14242,批发型,中价值,United Kingdom
1229,C14243,客户_14243,零售型,高价值,United Kingdom
1230,C14245,客户_14245,批发型,高价值,United Kingdom
1231,C14246,客户_14246,批发型,高价值,United Kingdom
1232,C14247,客户_14247,批发型,中价值,United Kingdom
1233,C14250,客户_14250,批发型,高价值,United Kingdom
1234,C14251,客户_14251,批发型,高价值,United Kingdom
1235,C14256,客户_14256,批发型,中价值,United Kingdom
1236,C14257,客户_14257,批发型,高价值,United Kingdom
1237,C14258,客户_14258,批发型,高价值,United Kingdom
1238,C14259,客户_14259,批发型,低价值,United Kingdom
1239,C14261,客户_14261,批发型,高价值,United Kingdom
1240,C14262,客户_14262,批发型,高价值,United Kingdom
1241,C14264,客户_14264,零售型,低价值,United Kingdom
1242,C14265,客户_14265,零售型,高价值,United Kingdom
1243,C14267,客户_14267,批发型,高价值,United Kingdom
1244,C14270,客户_14270,批发型,低价值,United Kingdom
1245,C14271,客户_14271,批发型,低价值,United Kingdom
1246,C14272,客户_14272,批发型,低价值,United Kingdom
1247,C14273,客户_14273,批发型,中价值,United Kingdom
1248,C14276,客户_14276,批发型,中价值,United Kingdom
1249,C14277,客户_14277,批发型,高价值,United Kingdom
1250,C14282,客户_14282,批发型,高价值,United Kingdom
1251,C14284,客户_14284,批发型,低价值,United Kingdom
1252,C14285,客户_14285,批发型,高价值,United Kingdom
1253,C14286,客户_14286,批发型,高价值,United Kingdom
1254,C14289,客户_14289,零售型,低价值,United Kingdom
1255,C14290,客户_14290,批发型,高价值,United Kingdom
1256,C14291,客户_14291,批发型,高价值,United Kingdom
1257,C14292,客户_14292,批发型,中价值,United Kingdom
1258,C14293,客户_14293,批发型,高价值,United Kingdom
1259,C14295,客户_14295,批发型,中价值,United Kingdom
1260,C14297,客户_14297,批发型,中价值,United Kingdom
1261,C14298,客户_14298,批发型,高价值,United Kingdom
1262,C14299,客户_14299,批发型,高价值,United Kingdom
1263,C14300,客户_14300,批发型,低价值,United Kingdom
1264,C14304,客户_14304,批发型,中价值,United Kingdom
1265,C14305,客户_14305,批发型,高价值,United Kingdom
1266,C14306,客户_14306,批发型,高价值,United Kingdom
1267,C14307,客户_14307,批发型,高价值,United Kingdom
1268,C14309,客户_14309,批发型,高价值,United Kingdom
1269,C14312,客户_14312,批发型,中价值,United Kingdom
1270,C14314,客户_14314,批发型,低价值,United Kingdom
1271,C14315,客户_14315,批发型,高价值,United Kingdom
1272,C14317,客户_14317,零售型,低价值,United Kingdom
1273,C14320,客户_14320,批发型,中价值,United Kingdom
1274,C14321,客户_14321,批发型,高价值,United Kingdom
1275,C14323,客户_14323,批发型,中价值,United Kingdom
1276,C14327,客户_14327,批发型,高价值,United Kingdom
1277,C14329,客户_14329,批发型,高价值,United Kingdom
1278,C14331,客户_14331,批发型,中价值,United Kingdom
1279,C14332,客户_14332,批发型,高价值,United Kingdom
1280,C14333,客户_14333,零售型,中价值,United Kingdom
1281,C14334,客户_14334,批发型,高价值,United Kingdom
1282,C14335,客户_14335,批发型,低价值,United Kingdom
1283,C14336,客户_14336,批发型,高价值,United Kingdom
1284,C14338,客户_14338,批发型,低价值,United Kingdom
1285,C14339,客户_14339,批发型,低价值,United Kingdom
1286,C14341,客户_14341,批发型,高价值,United Kingdom
1287,C14342,客户_14342,批发型,低价值,United Kingdom
1288,C14344,客户_14344,零售型,低价值,United Kingdom
1289,C14346,客户_14346,批发型,中价值,United Kingdom
1290,C14348,客户_14348,批发型,低价值,United Kingdom
1291,C14349,客户_14349,零售型,低价值,United Kingdom
1292,C14350,客户_14350,批发型,中价值,United Kingdom
1293,C14352,客户_14352,批发型,低价值,United Kingdom
1294,C14355,客户_14355,零售型,低价值,United Kingdom
1295,C14356,客户_14356,批发型,中价值,United Kingdom
1296,C14357,客户_14357,零售型,低价值,United Kingdom
1297,C14359,客户_14359,零售型,低价值,United Kingdom
1298,C14360,客户_14360,批发型,高价值,United Kingdom
1299,C14362,客户_14362,零售型,低价值,United Kingdom
1300,C14364,客户_14364,批发型,高价值,United Kingdom
1301,C14367,客户_14367,批发型,高价值,United Kingdom
1302,C14368,客户_14368,零售型,低价值,United Kingdom
1303,C14371,客户_14371,批发型,低价值,United Kingdom
1304,C14373,客户_14373,零售型,低价值,United Kingdom
1305,C14375,客户_14375,零售型,中价值,United Kingdom
1306,C14377,客户_14377,批发型,中价值,United Kingdom
1307,C14379,客户_14379,零售型,中价值,United Kingdom
1308,C14381,客户_14381,零售型,低价值,United Kingdom
1309,C14382,客户_14382,零售型,中价值,United Kingdom
1310,C14383,客户_14383,批发型,高价值,United Kingdom
1311,C14385,客户_14385,批发型,低价值,United Kingdom
1312,C14386,客户_14386,零售型,低价值,United Kingdom
1313,C14387,客户_14387,批发型,高价值,United Kingdom
1314,C14388,客户_14388,批发型,高价值,United Kingdom
1315,C14389,客户_14389,批发型,中价值,United Kingdom
1316,C14390,客户_14390,零售型,高价值,United Kingdom
1317,C14395,客户_14395,零售型,高价值,United Kingdom
1318,C14396,客户_14396,零售型,中价值,United Kingdom
1319,C14397,客户_14397,批发型,高价值,United Kingdom
1320,C14400,客户_14400,批发型,低价值,United Kingdom
1321,C14401,客户_14401,批发型,高价值,United Kingdom
1322,C14404,客户_14404,批发型,高价值,United Kingdom
1323,C14406,客户_14406,零售型,低价值,United Kingdom
1324,C14407,客户_14407,批发型,高价值,United Kingdom
1325,C14408,客户_14408,批发型,高价值,United Kingdom
1326,C14409,客户_14409,批发型,高价值,United Kingdom
1327,C14410,客户_14410,零售型,中价值,United Kingdom
1328,C14411,客户_14411,批发型,中价值,United Kingdom
1329,C14413,客户_14413,零售型,低价值,United Kingdom
1330,C14414,客户_14414,批发型,高价值,United Kingdom
1331,C14415,客户_14415,零售型,高价值,United Kingdom
1332,C14416,客户_14416,批发型,低价值,United Kingdom
1333,C14418,客户_14418,批发型,高价值,United Kingdom
1334,C14419,客户_14419,零售型,中价值,United Kingdom
1335,C14420,客户_14420,批发型,低价值,United Kingdom
1336,C14421,客户_14421,批发型,中价值,United Kingdom
1337,C14422,客户_14422,批发型,高价值,United Kingdom
1338,C14426,客户_14426,批发型,高价值,United Kingdom
1339,C14427,客户_14427,批发型,中价值,United Kingdom
1340,C14428,客户_14428,零售型,中价值,United Kingdom
1341,C14431,客户_14431,批发型,中价值,United Kingdom
1342,C14432,客户_14432,零售型,中价值,United Kingdom
1343,C14434,客户_14434,批发型,高价值,United Kingdom
1344,C14439,客户_14439,批发型,高价值,United Kingdom
1345,C14440,客户_14440,批发型,高价值,United Kingdom
1346,C14441,客户_14441,批发型,高价值,United Kingdom
1347,C14442,客户_14442,零售型,高价值,United Kingdom
1348,C14443,客户_14443,批发型,高价值,United Kingdom
1349,C14446,客户_14446,零售型,中价值,United Kingdom
1350,C14447,客户_14447,批发型,中价值,United Kingdom
1351,C14448,客户_14448,零售型,低价值,United Kingdom
1352,C14449,客户_14449,零售型,中价值,United Kingdom
1353,C14450,客户_14450,批发型,低价值,United Kingdom
1354,C14451,客户_14451,零售型,中价值,United Kingdom
1355,C14452,客户_14452,零售型,中价值,United Kingdom
1356,C14453,客户_14453,零售型,低价值,United Kingdom
1357,C14456,客户_14456,零售型,高价值,United Kingdom
1358,C14459,客户_14459,批发型,高价值,United Kingdom
1359,C14461,客户_14461,零售型,中价值,United Kingdom
1360,C14462,客户_14462,零售型,中价值,United Kingdom
1361,C14465,客户_14465,零售型,高价值,United Kingdom
1362,C14466,客户_14466,批发型,高价值,United Kingdom
1363,C14467,客户_14467,零售型,中价值,United Kingdom
1364,C14470,客户_14470,零售型,低价值,United Kingdom
1365,C14472,客户_14472,零售型,高价值,United Kingdom
1366,C14473,客户_14473,批发型,低价值,United Kingdom
1367,C14474,客户_14474,零售型,中价值,United Kingdom
1368,C14475,客户_14475,批发型,中价值,United Kingdom
1369,C14476,客户_14476,零售型,低价值,United Kingdom
1370,C14477,客户_14477,批发型,中价值,United Kingdom
1371,C14479,客户_14479,批发型,低价值,United Kingdom
1372,C14481,客户_14481,批发型,中价值,United Kingdom
1373,C14482,客户_14482,零售型,中价值,United Kingdom
1374,C14483,客户_14483,零售型,低价值,United Kingdom
1375,C14484,客户_14484,批发型,低价值,United Kingdom
1376,C14485,客户_14485,零售型,低价值,United Kingdom
1377,C14487,客户_14487,零售型,高价值,United Kingdom
1378,C14488,客户_14488,批发型,中价值,United Kingdom
1379,C14489,客户_14489,批发型,低价值,United Kingdom
1380,C14491,客户_14491,批发型,中价值,United Kingdom
1381,C14493,客户_14493,批发型,高价值,United Kingdom
1382,C14494,客户_14494,批发型,低价值,United Kingdom
1383,C14495,客户_14495,批发型,低价值,United Kingdom
1384,C14496,客户_14496,批发型,低价值,United Kingdom
1385,C14497,客户_14497,零售型,中价值,United Kingdom
1386,C14498,客户_14498,零售型,高价值,United Kingdom
1387,C14499,客户_14499,零售型,中价值,United Kingdom
1388,C14500,客户_14500,批发型,低价值,United Kingdom
1389,C14501,客户_14501,批发型,低价值,United Kingdom
1390,C14502,客户_14502,零售型,高价值,United Kingdom
1391,C14503,客户_14503,批发型,高价值,United Kingdom
1392,C14504,客户_14504,零售型,中价值,United Kingdom
1393,C14505,客户_14505,零售型,高价值,United Kingdom
1394,C14506,客户_14506,零售型,高价值,United Kingdom
1395,C14507,客户_14507,零售型,中价值,United Kingdom
1396,C14508,客户_14508,零售型,低价值,United Kingdom
1397,C14511,客户_14511,零售型,中价值,United Kingdom
1398,C14513,客户_14513,批发型,中价值,United Kingdom
1399,C14514,客户_14514,零售型,中价值,United Kingdom
1400,C14515,客户_14515,批发型,高价值,United Kingdom
1401,C14517,客户_14517,零售型,低价值,United Kingdom
1402,C14518,客户_14518,批发型,低价值,United Kingdom
1403,C14522,客户_14522,批发型,中价值,United Kingdom
1404,C14523,客户_14523,批发型,低价值,United Kingdom
1405,C14524,客户_14524,零售型,中价值,United Kingdom
1406,C14525,客户_14525,零售型,高价值,United Kingdom
1407,C14527,客户_14527,零售型,高价值,United Kingdom
1408,C14528,客户_14528,批发型,中价值,United Kingdom
1409,C14529,客户_14529,零售型,中价值,United Kingdom
1410,C14530,客户_14530,零售型,高价值,United Kingdom
1411,C14532,客户_14532,批发型,低价值,United Kingdom
1412,C14533,客户_14533,批发型,高价值,United Kingdom
1413,C14534,客户_14534,零售型,高价值,United Kingdom
1414,C14535,客户_14535,零售型,高价值,United Kingdom
1415,C14536,客户_14536,零售型,低价值,United Kingdom
1416,C14537,客户_14537,批发型,中价值,United Kingdom
1417,C14538,客户_14538,批发型,中价值,United Kingdom
1418,C14539,客户_14539,批发型,中价值,United Kingdom
1419,C14540,客户_14540,零售型,中价值,United Kingdom
1420,C14541,客户_14541,零售型,中价值,United Kingdom
1421,C14543,客户_14543,零售型,高价值,United Kingdom
1422,C14544,客户_14544,零售型,高价值,United Kingdom
1423,C14546,客户_14546,零售型,高价值,United Kingdom
1424,C14547,客户_14547,批发型,高价值,United Kingdom
1425,C14549,客户_14549,零售型,低价值,United Kingdom
1426,C14550,客户_14550,零售型,低价值,United Kingdom
1427,C14552,客户_14552,零售型,低价值,United Kingdom
1428,C14553,客户_14553,零售型,中价值,United Kingdom
1429,C14554,客户_14554,零售型,高价值,United Kingdom
1430,C14555,客户_14555,批发型,中价值,United Kingdom
1431,C14557,客户_14557,批发型,低价值,United Kingdom
1432,C14560,客户_14560,批发型,高价值,United Kingdom
1433,C14561,客户_14561,批发型,中价值,United Kingdom
1434,C14562,客户_14562,零售型,高价值,United Kingdom
1435,C14565,客户_14565,批发型,中价值,United Kingdom
1436,C14567,客户_14567,批发型,高价值,United Kingdom
1437,C14569,客户_14569,零售型,中价值,United Kingdom
1438,C14570,客户_14570,零售型,低价值,United Kingdom
1439,C14572,客户_14572,零售型,高价值,United Kingdom
1440,C14573,客户_14573,零售型,中价值,United Kingdom
1441,C14577,客户_14577,零售型,中价值,United Kingdom
1442,C14578,客户_14578,零售型,低价值,United Kingdom
1443,C14581,客户_14581,批发型,低价值,United Kingdom
1444,C14582,客户_14582,零售型,低价值,United Kingdom
1445,C14583,客户_14583,零售型,中价值,United Kingdom
1446,C14584,客户_14584,零售型,中价值,United Kingdom
1447,C14585,客户_14585,零售型,低价值,United Kingdom
1448,C14586,客户_14586,批发型,中价值,United Kingdom
1449,C14587,客户_14587,零售型,中价值,United Kingdom
1450,C14591,客户_14591,零售型,高价值,United Kingdom
1451,C14592,客户_14592,零售型,低价值,United Kingdom
1452,C14593,客户_14593,零售型,中价值,United Kingdom
1453,C14594,客户_14594,零售型,低价值,United Kingdom
1454,C14595,客户_14595,批发型,高价值,United Kingdom
1455,C14597,客户_14597,批发型,高价值,United Kingdom
1456,C14598,客户_14598,零售型,低价值,United Kingdom
1457,C14600,客户_14600,批发型,低价值,United Kingdom
1458,C14601,客户_14601,批发型,中价值,United Kingdom
1459,C14606,客户_14606,零售型,高价值,United Kingdom
1460,C14607,客户_14607,批发型,高价值,United Kingdom
1461,C14608,客户_14608,零售型,低价值,United Kingdom
1462,C14618,客户_14618,批发型,中价值,United Kingdom
1463,C14619,客户_14619,零售型,低价值,United Kingdom
1464,C14620,客户_14620,零售型,低价值,United Kingdom
1465,C14621,客户_14621,批发型,高价值,United Kingdom
1466,C14622,客户_14622,批发型,低价值,United Kingdom
1467,C14623,客户_14623,零售型,中价值,United Kingdom
1468,C14624,客户_14624,批发型,中价值,United Kingdom
1469,C14625,客户_14625,零售型,中价值,United Kingdom
1470,C14626,客户_14626,批发型,高价值,United Kingdom
1471,C14628,客户_14628,批发型,中价值,United Kingdom
1472,C14629,客户_14629,零售型,中价值,United Kingdom
1473,C14631,客户_14631,批发型,高价值,United Kingdom
1474,C14633,客户_14633,批发型,低价值,United Kingdom
1475,C14636,客户_14636,批发型,低价值,United Kingdom
1476,C14638,客户_14638,批发型,中价值,United Kingdom
1477,C14639,客户_14639,批发型,中价值,United Kingdom
1478,C14640,客户_14640,批发型,高价值,United Kingdom
1479,C14641,客户_14641,批发型,低价值,United Kingdom
1480,C14642,客户_14642,批发型,中价值,United Kingdom
1481,C14643,客户_14643,批发型,低价值,United Kingdom
1482,C14646,客户_14646,批发型,高价值,United Kingdom
1483,C14647,客户_14647,零售型,低价值,United Kingdom
1484,C14649,客户_14649,零售型,中价值,United Kingdom
1485,C14651,客户_14651,零售型,中价值,United Kingdom
1486,C14652,客户_14652,零售型,低价值,United Kingdom
1487,C14653,客户_14653,零售型,高价值,United Kingdom
1488,C14655,客户_14655,批发型,高价值,United Kingdom
1489,C14656,客户_14656,零售型,低价值,United Kingdom
1490,C14657,客户_14657,零售型,中价值,United Kingdom
1491,C14658,客户_14658,零售型,中价值,United Kingdom
1492,C14659,客户_14659,零售型,高价值,United Kingdom
1493,C14660,客户_14660,批发型,中价值,United Kingdom
1494,C14662,客户_14662,零售型,中价值,United Kingdom
1495,C14664,客户_14664,零售型,中价值,United Kingdom
1496,C14665,客户_14665,批发型,高价值,United Kingdom
1497,C14666,客户_14666,批发型,低价值,United Kingdom
1498,C14667,客户_14667,零售型,高价值,United Kingdom
1499,C14669,客户_14669,零售型,中价值,United Kingdom
1500,C14670,客户_14670,零售型,低价值,United Kingdom
1501,C14672,客户_14672,零售型,中价值,United Kingdom
1502,C14673,客户_14673,批发型,高价值,United Kingdom
1503,C14675,客户_14675,零售型,中价值,United Kingdom
1504,C14676,客户_14676,批发型,高价值,United Kingdom
1505,C14680,客户_14680,批发型,高价值,United Kingdom
1506,C14681,客户_14681,批发型,高价值,United Kingdom
1507,C14682,客户_14682,批发型,低价值,United Kingdom
1508,C14684,客户_14684,零售型,中价值,United Kingdom
1509,C14687,客户_14687,批发型,中价值,United Kingdom
1510,C14688,客户_14688,批发型,高价值,United Kingdom
1511,C14690,客户_14690,零售型,低价值,United Kingdom
1512,C14691,客户_14691,批发型,中价值,United Kingdom
1513,C14692,客户_14692,零售型,中价值,United Kingdom
1514,C14693,客户_14693,零售型,低价值,United Kingdom
1515,C14696,客户_14696,批发型,高价值,United Kingdom
1516,C14697,客户_14697,批发型,低价值,United Kingdom
1517,C14698,客户_14698,零售型,高价值,United Kingdom
1518,C14699,客户_14699,批发型,低价值,United Kingdom
1519,C14700,客户_14700,批发型,高价值,United Kingdom
1520,C14701,客户_14701,零售型,高价值,United Kingdom
1521,C14702,客户_14702,零售型,高价值,United Kingdom
1522,C14703,客户_14703,批发型,低价值,United Kingdom
1523,C14704,客户_14704,零售型,高价值,United Kingdom
1524,C14708,客户_14708,批发型,中价值,United Kingdom
1525,C14709,客户_14709,批发型,高价值,United Kingdom
1526,C14710,客户_14710,零售型,低价值,United Kingdom
1527,C14711,客户_14711,零售型,高价值,United Kingdom
1528,C14712,客户_14712,批发型,中价值,United Kingdom
1529,C14713,客户_14713,零售型,高价值,United Kingdom
1530,C14715,客户_14715,零售型,中价值,United Kingdom
1531,C14716,客户_14716,零售型,低价值,United Kingdom
1532,C14719,客户_14719,零售型,中价值,United Kingdom
1533,C14720,客户_14720,零售型,中价值,United Kingdom
1534,C14722,客户_14722,零售型,低价值,United Kingdom
1535,C14723,客户_14723,零售型,中价值,United Kingdom
1536,C14725,客户_14725,零售型,中价值,United Kingdom
1537,C14727,客户_14727,零售型,低价值,United Kingdom
1538,C14729,客户_14729,零售型,低价值,United Kingdom
1539,C14730,客户_14730,零售型,高价值,United Kingdom
1540,C14731,客户_14731,零售型,低价值,United Kingdom
1541,C14732,客户_14732,零售型,高价值,United Kingdom
1542,C14733,客户_14733,批发型,高价值,United Kingdom
1543,C14735,客户_14735,批发型,高价值,United Kingdom
1544,C14737,客户_14737,批发型,中价值,United Kingdom
1545,C14738,客户_14738,批发型,高价值,United Kingdom
1546,C14739,客户_14739,批发型,高价值,United Kingdom
1547,C14740,客户_14740,批发型,中价值,United Kingdom
1548,C14741,客户_14741,批发型,中价值,United Kingdom
1549,C14744,客户_14744,批发型,中价值,United Kingdom
1550,C14745,客户_14745,批发型,中价值,United Kingdom
1551,C14747,客户_14747,零售型,低价值,United Kingdom
1552,C14748,客户_14748,批发型,高价值,United Kingdom
1553,C14753,客户_14753,批发型,中价值,United Kingdom
1554,C14754,客户_14754,批发型,低价值,United Kingdom
1555,C14755,客户_14755,批发型,高价值,United Kingdom
1556,C14756,客户_14756,批发型,中价值,United Kingdom
1557,C14757,客户_14757,零售型,中价值,United Kingdom
1558,C14758,客户_14758,零售型,高价值,United Kingdom
1559,C14759,客户_14759,零售型,中价值,United Kingdom
1560,C14760,客户_14760,批发型,低价值,United Kingdom
1561,C14761,客户_14761,批发型,低价值,United Kingdom
1562,C14762,客户_14762,批发型,低价值,United Kingdom
1563,C14764,客户_14764,批发型,中价值,United Kingdom
1564,C14765,客户_14765,零售型,低价值,United Kingdom
1565,C14766,客户_14766,批发型,高价值,United Kingdom
1566,C14769,客户_14769,零售型,高价值,United Kingdom
1567,C14770,客户_14770,零售型,高价值,United Kingdom
1568,C14772,客户_14772,批发型,低价值,United Kingdom
1569,C14775,客户_14775,批发型,中价值,United Kingdom
1570,C14776,客户_14776,批发型,高价值,United Kingdom
1571,C14778,客户_14778,零售型,低价值,United Kingdom
1572,C14779,客户_14779,零售型,低价值,United Kingdom
1573,C14780,客户_14780,批发型,中价值,United Kingdom
1574,C14784,客户_14784,批发型,低价值,United Kingdom
1575,C14788,客户_14788,批发型,中价值,United Kingdom
1576,C14789,客户_14789,批发型,低价值,United Kingdom
1577,C14790,客户_14790,批发型,中价值,United Kingdom
1578,C14792,客户_14792,零售型,低价值,United Kingdom
1579,C14793,客户_14793,零售型,低价值,United Kingdom
1580,C14794,客户_14794,批发型,高价值,United Kingdom
1581,C14795,客户_14795,零售型,低价值,United Kingdom
1582,C14796,客户_14796,零售型,高价值,United Kingdom
1583,C14798,客户_14798,批发型,低价值,United Kingdom
1584,C14799,客户_14799,零售型,低价值,United Kingdom
1585,C14800,客户_14800,零售型,高价值,United Kingdom
1586,C14801,客户_14801,零售型,低价值,United Kingdom
1587,C14803,客户_14803,零售型,低价值,United Kingdom
1588,C14804,客户_14804,批发型,中价值,United Kingdom
1589,C14805,客户_14805,零售型,中价值,United Kingdom
1590,C14806,客户_14806,批发型,低价值,United Kingdom
1591,C14808,客户_14808,零售型,高价值,United Kingdom
1592,C14810,客户_14810,零售型,高价值,United Kingdom
1593,C14813,客户_14813,零售型,低价值,United Kingdom
1594,C14815,客户_14815,批发型,低价值,United Kingdom
1595,C14816,客户_14816,零售型,中价值,United Kingdom
1596,C14817,客户_14817,批发型,中价值,United Kingdom
1597,C14818,客户_14818,零售型,低价值,United Kingdom
1598,C14819,客户_14819,批发型,低价值,United Kingdom
1599,C14820,客户_14820,零售型,中价值,United Kingdom
1600,C14823,客户_14823,零售型,低价值,United Kingdom
1601,C14824,客户_14824,批发型,高价值,United Kingdom
1602,C14825,客户_14825,批发型,高价值,United Kingdom
1603,C14828,客户_14828,批发型,高价值,United Kingdom
1604,C14829,客户_14829,批发型,低价值,United Kingdom
1605,C14830,客户_14830,零售型,低价值,United Kingdom
1606,C14834,客户_14834,批发型,中价值,United Kingdom
1607,C14837,客户_14837,批发型,中价值,United Kingdom
1608,C14841,客户_14841,零售型,高价值,United Kingdom
1609,C14842,客户_14842,批发型,高价值,United Kingdom
1610,C14844,客户_14844,批发型,高价值,United Kingdom
1611,C14847,客户_14847,批发型,中价值,United Kingdom
1612,C14849,客户_14849,批发型,高价值,United Kingdom
1613,C14850,客户_14850,批发型,低价值,United Kingdom
1614,C14851,客户_14851,批发型,低价值,United Kingdom
1615,C14852,客户_14852,批发型,高价值,United Kingdom
1616,C14853,客户_14853,批发型,低价值,United Kingdom
1617,C14854,客户_14854,批发型,中价值,United Kingdom
1618,C14855,客户_14855,零售型,中价值,United Kingdom
1619,C14856,客户_14856,批发型,高价值,United Kingdom
1620,C14857,客户_14857,零售型,中价值,United Kingdom
1621,C14859,客户_14859,批发型,高价值,United Kingdom
1622,C14860,客户_14860,批发型,低价值,United Kingdom
1623,C14861,客户_14861,批发型,低价值,United Kingdom
1624,C14862,客户_14862,批发型,低价值,United Kingdom
1625,C14866,客户_14866,批发型,高价值,United Kingdom
1626,C14867,客户_14867,零售型,低价值,United Kingdom
1627,C14868,客户_14868,批发型,高价值,United Kingdom
1628,C14869,客户_14869,零售型,中价值,United Kingdom
1629,C14870,客户_14870,批发型,低价值,United Kingdom
1630,C14871,客户_14871,零售型,低价值,United Kingdom
1631,C14873,客户_14873,批发型,中价值,United Kingdom
1632,C14875,客户_14875,批发型,中价值,United Kingdom
1633,C14878,客户_14878,零售型,高价值,United Kingdom
1634,C14880,客户_14880,批发型,低价值,United Kingdom
1635,C14881,客户_14881,批发型,中价值,United Kingdom
1636,C14883,客户_14883,批发型,低价值,United Kingdom
1637,C14885,客户_14885,批发型,低价值,United Kingdom
1638,C14889,客户_14889,批发型,低价值,United Kingdom
1639,C14891,客户_14891,批发型,低价值,United Kingdom
1640,C14893,客户_14893,批发型,低价值,United Kingdom
1641,C14894,客户_14894,零售型,低价值,United Kingdom
1642,C14895,客户_14895,批发型,高价值,United Kingdom
1643,C14896,客户_14896,零售型,低价值,United Kingdom
1644,C14897,客户_14897,零售型,中价值,United Kingdom
1645,C14898,客户_14898,零售型,高价值,United Kingdom
1646,C14901,客户_14901,零售型,高价值,United Kingdom
1647,C14902,客户_14902,批发型,低价值,United Kingdom
1648,C14903,客户_14903,零售型,高价值,United Kingdom
1649,C14904,客户_14904,批发型,中价值,United Kingdom
1650,C14905,客户_14905,批发型,中价值,United Kingdom
1651,C14907,客户_14907,批发型,高价值,United Kingdom
1652,C14908,客户_14908,批发型,中价值,United Kingdom
1653,C14910,客户_14910,批发型,低价值,United Kingdom
1654,C14911,客户_14911,批发型,高价值,United Kingdom
1655,C14912,客户_14912,批发型,中价值,United Kingdom
1656,C14913,客户_14913,批发型,中价值,United Kingdom
1657,C14915,客户_14915,批发型,中价值,United Kingdom
1658,C14916,客户_14916,批发型,中价值,United Kingdom
1659,C14918,客户_14918,批发型,高价值,United Kingdom
1660,C14920,客户_14920,批发型,中价值,United Kingdom
1661,C14921,客户_14921,批发型,中价值,United Kingdom
1662,C14923,客户_14923,批发型,中价值,United Kingdom
1663,C14924,客户_14924,零售型,低价值,United Kingdom
1664,C14929,客户_14929,批发型,低价值,United Kingdom
1665,C14930,客户_14930,批发型,高价值,United Kingdom
1666,C14931,客户_14931,批发型,高价值,United Kingdom
1667,C14932,客户_14932,批发型,中价值,United Kingdom
1668,C14934,客户_14934,批发型,中价值,United Kingdom
1669,C14936,客户_14936,批发型,高价值,United Kingdom
1670,C14937,客户_14937,批发型,高价值,United Kingdom
1671,C14944,客户_14944,批发型,高价值,United Kingdom
1672,C14946,客户_14946,批发型,低价值,United Kingdom
1673,C14947,客户_14947,批发型,低价值,United Kingdom
1674,C14948,客户_14948,批发型,中价值,United Kingdom
1675,C14950,客户_14950,零售型,低价值,United Kingdom
1676,C14951,客户_14951,批发型,低价值,United Kingdom
1677,C14952,客户_14952,批发型,高价值,United Kingdom
1678,C14953,客户_14953,零售型,低价值,United Kingdom
1679,C14954,客户_14954,零售型,中价值,United Kingdom
1680,C14958,客户_14958,零售型,中价值,United Kingdom
1681,C14959,客户_14959,批发型,中价值,United Kingdom
1682,C14960,客户_14960,批发型,低价值,United Kingdom
1683,C14961,客户_14961,批发型,高价值,United Kingdom
1684,C14963,客户_14963,零售型,高价值,United Kingdom
1685,C14965,客户_14965,零售型,中价值,United Kingdom
1686,C14966,客户_14966,零售型,低价值,United Kingdom
1687,C14968,客户_14968,零售型,低价值,United Kingdom
1688,C14970,客户_14970,批发型,中价值,United Kingdom
1689,C14971,客户_14971,零售型,中价值,United Kingdom
1690,C14972,客户_14972,零售型,低价值,United Kingdom
1691,C14973,客户_14973,批发型,中价值,United Kingdom
1692,C14974,客户_14974,零售型,低价值,United Kingdom
1693,C14975,客户_14975,批发型,中价值,United Kingdom
1694,C14976,客户_14976,零售型,高价值,United Kingdom
1695,C14978,客户_14978,零售型,高价值,United Kingdom
1696,C14981,客户_14981,批发型,低价值,United Kingdom
1697,C14984,客户_14984,零售型,低价值,United Kingdom
1698,C14985,客户_14985,零售型,低价值,United Kingdom
1699,C14988,客户_14988,零售型,低价值,United Kingdom
1700,C14995,客户_14995,零售型,低价值,United Kingdom
1701,C14998,客户_14998,零售型,低价值,United Kingdom
1702,C15000,客户_15000,零售型,低价值,United Kingdom
1703,C15002,客户_15002,零售型,高价值,United Kingdom
1704,C15004,客户_15004,零售型,高价值,United Kingdom
1705,C15005,客户_15005,零售型,高价值,United Kingdom
1706,C15006,客户_15006,零售型,中价值,United Kingdom
1707,C15007,客户_15007,批发型,低价值,United Kingdom
1708,C15009,客户_15009,零售型,中价值,United Kingdom
1709,C15010,客户_15010,批发型,低价值,United Kingdom
1710,C15012,客户_15012,零售型,中价值,United Kingdom
1711,C15014,客户_15014,零售型,低价值,United Kingdom
1712,C15016,客户_15016,零售型,中价值,United Kingdom
1713,C15017,客户_15017,零售型,低价值,United Kingdom
1714,C15018,客户_15018,零售型,中价值,United Kingdom
1715,C15019,客户_15019,零售型,低价值,United Kingdom
1716,C15021,客户_15021,零售型,中价值,United Kingdom
1717,C15022,客户_15022,零售型,高价值,United Kingdom
1718,C15023,客户_15023,零售型,高价值,United Kingdom
1719,C15024,客户_15024,零售型,中价值,United Kingdom
1720,C15025,客户_15025,零售型,中价值,United Kingdom
1721,C15026,客户_15026,零售型,低价值,United Kingdom
1722,C15027,客户_15027,批发型,高价值,United Kingdom
1723,C15028,客户_15028,零售型,中价值,United Kingdom
1724,C15030,客户_15030,批发型,中价值,United Kingdom
1725,C15031,客户_15031,零售型,中价值,United Kingdom
1726,C15032,客户_15032,批发型,中价值,United Kingdom
1727,C15033,客户_15033,零售型,高价值,United Kingdom
1728,C15034,客户_15034,零售型,高价值,United Kingdom
1729,C15036,客户_15036,零售型,低价值,United Kingdom
1730,C15038,客户_15038,零售型,中价值,United Kingdom
1731,C15039,客户_15039,零售型,高价值,United Kingdom
1732,C15041,客户_15041,零售型,低价值,United Kingdom
1733,C15043,客户_15043,批发型,高价值,United Kingdom
1734,C15044,客户_15044,零售型,高价值,United Kingdom
1735,C15045,客户_15045,批发型,中价值,United Kingdom
1736,C15046,客户_15046,批发型,高价值,United Kingdom
1737,C15047,客户_15047,批发型,低价值,United Kingdom
1738,C15048,客户_15048,零售型,低价值,United Kingdom
1739,C15049,客户_15049,批发型,低价值,United Kingdom
1740,C15050,客户_15050,批发型,高价值,United Kingdom
1741,C15051,客户_15051,零售型,中价值,United Kingdom
1742,C15052,客户_15052,零售型,低价值,United Kingdom
1743,C15053,客户_15053,零售型,中价值,United Kingdom
1744,C15054,客户_15054,零售型,低价值,United Kingdom
1745,C15057,客户_15057,批发型,中价值,United Kingdom
1746,C15058,客户_15058,零售型,高价值,United Kingdom
1747,C15059,客户_15059,零售型,中价值,United Kingdom
1748,C15060,客户_15060,零售型,低价值,United Kingdom
1749,C15061,客户_15061,批发型,高价值,United Kingdom
1750,C15062,客户_15062,批发型,中价值,United Kingdom
1751,C15065,客户_15065,批发型,高价值,United Kingdom
1752,C15066,客户_15066,批发型,中价值,United Kingdom
1753,C15067,客户_15067,批发型,高价值,United Kingdom
1754,C15068,客户_15068,零售型,中价值,United Kingdom
1755,C15069,客户_15069,批发型,中价值,United Kingdom
1756,C15071,客户_15071,批发型,中价值,United Kingdom
1757,C15073,客户_15073,批发型,高价值,United Kingdom
1758,C15074,客户_15074,批发型,中价值,United Kingdom
1759,C15075,客户_15075,批发型,低价值,United Kingdom
1760,C15076,客户_15076,批发型,低价值,United Kingdom
1761,C15078,客户_15078,批发型,高价值,United Kingdom
1762,C15079,客户_15079,零售型,低价值,United Kingdom
1763,C15081,客户_15081,零售型,低价值,United Kingdom
1764,C15083,客户_15083,批发型,低价值,United Kingdom
1765,C15087,客户_15087,批发型,低价值,United Kingdom
1766,C15088,客户_15088,批发型,高价值,United Kingdom
1767,C15089,客户_15089,批发型,高价值,United Kingdom
1768,C15090,客户_15090,批发型,中价值,United Kingdom
1769,C15091,客户_15091,批发型,低价值,United Kingdom
1770,C15092,客户_15092,零售型,中价值,United Kingdom
1771,C15093,客户_15093,批发型,高价值,United Kingdom
1772,C15095,客户_15095,批发型,中价值,United Kingdom
1773,C15096,客户_15096,批发型,低价值,United Kingdom
1774,C15097,客户_15097,零售型,低价值,United Kingdom
1775,C15099,客户_15099,零售型,中价值,United Kingdom
1776,C15100,客户_15100,批发型,高价值,United Kingdom
1777,C15103,客户_15103,批发型,中价值,United Kingdom
1778,C15104,客户_15104,零售型,中价值,United Kingdom
1779,C15105,客户_15105,批发型,高价值,United Kingdom
1780,C15106,客户_15106,批发型,高价值,United Kingdom
1781,C15108,客户_15108,批发型,高价值,United Kingdom
1782,C15109,客户_15109,批发型,低价值,United Kingdom
1783,C15110,客户_15110,批发型,高价值,United Kingdom
1784,C15111,客户_15111,批发型,中价值,United Kingdom
1785,C15113,客户_15113,批发型,高价值,United Kingdom
1786,C15114,客户_15114,批发型,高价值,United Kingdom
1787,C15115,客户_15115,批发型,低价值,United Kingdom
1788,C15116,客户_15116,批发型,中价值,United Kingdom
1789,C15117,客户_15117,批发型,中价值,United Kingdom
1790,C15119,客户_15119,批发型,低价值,United Kingdom
1791,C15120,客户_15120,批发型,中价值,United Kingdom
1792,C15121,客户_15121,批发型,低价值,United Kingdom
1793,C15122,客户_15122,批发型,高价值,United Kingdom
1794,C15123,客户_15123,批发型,高价值,United Kingdom
1795,C15124,客户_15124,批发型,低价值,United Kingdom
1796,C15125,客户_15125,批发型,高价值,United Kingdom
1797,C15127,客户_15127,批发型,中价值,United Kingdom
1798,C15128,客户_15128,批发型,高价值,United Kingdom
1799,C15129,客户_15129,批发型,高价值,United Kingdom
1800,C15130,客户_15130,零售型,中价值,United Kingdom
1801,C15132,客户_15132,批发型,高价值,United Kingdom
1802,C15133,客户_15133,批发型,中价值,United Kingdom
1803,C15134,客户_15134,批发型,中价值,United Kingdom
1804,C15136,客户_15136,批发型,中价值,United Kingdom
1805,C15140,客户_15140,批发型,中价值,United Kingdom
1806,C15142,客户_15142,批发型,中价值,United Kingdom
1807,C15143,客户_15143,批发型,低价值,United Kingdom
1808,C15144,客户_15144,批发型,高价值,United Kingdom
1809,C15145,客户_15145,批发型,中价值,United Kingdom
1810,C15146,客户_15146,批发型,中价值,United Kingdom
1811,C15147,客户_15147,批发型,中价值,United Kingdom
1812,C15148,客户_15148,批发型,低价值,United Kingdom
1813,C15149,客户_15149,零售型,低价值,United Kingdom
1814,C15150,客户_15150,批发型,高价值,United Kingdom
1815,C15152,客户_15152,批发型,高价值,United Kingdom
1816,C15153,客户_15153,批发型,低价值,United Kingdom
1817,C15154,客户_15154,零售型,低价值,United Kingdom
1818,C15156,客户_15156,批发型,中价值,United Kingdom
1819,C15157,客户_15157,批发型,中价值,United Kingdom
1820,C15159,客户_15159,批发型,高价值,United Kingdom
1821,C15163,客户_15163,零售型,中价值,United Kingdom
1822,C15164,客户_15164,零售型,中价值,United Kingdom
1823,C15167,客户_15167,零售型,低价值,United Kingdom
1824,C15168,客户_15168,批发型,低价值,United Kingdom
1825,C15171,客户_15171,批发型,中价值,United Kingdom
1826,C15172,客户_15172,批发型,高价值,United Kingdom
1827,C15175,客户_15175,批发型,低价值,United Kingdom
1828,C15179,客户_15179,批发型,高价值,United Kingdom
1829,C15181,客户_15181,批发型,高价值,United Kingdom
1830,C15182,客户_15182,零售型,中价值,United Kingdom
1831,C15184,客户_15184,零售型,低价值,United Kingdom
1832,C15185,客户_15185,批发型,低价值,United Kingdom
1833,C15186,客户_15186,批发型,中价值,United Kingdom
1834,C15187,客户_15187,批发型,高价值,United Kingdom
1835,C15189,客户_15189,批发型,高价值,United Kingdom
1836,C15192,客户_15192,批发型,中价值,United Kingdom
1837,C15194,客户_15194,批发型,高价值,United Kingdom
1838,C15197,客户_15197,批发型,中价值,United Kingdom
1839,C15199,客户_15199,批发型,高价值,United Kingdom
1840,C15201,客户_15201,批发型,中价值,United Kingdom
1841,C15203,客户_15203,批发型,高价值,United Kingdom
1842,C15205,客户_15205,批发型,中价值,United Kingdom
1843,C15206,客户_15206,批发型,低价值,United Kingdom
1844,C15208,客户_15208,批发型,低价值,United Kingdom
1845,C15210,客户_15210,零售型,中价值,United Kingdom
1846,C15211,客户_15211,零售型,中价值,United Kingdom
1847,C15212,客户_15212,批发型,低价值,United Kingdom
1848,C15213,客户_15213,批发型,低价值,United Kingdom
1849,C15214,客户_15214,批发型,中价值,United Kingdom
1850,C15215,客户_15215,批发型,中价值,United Kingdom
1851,C15218,客户_15218,批发型,高价值,United Kingdom
1852,C15219,客户_15219,批发型,中价值,United Kingdom
1853,C15220,客户_15220,批发型,高价值,United Kingdom
1854,C15223,客户_15223,零售型,中价值,United Kingdom
1855,C15224,客户_15224,批发型,低价值,United Kingdom
1856,C15225,客户_15225,零售型,低价值,United Kingdom
1857,C15226,客户_15226,批发型,低价值,United Kingdom
1858,C15227,客户_15227,批发型,中价值,United Kingdom
1859,C15228,客户_15228,批发型,高价值,United Kingdom
1860,C15230,客户_15230,批发型,中价值,United Kingdom
1861,C15232,客户_15232,批发型,中价值,United Kingdom
1862,C15235,客户_15235,批发型,高价值,United Kingdom
1863,C15236,客户_15236,批发型,中价值,United Kingdom
1864,C15237,客户_15237,批发型,高价值,United Kingdom
1865,C15238,客户_15238,批发型,中价值,United Kingdom
1866,C15239,客户_15239,批发型,中价值,United Kingdom
1867,C15240,客户_15240,零售型,低价值,United Kingdom
1868,C15241,客户_15241,批发型,中价值,United Kingdom
1869,C15243,客户_15243,批发型,低价值,United Kingdom
1870,C15244,客户_15244,批发型,低价值,United Kingdom
1871,C15245,客户_15245,批发型,高价值,United Kingdom
1872,C15246,客户_15246,批发型,低价值,United Kingdom
1873,C15247,客户_15247,批发型,中价值,United Kingdom
1874,C15249,客户_15249,批发型,高价值,United Kingdom
1875,C15251,客户_15251,批发型,高价值,United Kingdom
1876,C15252,客户_15252,批发型,中价值,United Kingdom
1877,C15253,客户_15253,批发型,中价值,United Kingdom
1878,C15254,客户_15254,批发型,低价值,United Kingdom
1879,C15255,客户_15255,批发型,中价值,United Kingdom
1880,C15257,客户_15257,零售型,低价值,United Kingdom
1881,C15258,客户_15258,零售型,低价值,United Kingdom
1882,C15260,客户_15260,批发型,高价值,United Kingdom
1883,C15262,客户_15262,批发型,中价值,United Kingdom
1884,C15263,客户_15263,零售型,低价值,United Kingdom
1885,C15264,客户_15264,批发型,低价值,United Kingdom
1886,C15265,客户_15265,批发型,中价值,United Kingdom
1887,C15270,客户_15270,批发型,中价值,United Kingdom
1888,C15271,客户_15271,零售型,高价值,United Kingdom
1889,C15272,客户_15272,零售型,中价值,United Kingdom
1890,C15274,客户_15274,批发型,中价值,United Kingdom
1891,C15275,客户_15275,批发型,中价值,United Kingdom
1892,C15276,客户_15276,零售型,低价值,United Kingdom
1893,C15280,客户_15280,批发型,低价值,United Kingdom
1894,C15281,客户_15281,批发型,高价值,United Kingdom
1895,C15286,客户_15286,批发型,中价值,United Kingdom
1896,C15287,客户_15287,批发型,低价值,United Kingdom
1897,C15288,客户_15288,批发型,高价值,United Kingdom
1898,C15289,客户_15289,批发型,中价值,United Kingdom
1899,C15290,客户_15290,批发型,高价值,United Kingdom
1900,C15291,客户_15291,批发型,高价值,United Kingdom
1901,C15296,客户_15296,批发型,高价值,United Kingdom
1902,C15297,客户_15297,批发型,中价值,United Kingdom
1903,C15298,客户_15298,批发型,高价值,United Kingdom
1904,C15299,客户_15299,批发型,高价值,United Kingdom
1905,C15300,客户_15300,批发型,低价值,United Kingdom
1906,C15301,客户_15301,批发型,高价值,United Kingdom
1907,C15303,客户_15303,批发型,中价值,United Kingdom
1908,C15304,客户_15304,零售型,中价值,United Kingdom
1909,C15306,客户_15306,批发型,高价值,United Kingdom
1910,C15308,客户_15308,零售型,中价值,United Kingdom
1911,C15311,客户_15311,零售型,高价值,United Kingdom
1912,C15312,客户_15312,批发型,中价值,United Kingdom
1913,C15314,客户_15314,批发型,低价值,United Kingdom
1914,C15315,客户_15315,批发型,低价值,United Kingdom
1915,C15318,客户_15318,批发型,低价值,United Kingdom
1916,C15319,客户_15319,批发型,低价值,United Kingdom
1917,C15320,客户_15320,零售型,低价值,United Kingdom
1918,C15321,客户_15321,批发型,高价值,United Kingdom
1919,C15322,客户_15322,批发型,中价值,United Kingdom
1920,C15325,客户_15325,零售型,低价值,United Kingdom
1921,C15326,客户_15326,批发型,低价值,United Kingdom
1922,C15327,客户_15327,批发型,低价值,United Kingdom
1923,C15329,客户_15329,批发型,中价值,United Kingdom
1924,C15330,客户_15330,批发型,中价值,United Kingdom
1925,C15332,客户_15332,批发型,中价值,United Kingdom
1926,C15333,客户_15333,批发型,高价值,United Kingdom
1927,C15334,客户_15334,零售型,低价值,United Kingdom
1928,C15335,客户_15335,零售型,低价值,United Kingdom
1929,C15339,客户_15339,零售型,中价值,United Kingdom
1930,C15342,客户_15342,批发型,低价值,United Kingdom
1931,C15343,客户_15343,零售型,低价值,United Kingdom
1932,C15344,客户_15344,批发型,低价值,United Kingdom
1933,C15345,客户_15345,批发型,低价值,United Kingdom
1934,C15346,客户_15346,批发型,低价值,United Kingdom
1935,C15349,客户_15349,零售型,低价值,United Kingdom
1936,C15350,客户_15350,批发型,低价值,United Kingdom
1937,C15351,客户_15351,零售型,高价值,United Kingdom
1938,C15353,客户_15353,零售型,中价值,United Kingdom
1939,C15355,客户_15355,零售型,中价值,United Kingdom
1940,C15356,客户_15356,零售型,高价值,United Kingdom
1941,C15358,客户_15358,批发型,高价值,United Kingdom
1942,C15360,客户_15360,批发型,中价值,United Kingdom
1943,C15361,客户_15361,批发型,低价值,United Kingdom
1944,C15363,客户_15363,零售型,低价值,United Kingdom
1945,C15365,客户_15365,批发型,高价值,United Kingdom
1946,C15366,客户_15366,批发型,中价值,United Kingdom
1947,C15367,客户_15367,批发型,高价值,United Kingdom
1948,C15368,客户_15368,批发型,高价值,United Kingdom
1949,C15370,客户_15370,批发型,高价值,United Kingdom
1950,C15372,客户_15372,批发型,高价值,United Kingdom
1951,C15373,客户_15373,零售型,高价值,United Kingdom
1952,C15376,客户_15376,零售型,中价值,United Kingdom
1953,C15379,客户_15379,批发型,高价值,United Kingdom
1954,C15380,客户_15380,零售型,低价值,United Kingdom
1955,C15382,客户_15382,批发型,高价值,United Kingdom
1956,C15384,客户_15384,批发型,中价值,United Kingdom
1957,C15385,客户_15385,批发型,低价值,United Kingdom
1958,C15386,客户_15386,批发型,低价值,United Kingdom
1959,C15388,客户_15388,零售型,低价值,United Kingdom
1960,C15392,客户_15392,批发型,高价值,United Kingdom
1961,C15393,客户_15393,批发型,中价值,United Kingdom
1962,C15394,客户_15394,批发型,高价值,United Kingdom
1963,C15395,客户_15395,零售型,低价值,United Kingdom
1964,C15398,客户_15398,批发型,高价值,United Kingdom
1965,C15399,客户_15399,批发型,中价值,United Kingdom
1966,C15400,客户_15400,批发型,中价值,United Kingdom
1967,C15402,客户_15402,零售型,中价值,United Kingdom
1968,C15405,客户_15405,批发型,低价值,United Kingdom
1969,C15406,客户_15406,零售型,中价值,United Kingdom
1970,C15407,客户_15407,零售型,中价值,United Kingdom
1971,C15408,客户_15408,零售型,低价值,United Kingdom
1972,C15410,客户_15410,批发型,高价值,United Kingdom
1973,C15411,客户_15411,零售型,中价值,United Kingdom
1974,C15414,客户_15414,批发型,中价值,United Kingdom
1975,C15415,客户_15415,批发型,低价值,United Kingdom
1976,C15416,客户_15416,批发型,高价值,United Kingdom
1977,C15417,客户_15417,批发型,中价值,United Kingdom
1978,C15419,客户_15419,批发型,低价值,United Kingdom
1979,C15421,客户_15421,批发型,中价值,United Kingdom
1980,C15422,客户_15422,批发型,低价值,United Kingdom
1981,C15426,客户_15426,零售型,高价值,United Kingdom
1982,C15427,客户_15427,零售型,高价值,United Kingdom
1983,C15428,客户_15428,批发型,低价值,United Kingdom
1984,C15429,客户_15429,零售型,低价值,United Kingdom
1985,C15432,客户_15432,批发型,低价值,United Kingdom
1986,C15433,客户_15433,批发型,中价值,United Kingdom
1987,C15434,客户_15434,零售型,高价值,United Kingdom
1988,C15435,客户_15435,零售型,低价值,United Kingdom
1989,C15436,客户_15436,零售型,中价值,United Kingdom
1990,C15437,客户_15437,零售型,低价值,United Kingdom
1991,C15438,客户_15438,零售型,低价值,United Kingdom
1992,C15440,客户_15440,零售型,低价值,United Kingdom
1993,C15443,客户_15443,零售型,高价值,United Kingdom
1994,C15444,客户_15444,零售型,高价值,United Kingdom
1995,C15445,客户_15445,批发型,低价值,United Kingdom
1996,C15447,客户_15447,零售型,低价值,United Kingdom
1997,C15448,客户_15448,批发型,低价值,United Kingdom
1998,C15449,客户_15449,批发型,中价值,United Kingdom
1999,C15450,客户_15450,批发型,中价值,United Kingdom
2000,C15452,客户_15452,批发型,低价值,United Kingdom
2001,C15453,客户_15453,零售型,中价值,United Kingdom
2002,C15454,客户_15454,零售型,低价值,United Kingdom
2003,C15456,客户_15456,零售型,低价值,United Kingdom
2004,C15457,客户_15457,零售型,低价值,United Kingdom
2005,C15458,客户_15458,批发型,中价值,United Kingdom
2006,C15460,客户_15460,零售型,低价值,United Kingdom
2007,C15462,客户_15462,批发型,低价值,United Kingdom
2008,C15463,客户_15463,批发型,中价值,United Kingdom
2009,C15464,客户_15464,零售型,中价值,United Kingdom
2010,C15465,客户_15465,零售型,高价值,United Kingdom
2011,C15466,客户_15466,零售型,低价值,United Kingdom
2012,C15467,客户_15467,零售型,低价值,United Kingdom
2013,C15468,客户_15468,零售型,中价值,United Kingdom
2014,C15469,客户_15469,零售型,低价值,United Kingdom
2015,C15471,客户_15471,零售型,低价值,United Kingdom
2016,C15472,客户_15472,批发型,中价值,United Kingdom
2017,C15473,客户_15473,批发型,高价值,United Kingdom
2018,C15475,客户_15475,批发型,低价值,United Kingdom
2019,C15478,客户_15478,批发型,高价值,United Kingdom
2020,C15480,客户_15480,批发型,中价值,United Kingdom
2021,C15482,客户_15482,批发型,高价值,United Kingdom
2022,C15483,客户_15483,零售型,低价值,United Kingdom
2023,C15484,客户_15484,批发型,高价值,United Kingdom
2024,C15485,客户_15485,批发型,高价值,United Kingdom
2025,C15488,客户_15488,零售型,低价值,United Kingdom
2026,C15489,客户_15489,批发型,中价值,United Kingdom
2027,C15491,客户_15491,批发型,高价值,United Kingdom
2028,C15492,客户_15492,批发型,中价值,United Kingdom
2029,C15493,客户_15493,零售型,高价值,United Kingdom
2030,C15494,客户_15494,零售型,中价值,United Kingdom
2031,C15497,客户_15497,批发型,高价值,United Kingdom
2032,C15498,客户_15498,批发型,高价值,United Kingdom
2033,C15500,客户_15500,批发型,中价值,United Kingdom
2034,C15502,客户_15502,批发型,高价值,United Kingdom
2035,C15503,客户_15503,零售型,低价值,United Kingdom
2036,C15505,客户_15505,批发型,高价值,United Kingdom
2037,C15506,客户_15506,零售型,中价值,United Kingdom
2038,C15507,客户_15507,零售型,中价值,United Kingdom
2039,C15508,客户_15508,零售型,中价值,United Kingdom
2040,C15511,客户_15511,零售型,中价值,United Kingdom
2041,C15512,客户_15512,批发型,低价值,United Kingdom
2042,C15513,客户_15513,批发型,高价值,United Kingdom
2043,C15514,客户_15514,零售型,高价值,United Kingdom
2044,C15516,客户_15516,零售型,低价值,United Kingdom
2045,C15517,客户_15517,零售型,低价值,United Kingdom
2046,C15518,客户_15518,零售型,高价值,United Kingdom
2047,C15520,客户_15520,零售型,低价值,United Kingdom
2048,C15521,客户_15521,批发型,高价值,United Kingdom
2049,C15522,客户_15522,零售型,中价值,United Kingdom
2050,C15525,客户_15525,零售型,中价值,United Kingdom
2051,C15527,客户_15527,批发型,高价值,United Kingdom
2052,C15528,客户_15528,零售型,低价值,United Kingdom
2053,C15529,客户_15529,零售型,高价值,United Kingdom
2054,C15530,客户_15530,零售型,中价值,United Kingdom
2055,C15531,客户_15531,零售型,高价值,United Kingdom
2056,C15532,客户_15532,零售型,高价值,United Kingdom
2057,C15533,客户_15533,零售型,高价值,United Kingdom
2058,C15535,客户_15535,零售型,中价值,United Kingdom
2059,C15537,客户_15537,零售型,低价值,United Kingdom
2060,C15539,客户_15539,批发型,中价值,United Kingdom
2061,C15541,客户_15541,零售型,低价值,United Kingdom
2062,C15543,客户_15543,零售型,低价值,United Kingdom
2063,C15544,客户_15544,批发型,高价值,United Kingdom
2064,C15545,客户_15545,零售型,低价值,United Kingdom
2065,C15547,客户_15547,零售型,高价值,United Kingdom
2066,C15549,客户_15549,零售型,中价值,United Kingdom
2067,C15550,客户_15550,零售型,低价值,United Kingdom
2068,C15551,客户_15551,批发型,中价值,United Kingdom
2069,C15552,客户_15552,零售型,低价值,United Kingdom
2070,C15553,客户_15553,零售型,低价值,United Kingdom
2071,C15554,客户_15554,零售型,低价值,United Kingdom
2072,C15555,客户_15555,零售型,高价值,United Kingdom
2073,C15556,客户_15556,批发型,低价值,United Kingdom
2074,C15561,客户_15561,批发型,中价值,United Kingdom
2075,C15563,客户_15563,批发型,中价值,United Kingdom
2076,C15565,客户_15565,批发型,低价值,United Kingdom
2077,C15567,客户_15567,批发型,低价值,United Kingdom
2078,C15568,客户_15568,批发型,高价值,United Kingdom
2079,C15569,客户_15569,批发型,高价值,United Kingdom
2080,C15570,客户_15570,零售型,高价值,United Kingdom
2081,C15571,客户_15571,零售型,中价值,United Kingdom
2082,C15572,客户_15572,零售型,高价值,United Kingdom
2083,C15573,客户_15573,零售型,中价值,United Kingdom
2084,C15574,客户_15574,零售型,中价值,United Kingdom
2085,C15576,客户_15576,零售型,中价值,United Kingdom
2086,C15577,客户_15577,零售型,低价值,United Kingdom
2087,C15579,客户_15579,零售型,中价值,United Kingdom
2088,C15581,客户_15581,零售型,高价值,United Kingdom
2089,C15582,客户_15582,批发型,中价值,United Kingdom
2090,C15584,客户_15584,零售型,中价值,United Kingdom
2091,C15585,客户_15585,批发型,中价值,United Kingdom
2092,C15587,客户_15587,批发型,高价值,United Kingdom
2093,C15589,客户_15589,批发型,低价值,United Kingdom
2094,C15592,客户_15592,批发型,低价值,United Kingdom
2095,C15594,客户_15594,零售型,高价值,United Kingdom
2096,C15596,客户_15596,批发型,高价值,United Kingdom
2097,C15597,客户_15597,批发型,低价值,United Kingdom
2098,C15599,客户_15599,批发型,中价值,United Kingdom
2099,C15601,客户_15601,批发型,高价值,United Kingdom
2100,C15602,客户_15602,批发型,中价值,United Kingdom
2101,C15604,客户_15604,批发型,低价值,United Kingdom
2102,C15605,客户_15605,零售型,中价值,United Kingdom
2103,C15606,客户_15606,批发型,高价值,United Kingdom
2104,C15607,客户_15607,批发型,低价值,United Kingdom
2105,C15608,客户_15608,批发型,中价值,United Kingdom
2106,C15609,客户_15609,零售型,低价值,United Kingdom
2107,C15611,客户_15611,批发型,中价值,United Kingdom
2108,C15615,客户_15615,批发型,高价值,United Kingdom
2109,C15618,客户_15618,批发型,中价值,United Kingdom
2110,C15620,客户_15620,批发型,中价值,United Kingdom
2111,C15621,客户_15621,批发型,低价值,United Kingdom
2112,C15622,客户_15622,批发型,高价值,United Kingdom
2113,C15623,客户_15623,零售型,中价值,United Kingdom
2114,C15624,客户_15624,批发型,中价值,United Kingdom
2115,C15625,客户_15625,批发型,中价值,United Kingdom
2116,C15626,客户_15626,批发型,中价值,United Kingdom
2117,C15628,客户_15628,批发型,高价值,United Kingdom
2118,C15630,客户_15630,批发型,中价值,United Kingdom
2119,C15632,客户_15632,批发型,高价值,United Kingdom
2120,C15634,客户_15634,批发型,低价值,United Kingdom
2121,C15636,客户_15636,批发型,中价值,United Kingdom
2122,C15637,客户_15637,零售型,低价值,United Kingdom
2123,C15639,客户_15639,批发型,低价值,United Kingdom
2124,C15640,客户_15640,批发型,高价值,United Kingdom
2125,C15641,客户_15641,批发型,高价值,United Kingdom
2126,C15643,客户_15643,零售型,中价值,United Kingdom
2127,C15644,客户_15644,零售型,中价值,United Kingdom
2128,C15645,客户_15645,零售型,低价值,United Kingdom
2129,C15646,客户_15646,零售型,低价值,United Kingdom
2130,C15651,客户_15651,批发型,低价值,United Kingdom
2131,C15652,客户_15652,批发型,中价值,United Kingdom
2132,C15653,客户_15653,批发型,高价值,United Kingdom
2133,C15654,客户_15654,批发型,中价值,United Kingdom
2134,C15655,客户_15655,批发型,低价值,United Kingdom
2135,C15656,客户_15656,零售型,中价值,United Kingdom
2136,C15658,客户_15658,零售型,中价值,United Kingdom
2137,C15659,客户_15659,批发型,中价值,United Kingdom
2138,C15660,客户_15660,批发型,高价值,United Kingdom
2139,C15661,客户_15661,批发型,低价值,United Kingdom
2140,C15664,客户_15664,批发型,低价值,United Kingdom
2141,C15665,客户_15665,批发型,高价值,United Kingdom
2142,C15667,客户_15667,批发型,低价值,United Kingdom
2143,C15669,客户_15669,批发型,中价值,United Kingdom
2144,C15670,客户_15670,批发型,低价值,United Kingdom
2145,C15671,客户_15671,批发型,高价值,United Kingdom
2146,C15673,客户_15673,批发型,高价值,United Kingdom
2147,C15674,客户_15674,批发型,高价值,United Kingdom
2148,C15675,客户_15675,批发型,低价值,United Kingdom
2149,C15676,客户_15676,批发型,高价值,United Kingdom
2150,C15677,客户_15677,批发型,低价值,United Kingdom
2151,C15678,客户_15678,批发型,中价值,United Kingdom
2152,C15679,客户_15679,批发型,中价值,United Kingdom
2153,C15680,客户_15680,批发型,高价值,United Kingdom
2154,C15681,客户_15681,批发型,高价值,United Kingdom
2155,C15683,客户_15683,批发型,低价值,United Kingdom
2156,C15687,客户_15687,批发型,高价值,United Kingdom
2157,C15689,客户_15689,批发型,低价值,United Kingdom
2158,C15690,客户_15690,批发型,低价值,United Kingdom
2159,C15692,客户_15692,批发型,中价值,United Kingdom
2160,C15694,客户_15694,批发型,高价值,United Kingdom
2161,C15695,客户_15695,零售型,低价值,United Kingdom
2162,C15696,客户_15696,零售型,高价值,United Kingdom
2163,C15699,客户_15699,批发型,低价值,United Kingdom
2164,C15700,客户_15700,零售型,中价值,United Kingdom
2165,C15701,客户_15701,零售型,高价值,United Kingdom
2166,C15703,客户_15703,批发型,中价值,United Kingdom
2167,C15704,客户_15704,批发型,高价值,United Kingdom
2168,C15706,客户_15706,零售型,中价值,United Kingdom
2169,C15707,客户_15707,零售型,中价值,United Kingdom
2170,C15708,客户_15708,零售型,高价值,United Kingdom
2171,C15712,客户_15712,批发型,中价值,United Kingdom
2172,C15713,客户_15713,批发型,中价值,United Kingdom
2173,C15714,客户_15714,零售型,中价值,United Kingdom
2174,C15716,客户_15716,零售型,高价值,United Kingdom
2175,C15717,客户_15717,批发型,中价值,United Kingdom
2176,C15719,客户_15719,零售型,高价值,United Kingdom
2177,C15720,客户_15720,零售型,中价值,United Kingdom
2178,C15721,客户_15721,零售型,低价值,United Kingdom
2179,C15722,客户_15722,批发型,高价值,United Kingdom
2180,C15723,客户_15723,零售型,低价值,United Kingdom
2181,C15724,客户_15724,批发型,低价值,United Kingdom
2182,C15725,客户_15725,批发型,中价值,United Kingdom
2183,C15727,客户_15727,批发型,高价值,United Kingdom
2184,C15729,客户_15729,零售型,低价值,United Kingdom
2185,C15730,客户_15730,批发型,中价值,United Kingdom
2186,C15732,客户_15732,批发型,中价值,United Kingdom
2187,C15734,客户_15734,批发型,低价值,United Kingdom
2188,C15737,客户_15737,零售型,中价值,United Kingdom
2189,C15738,客户_15738,批发型,高价值,United Kingdom
2190,C15739,客户_15739,零售型,低价值,United Kingdom
2191,C15740,客户_15740,零售型,低价值,United Kingdom
2192,C15743,客户_15743,零售型,中价值,United Kingdom
2193,C15744,客户_15744,批发型,低价值,United Kingdom
2194,C15745,客户_15745,零售型,中价值,United Kingdom
2195,C15746,客户_15746,零售型,低价值,United Kingdom
2196,C15747,客户_15747,零售型,中价值,United Kingdom
2197,C15748,客户_15748,零售型,低价值,United Kingdom
2198,C15749,客户_15749,批发型,高价值,United Kingdom
2199,C15750,客户_15750,零售型,高价值,United Kingdom
2200,C15752,客户_15752,零售型,高价值,United Kingdom
2201,C15755,客户_15755,批发型,高价值,United Kingdom
2202,C15756,客户_15756,零售型,中价值,United Kingdom
2203,C15757,客户_15757,批发型,低价值,United Kingdom
2204,C15758,客户_15758,批发型,低价值,United Kingdom
2205,C15759,客户_15759,批发型,中价值,United Kingdom
2206,C15762,客户_15762,批发型,低价值,United Kingdom
2207,C15763,客户_15763,零售型,高价值,United Kingdom
2208,C15764,客户_15764,批发型,高价值,United Kingdom
2209,C15768,客户_15768,批发型,中价值,United Kingdom
2210,C15769,客户_15769,批发型,高价值,United Kingdom
2211,C15773,客户_15773,批发型,低价值,United Kingdom
2212,C15774,客户_15774,零售型,低价值,United Kingdom
2213,C15776,客户_15776,批发型,低价值,United Kingdom
2214,C15777,客户_15777,批发型,中价值,United Kingdom
2215,C15780,客户_15780,批发型,中价值,United Kingdom
2216,C15781,客户_15781,批发型,低价值,United Kingdom
2217,C15782,客户_15782,批发型,高价值,United Kingdom
2218,C15785,客户_15785,批发型,高价值,United Kingdom
2219,C15786,客户_15786,批发型,高价值,United Kingdom
2220,C15787,客户_15787,零售型,高价值,United Kingdom
2221,C15789,客户_15789,批发型,低价值,United Kingdom
2222,C15790,客户_15790,零售型,低价值,United Kingdom
2223,C15791,客户_15791,批发型,高价值,United Kingdom
2224,C15793,客户_15793,批发型,中价值,United Kingdom
2225,C15795,客户_15795,批发型,中价值,United Kingdom
2226,C15796,客户_15796,批发型,高价值,United Kingdom
2227,C15799,客户_15799,批发型,中价值,United Kingdom
2228,C15800,客户_15800,零售型,中价值,United Kingdom
2229,C15801,客户_15801,批发型,中价值,United Kingdom
2230,C15803,客户_15803,批发型,低价值,United Kingdom
2231,C15804,客户_15804,批发型,高价值,United Kingdom
2232,C15805,客户_15805,批发型,高价值,United Kingdom
2233,C15806,客户_15806,批发型,中价值,United Kingdom
2234,C15807,客户_15807,批发型,中价值,United Kingdom
2235,C15808,客户_15808,零售型,高价值,United Kingdom
2236,C15809,客户_15809,批发型,低价值,United Kingdom
2237,C15810,客户_15810,批发型,高价值,United Kingdom
2238,C15811,客户_15811,批发型,高价值,United Kingdom
2239,C15812,客户_15812,批发型,低价值,United Kingdom
2240,C15813,客户_15813,批发型,中价值,United Kingdom
2241,C15814,客户_15814,批发型,高价值,United Kingdom
2242,C15815,客户_15815,批发型,中价值,United Kingdom
2243,C15819,客户_15819,批发型,高价值,United Kingdom
2244,C15820,客户_15820,零售型,低价值,United Kingdom
2245,C15821,客户_15821,零售型,中价值,United Kingdom
2246,C15822,客户_15822,批发型,高价值,United Kingdom
2247,C15825,客户_15825,零售型,低价值,United Kingdom
2248,C15826,客户_15826,批发型,中价值,United Kingdom
2249,C15827,客户_15827,批发型,高价值,United Kingdom
2250,C15829,客户_15829,批发型,中价值,United Kingdom
2251,C15830,客户_15830,批发型,低价值,United Kingdom
2252,C15831,客户_15831,零售型,中价值,United Kingdom
2253,C15832,客户_15832,零售型,低价值,United Kingdom
2254,C15834,客户_15834,零售型,高价值,United Kingdom
2255,C15835,客户_15835,批发型,中价值,United Kingdom
2256,C15837,客户_15837,批发型,低价值,United Kingdom
2257,C15838,客户_15838,批发型,高价值,United Kingdom
2258,C15839,客户_15839,批发型,高价值,United Kingdom
2259,C15840,客户_15840,批发型,中价值,United Kingdom
2260,C15841,客户_15841,批发型,中价值,United Kingdom
2261,C15843,客户_15843,零售型,低价值,United Kingdom
2262,C15844,客户_15844,批发型,低价值,United Kingdom
2263,C15845,客户_15845,批发型,高价值,United Kingdom
2264,C15847,客户_15847,批发型,低价值,United Kingdom
2265,C15850,客户_15850,零售型,低价值,United Kingdom
2266,C15852,客户_15852,零售型,中价值,United Kingdom
2267,C15853,客户_15853,零售型,低价值,United Kingdom
2268,C15854,客户_15854,零售型,高价值,United Kingdom
2269,C15855,客户_15855,批发型,中价值,United Kingdom
2270,C15856,客户_15856,批发型,高价值,United Kingdom
2271,C15857,客户_15857,批发型,低价值,United Kingdom
2272,C15858,客户_15858,零售型,中价值,United Kingdom
2273,C15860,客户_15860,零售型,中价值,United Kingdom
2274,C15861,客户_15861,零售型,高价值,United Kingdom
2275,C15862,客户_15862,零售型,中价值,United Kingdom
2276,C15864,客户_15864,批发型,高价值,United Kingdom
2277,C15865,客户_15865,批发型,中价值,United Kingdom
2278,C15866,客户_15866,零售型,低价值,United Kingdom
2279,C15867,客户_15867,零售型,高价值,United Kingdom
2280,C15869,客户_15869,批发型,中价值,United Kingdom
2281,C15870,客户_15870,零售型,低价值,United Kingdom
2282,C15872,客户_15872,零售型,低价值,United Kingdom
2283,C15874,客户_15874,批发型,高价值,United Kingdom
2284,C15877,客户_15877,零售型,低价值,United Kingdom
2285,C15880,客户_15880,零售型,低价值,United Kingdom
2286,C15881,客户_15881,零售型,低价值,United Kingdom
2287,C15882,客户_15882,批发型,高价值,United Kingdom
2288,C15883,客户_15883,零售型,中价值,United Kingdom
2289,C15885,客户_15885,批发型,中价值,United Kingdom
2290,C15888,客户_15888,零售型,中价值,United Kingdom
2291,C15889,客户_15889,零售型,低价值,United Kingdom
2292,C15891,客户_15891,零售型,中价值,United Kingdom
2293,C15894,客户_15894,零售型,低价值,United Kingdom
2294,C15895,客户_15895,批发型,高价值,United Kingdom
2295,C15897,客户_15897,零售型,低价值,United Kingdom
2296,C15898,客户_15898,零售型,中价值,United Kingdom
2297,C15900,客户_15900,批发型,低价值,United Kingdom
2298,C15901,客户_15901,零售型,低价值,United Kingdom
2299,C15903,客户_15903,批发型,高价值,United Kingdom
2300,C15904,客户_15904,批发型,低价值,United Kingdom
2301,C15906,客户_15906,零售型,中价值,United Kingdom
2302,C15907,客户_15907,零售型,中价值,United Kingdom
2303,C15909,客户_15909,批发型,低价值,United Kingdom
2304,C15910,客户_15910,零售型,中价值,United Kingdom
2305,C15912,客户_15912,批发型,低价值,United Kingdom
2306,C15916,客户_15916,零售型,高价值,United Kingdom
2307,C15917,客户_15917,零售型,低价值,United Kingdom
2308,C15918,客户_15918,零售型,低价值,United Kingdom
2309,C15919,客户_15919,零售型,中价值,United Kingdom
2310,C15920,客户_15920,零售型,低价值,United Kingdom
2311,C15921,客户_15921,零售型,低价值,United Kingdom
2312,C15922,客户_15922,批发型,低价值,United Kingdom
2313,C15923,客户_15923,批发型,低价值,United Kingdom
2314,C15925,客户_15925,批发型,低价值,United Kingdom
2315,C15930,客户_15930,零售型,低价值,United Kingdom
2316,C15932,客户_15932,批发型,高价值,United Kingdom
2317,C15933,客户_15933,批发型,高价值,United Kingdom
2318,C15935,客户_15935,批发型,低价值,United Kingdom
2319,C15938,客户_15938,批发型,中价值,United Kingdom
2320,C15939,客户_15939,批发型,高价值,United Kingdom
2321,C15942,客户_15942,批发型,低价值,United Kingdom
2322,C15947,客户_15947,批发型,高价值,United Kingdom
2323,C15948,客户_15948,批发型,中价值,United Kingdom
2324,C15949,客户_15949,批发型,中价值,United Kingdom
2325,C15950,客户_15950,零售型,高价值,United Kingdom
2326,C15951,客户_15951,批发型,低价值,United Kingdom
2327,C15952,客户_15952,零售型,中价值,United Kingdom
2328,C15953,客户_15953,零售型,高价值,United Kingdom
2329,C15955,客户_15955,批发型,高价值,United Kingdom
2330,C15957,客户_15957,零售型,低价值,United Kingdom
2331,C15958,客户_15958,批发型,中价值,United Kingdom
2332,C15963,客户_15963,批发型,低价值,United Kingdom
2333,C15965,客户_15965,零售型,高价值,United Kingdom
2334,C15967,客户_15967,零售型,低价值,United Kingdom
2335,C15969,客户_15969,零售型,中价值,United Kingdom
2336,C15970,客户_15970,批发型,中价值,United Kingdom
2337,C15971,客户_15971,批发型,高价值,United Kingdom
2338,C15974,客户_15974,批发型,高价值,United Kingdom
2339,C15975,客户_15975,批发型,低价值,United Kingdom
2340,C15976,客户_15976,零售型,低价值,United Kingdom
2341,C15977,客户_15977,批发型,中价值,United Kingdom
2342,C15978,客户_15978,批发型,中价值,United Kingdom
2343,C15980,客户_15980,批发型,高价值,United Kingdom
2344,C15981,客户_15981,批发型,高价值,United Kingdom
2345,C15983,客户_15983,零售型,高价值,United Kingdom
2346,C15984,客户_15984,零售型,高价值,United Kingdom
2347,C15985,客户_15985,批发型,低价值,United Kingdom
2348,C15987,客户_15987,零售型,高价值,United Kingdom
2349,C15988,客户_15988,批发型,低价值,United Kingdom
2350,C15990,客户_15990,零售型,低价值,United Kingdom
2351,C15992,客户_15992,零售型,低价值,United Kingdom
2352,C15993,客户_15993,零售型,高价值,United Kingdom
2353,C15994,客户_15994,零售型,低价值,United Kingdom
2354,C15996,客户_15996,零售型,中价值,United Kingdom
2355,C15998,客户_15998,零售型,高价值,United Kingdom
2356,C16003,客户_16003,批发型,高价值,United Kingdom
2357,C16005,客户_16005,零售型,中价值,United Kingdom
2358,C16007,客户_16007,零售型,高价值,United Kingdom
2359,C16008,客户_16008,批发型,低价值,United Kingdom
2360,C16009,客户_16009,零售型,高价值,United Kingdom
2361,C16010,客户_16010,零售型,低价值,United Kingdom
2362,C16011,客户_16011,批发型,高价值,United Kingdom
2363,C16012,客户_16012,批发型,高价值,United Kingdom
2364,C16013,客户_16013,批发型,高价值,United Kingdom
2365,C16014,客户_16014,零售型,中价值,United Kingdom
2366,C16015,客户_16015,零售型,中价值,United Kingdom
2367,C16016,客户_16016,零售型,高价值,United Kingdom
2368,C16017,客户_16017,零售型,低价值,United Kingdom
2369,C16018,客户_16018,批发型,中价值,United Kingdom
2370,C16019,客户_16019,批发型,高价值,United Kingdom
2371,C16020,客户_16020,批发型,中价值,United Kingdom
2372,C16022,客户_16022,零售型,中价值,United Kingdom
2373,C16023,客户_16023,零售型,低价值,United Kingdom
2374,C16024,客户_16024,零售型,低价值,United Kingdom
2375,C16025,客户_16025,批发型,低价值,United Kingdom
2376,C16026,客户_16026,零售型,低价值,United Kingdom
2377,C16029,客户_16029,批发型,高价值,United Kingdom
2378,C16030,客户_16030,批发型,低价值,United Kingdom
2379,C16031,客户_16031,零售型,中价值,United Kingdom
2380,C16033,客户_16033,零售型,高价值,United Kingdom
2381,C16034,客户_16034,批发型,中价值,United Kingdom
2382,C16036,客户_16036,批发型,中价值,United Kingdom
2383,C16037,客户_16037,批发型,中价值,United Kingdom
2384,C16038,客户_16038,批发型,低价值,United Kingdom
2385,C16040,客户_16040,批发型,中价值,United Kingdom
2386,C16042,客户_16042,批发型,中价值,United Kingdom
2387,C16043,客户_16043,批发型,中价值,United Kingdom
2388,C16045,客户_16045,批发型,中价值,United Kingdom
2389,C16049,客户_16049,零售型,中价值,United Kingdom
2390,C16052,客户_16052,零售型,低价值,United Kingdom
2391,C16053,客户_16053,批发型,中价值,United Kingdom
2392,C16054,客户_16054,批发型,低价值,United Kingdom
2393,C16055,客户_16055,零售型,低价值,United Kingdom
2394,C16056,客户_16056,零售型,低价值,United Kingdom
2395,C16057,客户_16057,零售型,高价值,United Kingdom
2396,C16059,客户_16059,零售型,高价值,United Kingdom
2397,C16062,客户_16062,批发型,低价值,United Kingdom
2398,C16063,客户_16063,批发型,低价值,United Kingdom
2399,C16065,客户_16065,零售型,中价值,United Kingdom
2400,C16066,客户_16066,零售型,中价值,United Kingdom
2401,C16070,客户_16070,批发型,中价值,United Kingdom
2402,C16071,客户_16071,批发型,低价值,United Kingdom
2403,C16072,客户_16072,批发型,中价值,United Kingdom
2404,C16076,客户_16076,批发型,高价值,United Kingdom
2405,C16079,客户_16079,批发型,中价值,United Kingdom
2406,C16080,客户_16080,批发型,低价值,United Kingdom
2407,C16081,客户_16081,零售型,高价值,United Kingdom
2408,C16083,客户_16083,批发型,低价值,United Kingdom
2409,C16084,客户_16084,零售型,低价值,United Kingdom
2410,C16085,客户_16085,零售型,中价值,United Kingdom
2411,C16086,客户_16086,批发型,中价值,United Kingdom
2412,C16091,客户_16091,零售型,低价值,United Kingdom
2413,C16092,客户_16092,零售型,中价值,United Kingdom
2414,C16094,客户_16094,零售型,中价值,United Kingdom
2415,C16096,客户_16096,批发型,中价值,United Kingdom
2416,C16097,客户_16097,批发型,中价值,United Kingdom
2417,C16098,客户_16098,零售型,中价值,United Kingdom
2418,C16099,客户_16099,批发型,中价值,United Kingdom
2419,C16101,客户_16101,批发型,中价值,United Kingdom
2420,C16102,客户_16102,批发型,低价值,United Kingdom
2421,C16103,客户_16103,批发型,高价值,United Kingdom
2422,C16104,客户_16104,零售型,低价值,United Kingdom
2423,C16105,客户_16105,批发型,低价值,United Kingdom
2424,C16106,客户_16106,批发型,低价值,United Kingdom
2425,C16107,客户_16107,批发型,高价值,United Kingdom
2426,C16108,客户_16108,批发型,中价值,United Kingdom
2427,C16109,客户_16109,批发型,高价值,United Kingdom
2428,C16110,客户_16110,零售型,高价值,United Kingdom
2429,C16113,客户_16113,零售型,低价值,United Kingdom
2430,C16114,客户_16114,零售型,低价值,United Kingdom
2431,C16115,客户_16115,零售型,高价值,United Kingdom
2432,C16116,客户_16116,批发型,中价值,United Kingdom
2433,C16117,客户_16117,零售型,低价值,United Kingdom
2434,C16120,客户_16120,批发型,低价值,United Kingdom
2435,C16121,客户_16121,零售型,中价值,United Kingdom
2436,C16122,客户_16122,零售型,低价值,United Kingdom
2437,C16125,客户_16125,批发型,低价值,United Kingdom
2438,C16126,客户_16126,批发型,高价值,United Kingdom
2439,C16127,客户_16127,批发型,低价值,United Kingdom
2440,C16128,客户_16128,批发型,高价值,United Kingdom
2441,C16131,客户_16131,批发型,高价值,United Kingdom
2442,C16133,客户_16133,批发型,高价值,United Kingdom
2443,C16134,客户_16134,批发型,中价值,United Kingdom
2444,C16135,客户_16135,批发型,中价值,United Kingdom
2445,C16136,客户_16136,批发型,中价值,United Kingdom
2446,C16139,客户_16139,批发型,低价值,United Kingdom
2447,C16140,客户_16140,批发型,低价值,United Kingdom
2448,C16141,客户_16141,零售型,中价值,United Kingdom
2449,C16142,客户_16142,零售型,中价值,United Kingdom
2450,C16143,客户_16143,批发型,高价值,United Kingdom
2451,C16144,客户_16144,批发型,高价值,United Kingdom
2452,C16145,客户_16145,批发型,高价值,United Kingdom
2453,C16146,客户_16146,批发型,中价值,United Kingdom
2454,C16147,客户_16147,零售型,低价值,United Kingdom
2455,C16149,客户_16149,批发型,低价值,United Kingdom
2456,C16150,客户_16150,批发型,高价值,United Kingdom
2457,C16152,客户_16152,零售型,高价值,United Kingdom
2458,C16153,客户_16153,批发型,高价值,United Kingdom
2459,C16156,客户_16156,批发型,高价值,United Kingdom
2460,C16157,客户_16157,批发型,高价值,United Kingdom
2461,C16160,客户_16160,批发型,中价值,United Kingdom
2462,C16161,客户_16161,零售型,高价值,United Kingdom
2463,C16163,客户_16163,零售型,低价值,United Kingdom
2464,C16164,客户_16164,批发型,中价值,United Kingdom
2465,C16168,客户_16168,批发型,高价值,United Kingdom
2466,C16169,客户_16169,批发型,高价值,United Kingdom
2467,C16170,客户_16170,批发型,中价值,United Kingdom
2468,C16172,客户_16172,批发型,高价值,United Kingdom
2469,C16173,客户_16173,批发型,高价值,United Kingdom
2470,C16174,客户_16174,批发型,低价值,United Kingdom
2471,C16175,客户_16175,零售型,中价值,United Kingdom
2472,C16177,客户_16177,批发型,低价值,United Kingdom
2473,C16178,客户_16178,批发型,低价值,United Kingdom
2474,C16180,客户_16180,批发型,高价值,United Kingdom
2475,C16181,客户_16181,批发型,低价值,United Kingdom
2476,C16182,客户_16182,批发型,高价值,United Kingdom
2477,C16183,客户_16183,批发型,低价值,United Kingdom
2478,C16184,客户_16184,批发型,中价值,United Kingdom
2479,C16185,客户_16185,批发型,中价值,United Kingdom
2480,C16186,客户_16186,批发型,高价值,United Kingdom
2481,C16187,客户_16187,批发型,高价值,United Kingdom
2482,C16188,客户_16188,批发型,高价值,United Kingdom
2483,C16191,客户_16191,批发型,高价值,United Kingdom
2484,C16193,客户_16193,批发型,低价值,United Kingdom
2485,C16198,客户_16198,批发型,低价值,United Kingdom
2486,C16200,客户_16200,零售型,中价值,United Kingdom
2487,C16201,客户_16201,批发型,高价值,United Kingdom
2488,C16202,客户_16202,批发型,低价值,United Kingdom
2489,C16203,客户_16203,批发型,中价值,United Kingdom
2490,C16204,客户_16204,零售型,低价值,United Kingdom
2491,C16205,客户_16205,零售型,低价值,United Kingdom
2492,C16206,客户_16206,零售型,低价值,United Kingdom
2493,C16207,客户_16207,零售型,中价值,United Kingdom
2494,C16208,客户_16208,零售型,低价值,United Kingdom
2495,C16209,客户_16209,批发型,中价值,United Kingdom
2496,C16210,客户_16210,批发型,高价值,United Kingdom
2497,C16211,客户_16211,批发型,低价值,United Kingdom
2498,C16212,客户_16212,零售型,中价值,United Kingdom
2499,C16214,客户_16214,批发型,低价值,United Kingdom
2500,C16215,客户_16215,批发型,中价值,United Kingdom
2501,C16216,客户_16216,批发型,低价值,United Kingdom
2502,C16217,客户_16217,批发型,中价值,United Kingdom
2503,C16218,客户_16218,批发型,高价值,United Kingdom
2504,C16221,客户_16221,零售型,中价值,United Kingdom
2505,C16222,客户_16222,零售型,中价值,United Kingdom
2506,C16224,客户_16224,批发型,中价值,United Kingdom
2507,C16225,客户_16225,零售型,中价值,United Kingdom
2508,C16226,客户_16226,批发型,低价值,United Kingdom
2509,C16227,客户_16227,批发型,高价值,United Kingdom
2510,C16229,客户_16229,批发型,低价值,United Kingdom
2511,C16230,客户_16230,批发型,中价值,United Kingdom
2512,C16232,客户_16232,批发型,高价值,United Kingdom
2513,C16235,客户_16235,零售型,中价值,United Kingdom
2514,C16236,客户_16236,批发型,中价值,United Kingdom
2515,C16239,客户_16239,批发型,低价值,United Kingdom
2516,C16240,客户_16240,批发型,高价值,United Kingdom
2517,C16241,客户_16241,零售型,高价值,United Kingdom
2518,C16242,客户_16242,零售型,高价值,United Kingdom
2519,C16243,客户_16243,零售型,中价值,United Kingdom
2520,C16244,客户_16244,批发型,高价值,United Kingdom
2521,C16245,客户_16245,批发型,中价值,United Kingdom
2522,C16247,客户_16247,批发型,低价值,United Kingdom
2523,C16248,客户_16248,批发型,中价值,United Kingdom
2524,C16249,客户_16249,批发型,高价值,United Kingdom
2525,C16250,客户_16250,批发型,低价值,United Kingdom
2526,C16253,客户_16253,批发型,高价值,United Kingdom
2527,C16255,客户_16255,零售型,高价值,United Kingdom
2528,C16256,客户_16256,批发型,中价值,United Kingdom
2529,C16258,客户_16258,批发型,高价值,United Kingdom
2530,C16260,客户_16260,批发型,中价值,United Kingdom
2531,C16261,客户_16261,零售型,中价值,United Kingdom
2532,C16265,客户_16265,批发型,高价值,United Kingdom
2533,C16266,客户_16266,批发型,低价值,United Kingdom
2534,C16268,客户_16268,批发型,中价值,United Kingdom
2535,C16270,客户_16270,批发型,中价值,United Kingdom
2536,C16271,客户_16271,批发型,高价值,United Kingdom
2537,C16272,客户_16272,批发型,中价值,United Kingdom
2538,C16274,客户_16274,零售型,低价值,United Kingdom
2539,C16275,客户_16275,零售型,低价值,United Kingdom
2540,C16276,客户_16276,批发型,中价值,United Kingdom
2541,C16278,客户_16278,批发型,低价值,United Kingdom
2542,C16279,客户_16279,批发型,中价值,United Kingdom
2543,C16281,客户_16281,批发型,高价值,United Kingdom
2544,C16282,客户_16282,零售型,低价值,United Kingdom
2545,C16283,客户_16283,零售型,中价值,United Kingdom
2546,C16284,客户_16284,批发型,中价值,United Kingdom
2547,C16292,客户_16292,批发型,低价值,United Kingdom
2548,C16293,客户_16293,零售型,高价值,United Kingdom
2549,C16295,客户_16295,零售型,中价值,United Kingdom
2550,C16298,客户_16298,零售型,低价值,United Kingdom
2551,C16302,客户_16302,批发型,中价值,United Kingdom
2552,C16303,客户_16303,批发型,高价值,United Kingdom
2553,C16305,客户_16305,批发型,低价值,United Kingdom
2554,C16306,客户_16306,批发型,低价值,United Kingdom
2555,C16309,客户_16309,批发型,低价值,United Kingdom
2556,C16311,客户_16311,批发型,中价值,United Kingdom
2557,C16313,客户_16313,批发型,中价值,United Kingdom
2558,C16315,客户_16315,批发型,低价值,United Kingdom
2559,C16316,客户_16316,批发型,高价值,United Kingdom
2560,C16317,客户_16317,批发型,低价值,United Kingdom
2561,C16318,客户_16318,批发型,中价值,United Kingdom
2562,C16319,客户_16319,批发型,高价值,United Kingdom
2563,C16320,客户_16320,批发型,中价值,United Kingdom
2564,C16321,客户_16321,批发型,低价值,United Kingdom
2565,C16322,客户_16322,零售型,低价值,United Kingdom
2566,C16324,客户_16324,零售型,低价值,United Kingdom
2567,C16325,客户_16325,批发型,中价值,United Kingdom
2568,C16326,客户_16326,零售型,高价值,United Kingdom
2569,C16327,客户_16327,零售型,高价值,United Kingdom
2570,C16330,客户_16330,零售型,低价值,United Kingdom
2571,C16332,客户_16332,零售型,高价值,United Kingdom
2572,C16333,客户_16333,批发型,高价值,United Kingdom
2573,C16337,客户_16337,零售型,中价值,United Kingdom
2574,C16338,客户_16338,批发型,中价值,United Kingdom
2575,C16339,客户_16339,零售型,低价值,United Kingdom
2576,C16340,客户_16340,零售型,中价值,United Kingdom
2577,C16341,客户_16341,批发型,中价值,United Kingdom
2578,C16343,客户_16343,批发型,低价值,United Kingdom
2579,C16345,客户_16345,批发型,高价值,United Kingdom
2580,C16347,客户_16347,零售型,中价值,United Kingdom
2581,C16348,客户_16348,零售型,中价值,United Kingdom
2582,C16349,客户_16349,零售型,低价值,United Kingdom
2583,C16350,客户_16350,批发型,中价值,United Kingdom
2584,C16351,客户_16351,批发型,中价值,United Kingdom
2585,C16352,客户_16352,批发型,中价值,United Kingdom
2586,C16353,客户_16353,批发型,高价值,United Kingdom
2587,C16354,客户_16354,零售型,低价值,United Kingdom
2588,C16356,客户_16356,零售型,低价值,United Kingdom
2589,C16357,客户_16357,批发型,低价值,United Kingdom
2590,C16358,客户_16358,批发型,高价值,United Kingdom
2591,C16359,客户_16359,批发型,中价值,United Kingdom
2592,C16360,客户_16360,零售型,高价值,United Kingdom
2593,C16361,客户_16361,零售型,中价值,United Kingdom
2594,C16362,客户_16362,零售型,中价值,United Kingdom
2595,C16363,客户_16363,批发型,低价值,United Kingdom
2596,C16364,客户_16364,批发型,中价值,United Kingdom
2597,C16365,客户_16365,批发型,高价值,United Kingdom
2598,C16367,客户_16367,零售型,中价值,United Kingdom
2599,C16368,客户_16368,零售型,低价值,United Kingdom
2600,C16369,客户_16369,批发型,中价值,United Kingdom
2601,C16370,客户_16370,零售型,中价值,United Kingdom
2602,C16372,客户_16372,零售型,低价值,United Kingdom
2603,C16374,客户_16374,零售型,中价值,United Kingdom
2604,C16376,客户_16376,零售型,中价值,United Kingdom
2605,C16378,客户_16378,批发型,中价值,United Kingdom
2606,C16379,客户_16379,批发型,高价值,United Kingdom
2607,C16380,客户_16380,批发型,中价值,United Kingdom
2608,C16383,客户_16383,零售型,中价值,United Kingdom
2609,C16384,客户_16384,批发型,低价值,United Kingdom
2610,C16385,客户_16385,零售型,中价值,United Kingdom
2611,C16386,客户_16386,零售型,中价值,United Kingdom
2612,C16387,客户_16387,批发型,低价值,United Kingdom
2613,C16389,客户_16389,批发型,高价值,United Kingdom
2614,C16392,客户_16392,批发型,低价值,United Kingdom
2615,C16393,客户_16393,零售型,高价值,United Kingdom
2616,C16394,客户_16394,批发型,中价值,United Kingdom
2617,C16395,客户_16395,零售型,中价值,United Kingdom
2618,C16398,客户_16398,零售型,高价值,United Kingdom
2619,C16399,客户_16399,零售型,低价值,United Kingdom
2620,C16400,客户_16400,批发型,低价值,United Kingdom
2621,C16401,客户_16401,批发型,高价值,United Kingdom
2622,C16402,客户_16402,零售型,中价值,United Kingdom
2623,C16404,客户_16404,零售型,低价值,United Kingdom
2624,C16406,客户_16406,零售型,低价值,United Kingdom
2625,C16407,客户_16407,零售型,高价值,United Kingdom
2626,C16409,客户_16409,零售型,高价值,United Kingdom
2627,C16411,客户_16411,零售型,低价值,United Kingdom
2628,C16412,客户_16412,零售型,低价值,United Kingdom
2629,C16415,客户_16415,零售型,低价值,United Kingdom
2630,C16416,客户_16416,零售型,高价值,United Kingdom
2631,C16418,客户_16418,零售型,中价值,United Kingdom
2632,C16419,客户_16419,零售型,中价值,United Kingdom
2633,C16422,客户_16422,批发型,高价值,United Kingdom
2634,C16423,客户_16423,批发型,低价值,United Kingdom
2635,C16424,客户_16424,批发型,中价值,United Kingdom
2636,C16426,客户_16426,零售型,高价值,United Kingdom
2637,C16427,客户_16427,批发型,低价值,United Kingdom
2638,C16431,客户_16431,零售型,中价值,United Kingdom
2639,C16432,客户_16432,批发型,低价值,United Kingdom
2640,C16433,客户_16433,零售型,低价值,United Kingdom
2641,C16434,客户_16434,批发型,高价值,United Kingdom
2642,C16438,客户_16438,零售型,中价值,United Kingdom
2643,C16440,客户_16440,批发型,高价值,United Kingdom
2644,C16441,客户_16441,批发型,中价值,United Kingdom
2645,C16442,客户_16442,零售型,中价值,United Kingdom
2646,C16444,客户_16444,零售型,低价值,United Kingdom
2647,C16445,客户_16445,零售型,低价值,United Kingdom
2648,C16447,客户_16447,批发型,中价值,United Kingdom
2649,C16448,客户_16448,零售型,低价值,United Kingdom
2650,C16449,客户_16449,零售型,中价值,United Kingdom
2651,C16455,客户_16455,批发型,高价值,United Kingdom
2652,C16456,客户_16456,批发型,中价值,United Kingdom
2653,C16457,客户_16457,批发型,低价值,United Kingdom
2654,C16458,客户_16458,批发型,高价值,United Kingdom
2655,C16460,客户_16460,零售型,中价值,United Kingdom
2656,C16461,客户_16461,零售型,低价值,United Kingdom
2657,C16463,客户_16463,批发型,中价值,United Kingdom
2658,C16464,客户_16464,零售型,中价值,United Kingdom
2659,C16466,客户_16466,零售型,高价值,United Kingdom
2660,C16469,客户_16469,零售型,中价值,United Kingdom
2661,C16470,客户_16470,零售型,中价值,United Kingdom
2662,C16471,客户_16471,批发型,中价值,United Kingdom
2663,C16474,客户_16474,零售型,高价值,United Kingdom
2664,C16475,客户_16475,批发型,中价值,United Kingdom
2665,C16477,客户_16477,批发型,高价值,United Kingdom
2666,C16478,客户_16478,批发型,低价值,United Kingdom
2667,C16479,客户_16479,零售型,低价值,United Kingdom
2668,C16480,客户_16480,零售型,低价值,United Kingdom
2669,C16483,客户_16483,零售型,低价值,United Kingdom
2670,C16484,客户_16484,批发型,低价值,United Kingdom
2671,C16485,客户_16485,零售型,低价值,United Kingdom
2672,C16488,客户_16488,批发型,低价值,United Kingdom
2673,C16491,客户_16491,批发型,中价值,United Kingdom
2674,C16493,客户_16493,批发型,中价值,United Kingdom
2675,C16494,客户_16494,批发型,高价值,United Kingdom
2676,C16495,客户_16495,批发型,中价值,United Kingdom
2677,C16496,客户_16496,批发型,中价值,United Kingdom
2678,C16497,客户_16497,批发型,高价值,United Kingdom
2679,C16498,客户_16498,零售型,低价值,United Kingdom
2680,C16499,客户_16499,批发型,低价值,United Kingdom
2681,C16500,客户_16500,批发型,高价值,United Kingdom
2682,C16503,客户_16503,批发型,中价值,United Kingdom
2683,C16504,客户_16504,零售型,低价值,United Kingdom
2684,C16505,客户_16505,批发型,中价值,United Kingdom
2685,C16509,客户_16509,零售型,中价值,United Kingdom
2686,C16510,客户_16510,零售型,低价值,United Kingdom
2687,C16511,客户_16511,零售型,中价值,United Kingdom
2688,C16513,客户_16513,批发型,中价值,United Kingdom
2689,C16515,客户_16515,零售型,中价值,United Kingdom
2690,C16517,客户_16517,零售型,低价值,United Kingdom
2691,C16518,客户_16518,批发型,中价值,United Kingdom
2692,C16519,客户_16519,零售型,低价值,United Kingdom
2693,C16520,客户_16520,零售型,中价值,United Kingdom
2694,C16523,客户_16523,批发型,高价值,United Kingdom
2695,C16525,客户_16525,批发型,高价值,United Kingdom
2696,C16526,客户_16526,零售型,低价值,United Kingdom
2697,C16527,客户_16527,零售型,低价值,United Kingdom
2698,C16529,客户_16529,批发型,中价值,United Kingdom
2699,C16531,客户_16531,批发型,高价值,United Kingdom
2700,C16532,客户_16532,批发型,高价值,United Kingdom
2701,C16533,客户_16533,零售型,中价值,United Kingdom
2702,C16535,客户_16535,批发型,中价值,United Kingdom
2703,C16536,客户_16536,零售型,中价值,United Kingdom
2704,C16539,客户_16539,批发型,中价值,United Kingdom
2705,C16542,客户_16542,批发型,低价值,United Kingdom
2706,C16546,客户_16546,批发型,低价值,United Kingdom
2707,C16549,客户_16549,零售型,高价值,United Kingdom
2708,C16550,客户_16550,零售型,高价值,United Kingdom
2709,C16551,客户_16551,批发型,中价值,United Kingdom
2710,C16552,客户_16552,批发型,低价值,United Kingdom
2711,C16553,客户_16553,批发型,高价值,United Kingdom
2712,C16554,客户_16554,批发型,中价值,United Kingdom
2713,C16555,客户_16555,批发型,低价值,United Kingdom
2714,C16556,客户_16556,批发型,高价值,United Kingdom
2715,C16557,客户_16557,零售型,低价值,United Kingdom
2716,C16558,客户_16558,批发型,高价值,United Kingdom
2717,C16560,客户_16560,批发型,中价值,United Kingdom
2718,C16561,客户_16561,批发型,中价值,United Kingdom
2719,C16563,客户_16563,批发型,高价值,United Kingdom
2720,C16566,客户_16566,批发型,中价值,United Kingdom
2721,C16567,客户_16567,批发型,低价值,United Kingdom
2722,C16570,客户_16570,批发型,高价值,United Kingdom
2723,C16571,客户_16571,批发型,高价值,United Kingdom
2724,C16572,客户_16572,批发型,中价值,United Kingdom
2725,C16573,客户_16573,批发型,中价值,United Kingdom
2726,C16574,客户_16574,批发型,低价值,United Kingdom
2727,C16583,客户_16583,批发型,低价值,United Kingdom
2728,C16584,客户_16584,批发型,中价值,United Kingdom
2729,C16586,客户_16586,批发型,中价值,United Kingdom
2730,C16589,客户_16589,批发型,中价值,United Kingdom
2731,C16592,客户_16592,批发型,高价值,United Kingdom
2732,C16593,客户_16593,零售型,低价值,United Kingdom
2733,C16594,客户_16594,零售型,低价值,United Kingdom
2734,C16595,客户_16595,零售型,低价值,United Kingdom
2735,C16598,客户_16598,批发型,低价值,United Kingdom
2736,C16600,客户_16600,批发型,中价值,United Kingdom
2737,C16601,客户_16601,零售型,低价值,United Kingdom
2738,C16602,客户_16602,批发型,中价值,United Kingdom
2739,C16603,客户_16603,批发型,低价值,United Kingdom
2740,C16607,客户_16607,批发型,高价值,United Kingdom
2741,C16609,客户_16609,批发型,高价值,United Kingdom
2742,C16610,客户_16610,批发型,低价值,United Kingdom
2743,C16611,客户_16611,零售型,低价值,United Kingdom
2744,C16612,客户_16612,批发型,中价值,United Kingdom
2745,C16613,客户_16613,批发型,低价值,United Kingdom
2746,C16614,客户_16614,批发型,低价值,United Kingdom
2747,C16616,客户_16616,批发型,低价值,United Kingdom
2748,C16618,客户_16618,批发型,高价值,United Kingdom
2749,C16620,客户_16620,批发型,低价值,United Kingdom
2750,C16621,客户_16621,批发型,中价值,United Kingdom
2751,C16624,客户_16624,批发型,中价值,United Kingdom
2752,C16625,客户_16625,批发型,低价值,United Kingdom
2753,C16626,客户_16626,零售型,高价值,United Kingdom
2754,C16627,客户_16627,批发型,中价值,United Kingdom
2755,C16628,客户_16628,批发型,高价值,United Kingdom
2756,C16629,客户_16629,零售型,低价值,United Kingdom
2757,C16633,客户_16633,批发型,高价值,United Kingdom
2758,C16634,客户_16634,零售型,低价值,United Kingdom
2759,C16637,客户_16637,批发型,中价值,United Kingdom
2760,C16638,客户_16638,批发型,中价值,United Kingdom
2761,C16639,客户_16639,批发型,中价值,United Kingdom
2762,C16641,客户_16641,批发型,低价值,United Kingdom
2763,C16642,客户_16642,批发型,低价值,United Kingdom
2764,C16643,客户_16643,批发型,低价值,United Kingdom
2765,C16644,客户_16644,批发型,低价值,United Kingdom
2766,C16647,客户_16647,零售型,低价值,United Kingdom
2767,C16648,客户_16648,批发型,低价值,United Kingdom
2768,C16650,客户_16650,批发型,中价值,United Kingdom
2769,C16652,客户_16652,批发型,高价值,United Kingdom
2770,C16653,客户_16653,批发型,高价值,United Kingdom
2771,C16654,客户_16654,批发型,中价值,United Kingdom
2772,C16655,客户_16655,批发型,高价值,United Kingdom
2773,C16656,客户_16656,批发型,高价值,United Kingdom
2774,C16657,客户_16657,零售型,中价值,United Kingdom
2775,C16658,客户_16658,零售型,低价值,United Kingdom
2776,C16665,客户_16665,零售型,低价值,United Kingdom
2777,C16666,客户_16666,批发型,低价值,United Kingdom
2778,C16667,客户_16667,零售型,低价值,United Kingdom
2779,C16668,客户_16668,批发型,低价值,United Kingdom
2780,C16669,客户_16669,零售型,高价值,United Kingdom
2781,C16670,客户_16670,批发型,高价值,United Kingdom
2782,C16671,客户_16671,批发型,高价值,United Kingdom
2783,C16672,客户_16672,批发型,高价值,United Kingdom
2784,C16674,客户_16674,零售型,中价值,United Kingdom
2785,C16676,客户_16676,批发型,中价值,United Kingdom
2786,C16678,客户_16678,批发型,高价值,United Kingdom
2787,C16679,客户_16679,零售型,低价值,United Kingdom
2788,C16680,客户_16680,批发型,低价值,United Kingdom
2789,C16681,客户_16681,批发型,高价值,United Kingdom
2790,C16682,客户_16682,批发型,中价值,United Kingdom
2791,C16684,客户_16684,批发型,高价值,United Kingdom
2792,C16685,客户_16685,零售型,低价值,United Kingdom
2793,C16686,客户_16686,零售型,高价值,United Kingdom
2794,C16688,客户_16688,批发型,高价值,United Kingdom
2795,C16689,客户_16689,批发型,低价值,United Kingdom
2796,C16693,客户_16693,零售型,低价值,United Kingdom
2797,C16696,客户_16696,批发型,中价值,United Kingdom
2798,C16697,客户_16697,零售型,低价值,United Kingdom
2799,C16700,客户_16700,批发型,高价值,United Kingdom
2800,C16701,客户_16701,批发型,高价值,United Kingdom
2801,C16705,客户_16705,批发型,高价值,United Kingdom
2802,C16706,客户_16706,零售型,低价值,United Kingdom
2803,C16708,客户_16708,批发型,低价值,United Kingdom
2804,C16709,客户_16709,批发型,高价值,United Kingdom
2805,C16710,客户_16710,零售型,高价值,United Kingdom
2806,C16711,客户_16711,批发型,高价值,United Kingdom
2807,C16712,客户_16712,零售型,高价值,United Kingdom
2808,C16713,客户_16713,零售型,高价值,United Kingdom
2809,C16714,客户_16714,批发型,高价值,United Kingdom
2810,C16715,客户_16715,批发型,低价值,United Kingdom
2811,C16717,客户_16717,零售型,高价值,United Kingdom
2812,C16718,客户_16718,批发型,中价值,United Kingdom
2813,C16719,客户_16719,零售型,中价值,United Kingdom
2814,C16721,客户_16721,零售型,中价值,United Kingdom
2815,C16722,客户_16722,批发型,高价值,United Kingdom
2816,C16723,客户_16723,零售型,中价值,United Kingdom
2817,C16725,客户_16725,零售型,中价值,United Kingdom
2818,C16726,客户_16726,零售型,高价值,United Kingdom
2819,C16727,客户_16727,零售型,低价值,United Kingdom
2820,C16728,客户_16728,零售型,高价值,United Kingdom
2821,C16729,客户_16729,批发型,高价值,United Kingdom
2822,C16730,客户_16730,零售型,中价值,United Kingdom
2823,C16732,客户_16732,批发型,低价值,United Kingdom
2824,C16734,客户_16734,零售型,低价值,United Kingdom
2825,C16735,客户_16735,批发型,高价值,United Kingdom
2826,C16738,客户_16738,零售型,低价值,United Kingdom
2827,C16743,客户_16743,批发型,高价值,United Kingdom
2828,C16744,客户_16744,零售型,中价值,United Kingdom
2829,C16745,客户_16745,零售型,高价值,United Kingdom
2830,C16746,客户_16746,批发型,高价值,United Kingdom
2831,C16747,客户_16747,批发型,中价值,United Kingdom
2832,C16748,客户_16748,批发型,中价值,United Kingdom
2833,C16750,客户_16750,零售型,中价值,United Kingdom
2834,C16751,客户_16751,批发型,高价值,United Kingdom
2835,C16753,客户_16753,批发型,中价值,United Kingdom
2836,C16754,客户_16754,批发型,高价值,United Kingdom
2837,C16755,客户_16755,零售型,中价值,United Kingdom
2838,C16756,客户_16756,批发型,低价值,United Kingdom
2839,C16757,客户_16757,批发型,中价值,United Kingdom
2840,C16758,客户_16758,零售型,低价值,United Kingdom
2841,C16759,客户_16759,批发型,中价值,United Kingdom
2842,C16761,客户_16761,批发型,低价值,United Kingdom
2843,C16762,客户_16762,零售型,中价值,United Kingdom
2844,C16763,客户_16763,零售型,低价值,United Kingdom
2845,C16764,客户_16764,零售型,高价值,United Kingdom
2846,C16766,客户_16766,批发型,中价值,United Kingdom
2847,C16767,客户_16767,批发型,高价值,United Kingdom
2848,C16768,客户_16768,零售型,低价值,United Kingdom
2849,C16769,客户_16769,零售型,低价值,United Kingdom
2850,C16770,客户_16770,零售型,中价值,United Kingdom
2851,C16771,客户_16771,零售型,高价值,United Kingdom
2852,C16773,客户_16773,零售型,低价值,United Kingdom
2853,C16774,客户_16774,批发型,中价值,United Kingdom
2854,C16775,客户_16775,零售型,中价值,United Kingdom
2855,C16776,客户_16776,零售型,中价值,United Kingdom
2856,C16777,客户_16777,零售型,低价值,United Kingdom
2857,C16779,客户_16779,批发型,高价值,United Kingdom
2858,C16780,客户_16780,零售型,中价值,United Kingdom
2859,C16782,客户_16782,零售型,高价值,United Kingdom
2860,C16784,客户_16784,批发型,低价值,United Kingdom
2861,C16788,客户_16788,零售型,低价值,United Kingdom
2862,C16789,客户_16789,批发型,低价值,United Kingdom
2863,C16790,客户_16790,批发型,中价值,United Kingdom
2864,C16791,客户_16791,零售型,中价值,United Kingdom
2865,C16792,客户_16792,零售型,低价值,United Kingdom
2866,C16793,客户_16793,批发型,低价值,United Kingdom
2867,C16794,客户_16794,零售型,中价值,United Kingdom
2868,C16795,客户_16795,零售型,中价值,United Kingdom
2869,C16796,客户_16796,批发型,低价值,United Kingdom
2870,C16800,客户_16800,零售型,中价值,United Kingdom
2871,C16801,客户_16801,零售型,高价值,United Kingdom
2872,C16803,客户_16803,批发型,低价值,United Kingdom
2873,C16804,客户_16804,零售型,中价值,United Kingdom
2874,C16805,客户_16805,零售型,低价值,United Kingdom
2875,C16806,客户_16806,零售型,低价值,United Kingdom
2876,C16807,客户_16807,批发型,高价值,United Kingdom
2877,C16809,客户_16809,零售型,中价值,United Kingdom
2878,C16810,客户_16810,批发型,低价值,United Kingdom
2879,C16811,客户_16811,批发型,低价值,United Kingdom
2880,C16812,客户_16812,零售型,低价值,United Kingdom
2881,C16813,客户_16813,零售型,高价值,United Kingdom
2882,C16814,客户_16814,批发型,高价值,United Kingdom
2883,C16816,客户_16816,批发型,中价值,United Kingdom
2884,C16817,客户_16817,批发型,中价值,United Kingdom
2885,C16818,客户_16818,批发型,高价值,United Kingdom
2886,C16820,客户_16820,批发型,中价值,United Kingdom
2887,C16824,客户_16824,零售型,低价值,United Kingdom
2888,C16825,客户_16825,批发型,中价值,United Kingdom
2889,C16826,客户_16826,批发型,低价值,United Kingdom
2890,C16829,客户_16829,批发型,低价值,United Kingdom
2891,C16830,客户_16830,批发型,低价值,United Kingdom
2892,C16832,客户_16832,零售型,低价值,United Kingdom
2893,C16833,客户_16833,零售型,低价值,United Kingdom
2894,C16834,客户_16834,批发型,中价值,United Kingdom
2895,C16835,客户_16835,零售型,低价值,United Kingdom
2896,C16836,客户_16836,批发型,低价值,United Kingdom
2897,C16837,客户_16837,批发型,高价值,United Kingdom
2898,C16838,客户_16838,批发型,低价值,United Kingdom
2899,C16839,客户_16839,批发型,高价值,United Kingdom
2900,C16841,客户_16841,批发型,中价值,United Kingdom
2901,C16842,客户_16842,零售型,中价值,United Kingdom
2902,C16843,客户_16843,批发型,高价值,United Kingdom
2903,C16846,客户_16846,批发型,低价值,United Kingdom
2904,C16847,客户_16847,批发型,低价值,United Kingdom
2905,C16848,客户_16848,批发型,低价值,United Kingdom
2906,C16849,客户_16849,零售型,低价值,United Kingdom
2907,C16850,客户_16850,批发型,中价值,United Kingdom
2908,C16851,客户_16851,批发型,低价值,United Kingdom
2909,C16852,客户_16852,批发型,低价值,United Kingdom
2910,C16858,客户_16858,零售型,中价值,United Kingdom
2911,C16859,客户_16859,批发型,中价值,United Kingdom
2912,C16863,客户_16863,批发型,中价值,United Kingdom
2913,C16869,客户_16869,零售型,中价值,United Kingdom
2914,C16871,客户_16871,批发型,中价值,United Kingdom
2915,C16872,客户_16872,零售型,低价值,United Kingdom
2916,C16873,客户_16873,批发型,高价值,United Kingdom
2917,C16875,客户_16875,批发型,高价值,United Kingdom
2918,C16877,客户_16877,零售型,中价值,United Kingdom
2919,C16880,客户_16880,零售型,中价值,United Kingdom
2920,C16882,客户_16882,批发型,低价值,United Kingdom
2921,C16883,客户_16883,零售型,低价值,United Kingdom
2922,C16884,客户_16884,批发型,中价值,United Kingdom
2923,C16885,客户_16885,零售型,中价值,United Kingdom
2924,C16887,客户_16887,零售型,低价值,United Kingdom
2925,C16889,客户_16889,零售型,高价值,United Kingdom
2926,C16891,客户_16891,零售型,中价值,United Kingdom
2927,C16892,客户_16892,零售型,中价值,United Kingdom
2928,C16893,客户_16893,零售型,低价值,United Kingdom
2929,C16895,客户_16895,零售型,低价值,United Kingdom
2930,C16897,客户_16897,零售型,低价值,United Kingdom
2931,C16898,客户_16898,零售型,低价值,United Kingdom
2932,C16899,客户_16899,零售型,高价值,United Kingdom
2933,C16900,客户_16900,零售型,中价值,United Kingdom
2934,C16902,客户_16902,批发型,高价值,United Kingdom
2935,C16903,客户_16903,零售型,低价值,United Kingdom
2936,C16904,客户_16904,零售型,高价值,United Kingdom
2937,C16905,客户_16905,零售型,高价值,United Kingdom
2938,C16906,客户_16906,零售型,低价值,United Kingdom
2939,C16907,客户_16907,零售型,高价值,United Kingdom
2940,C16909,客户_16909,批发型,中价值,United Kingdom
2941,C16910,客户_16910,零售型,高价值,United Kingdom
2942,C16912,客户_16912,批发型,高价值,United Kingdom
2943,C16913,客户_16913,零售型,低价值,United Kingdom
2944,C16914,客户_16914,零售型,低价值,United Kingdom
2945,C16915,客户_16915,零售型,低价值,United Kingdom
2946,C16916,客户_16916,零售型,中价值,United Kingdom
2947,C16918,客户_16918,零售型,中价值,United Kingdom
2948,C16919,客户_16919,零售型,高价值,United Kingdom
2949,C16921,客户_16921,零售型,低价值,United Kingdom
2950,C16923,客户_16923,零售型,高价值,United Kingdom
2951,C16924,客户_16924,零售型,中价值,United Kingdom
2952,C16926,客户_16926,零售型,低价值,United Kingdom
2953,C16927,客户_16927,批发型,中价值,United Kingdom
2954,C16928,客户_16928,批发型,高价值,United Kingdom
2955,C16929,客户_16929,批发型,高价值,United Kingdom
2956,C16930,客户_16930,批发型,低价值,United Kingdom
2957,C16931,客户_16931,零售型,高价值,United Kingdom
2958,C16932,客户_16932,零售型,低价值,United Kingdom
2959,C16933,客户_16933,批发型,中价值,United Kingdom
2960,C16934,客户_16934,批发型,中价值,United Kingdom
2961,C16936,客户_16936,零售型,中价值,United Kingdom
2962,C16938,客户_16938,零售型,高价值,United Kingdom
2963,C16940,客户_16940,批发型,高价值,United Kingdom
2964,C16942,客户_16942,零售型,高价值,United Kingdom
2965,C16943,客户_16943,批发型,中价值,United Kingdom
2966,C16945,客户_16945,批发型,高价值,United Kingdom
2967,C16947,客户_16947,批发型,中价值,United Kingdom
2968,C16948,客户_16948,批发型,中价值,United Kingdom
2969,C16949,客户_16949,批发型,中价值,United Kingdom
2970,C16950,客户_16950,批发型,中价值,United Kingdom
2971,C16951,客户_16951,批发型,中价值,United Kingdom
2972,C16952,客户_16952,批发型,低价值,United Kingdom
2973,C16954,客户_16954,批发型,高价值,United Kingdom
2974,C16955,客户_16955,零售型,中价值,United Kingdom
2975,C16956,客户_16956,批发型,中价值,United Kingdom
2976,C16959,客户_16959,批发型,低价值,United Kingdom
2977,C16960,客户_16960,零售型,低价值,United Kingdom
2978,C16961,客户_16961,零售型,低价值,United Kingdom
2979,C16963,客户_16963,批发型,低价值,United Kingdom
2980,C16965,客户_16965,零售型,低价值,United Kingdom
2981,C16966,客户_16966,批发型,高价值,United Kingdom
2982,C16967,客户_16967,批发型,中价值,United Kingdom
2983,C16968,客户_16968,批发型,低价值,United Kingdom
2984,C16969,客户_16969,批发型,中价值,United Kingdom
2985,C16971,客户_16971,零售型,中价值,United Kingdom
2986,C16978,客户_16978,零售型,低价值,United Kingdom
2987,C16979,客户_16979,零售型,高价值,United Kingdom
2988,C16980,客户_16980,零售型,中价值,United Kingdom
2989,C16982,客户_16982,批发型,中价值,United Kingdom
2990,C16983,客户_16983,批发型,高价值,United Kingdom
2991,C16984,客户_16984,零售型,高价值,United Kingdom
2992,C16985,客户_16985,批发型,高价值,United Kingdom
2993,C16986,客户_16986,批发型,低价值,United Kingdom
2994,C16987,客户_16987,零售型,中价值,United Kingdom
2995,C16992,客户_16992,批发型,中价值,United Kingdom
2996,C16996,客户_16996,批发型,高价值,United Kingdom
2997,C16998,客户_16998,批发型,高价值,United Kingdom
2998,C16999,客户_16999,零售型,低价值,United Kingdom
2999,C17001,客户_17001,批发型,高价值,United Kingdom
3000,C17002,客户_17002,批发型,中价值,United Kingdom
3001,C17004,客户_17004,批发型,中价值,United Kingdom
3002,C17006,客户_17006,零售型,中价值,United Kingdom
3003,C17007,客户_17007,零售型,中价值,United Kingdom
3004,C17010,客户_17010,批发型,低价值,United Kingdom
3005,C17011,客户_17011,批发型,低价值,United Kingdom
3006,C17014,客户_17014,零售型,低价值,United Kingdom
3007,C17015,客户_17015,批发型,高价值,United Kingdom
3008,C17017,客户_17017,批发型,高价值,United Kingdom
3009,C17018,客户_17018,批发型,高价值,United Kingdom
3010,C17019,客户_17019,零售型,高价值,United Kingdom
3011,C17025,客户_17025,批发型,低价值,United Kingdom
3012,C17027,客户_17027,零售型,中价值,United Kingdom
3013,C17030,客户_17030,零售型,低价值,United Kingdom
3014,C17031,客户_17031,批发型,低价值,United Kingdom
3015,C17033,客户_17033,批发型,中价值,United Kingdom
3016,C17034,客户_17034,批发型,中价值,United Kingdom
3017,C17035,客户_17035,零售型,低价值,United Kingdom
3018,C17037,客户_17037,批发型,中价值,United Kingdom
3019,C17041,客户_17041,批发型,高价值,United Kingdom
3020,C17042,客户_17042,批发型,中价值,United Kingdom
3021,C17043,客户_17043,批发型,高价值,United Kingdom
3022,C17046,客户_17046,批发型,低价值,United Kingdom
3023,C17047,客户_17047,批发型,中价值,United Kingdom
3024,C17048,客户_17048,批发型,中价值,United Kingdom
3025,C17049,客户_17049,批发型,高价值,United Kingdom
3026,C17050,客户_17050,零售型,高价值,United Kingdom
3027,C17051,客户_17051,零售型,低价值,United Kingdom
3028,C17052,客户_17052,零售型,中价值,United Kingdom
3029,C17053,客户_17053,批发型,中价值,United Kingdom
3030,C17054,客户_17054,零售型,高价值,United Kingdom
3031,C17058,客户_17058,零售型,中价值,United Kingdom
3032,C17059,客户_17059,零售型,高价值,United Kingdom
3033,C17061,客户_17061,批发型,高价值,United Kingdom
3034,C17062,客户_17062,零售型,中价值,United Kingdom
3035,C17063,客户_17063,批发型,高价值,United Kingdom
3036,C17064,客户_17064,零售型,中价值,United Kingdom
3037,C17068,客户_17068,批发型,高价值,United Kingdom
3038,C17069,客户_17069,批发型,高价值,United Kingdom
3039,C17070,客户_17070,零售型,低价值,United Kingdom
3040,C17071,客户_17071,批发型,高价值,United Kingdom
3041,C17073,客户_17073,零售型,中价值,United Kingdom
3042,C17075,客户_17075,零售型,低价值,United Kingdom
3043,C17076,客户_17076,零售型,低价值,United Kingdom
3044,C17078,客户_17078,批发型,低价值,United Kingdom
3045,C17080,客户_17080,批发型,低价值,United Kingdom
3046,C17081,客户_17081,零售型,低价值,United Kingdom
3047,C17082,客户_17082,批发型,高价值,United Kingdom
3048,C17083,客户_17083,批发型,中价值,United Kingdom
3049,C17084,客户_17084,批发型,高价值,United Kingdom
3050,C17085,客户_17085,零售型,中价值,United Kingdom
3051,C17086,客户_17086,批发型,中价值,United Kingdom
3052,C17088,客户_17088,批发型,高价值,United Kingdom
3053,C17090,客户_17090,批发型,中价值,United Kingdom
3054,C17091,客户_17091,批发型,高价值,United Kingdom
3055,C17092,客户_17092,批发型,高价值,United Kingdom
3056,C17095,客户_17095,批发型,中价值,United Kingdom
3057,C17096,客户_17096,批发型,中价值,United Kingdom
3058,C17097,客户_17097,零售型,中价值,United Kingdom
3059,C17100,客户_17100,批发型,高价值,United Kingdom
3060,C17101,客户_17101,批发型,高价值,United Kingdom
3061,C17105,客户_17105,批发型,中价值,United Kingdom
3062,C17107,客户_17107,零售型,高价值,United Kingdom
3063,C17109,客户_17109,零售型,中价值,United Kingdom
3064,C17110,客户_17110,零售型,低价值,United Kingdom
3065,C17111,客户_17111,批发型,低价值,United Kingdom
3066,C17114,客户_17114,零售型,中价值,United Kingdom
3067,C17115,客户_17115,批发型,中价值,United Kingdom
3068,C17117,客户_17117,批发型,低价值,United Kingdom
3069,C17119,客户_17119,批发型,低价值,United Kingdom
3070,C17120,客户_17120,批发型,中价值,United Kingdom
3071,C17123,客户_17123,批发型,低价值,United Kingdom
3072,C17124,客户_17124,零售型,低价值,United Kingdom
3073,C17125,客户_17125,批发型,中价值,United Kingdom
3074,C17126,客户_17126,零售型,中价值,United Kingdom
3075,C17128,客户_17128,零售型,低价值,United Kingdom
3076,C17131,客户_17131,零售型,中价值,United Kingdom
3077,C17133,客户_17133,批发型,高价值,United Kingdom
3078,C17134,客户_17134,零售型,低价值,United Kingdom
3079,C17135,客户_17135,批发型,中价值,United Kingdom
3080,C17138,客户_17138,零售型,低价值,United Kingdom
3081,C17139,客户_17139,批发型,高价值,United Kingdom
3082,C17140,客户_17140,批发型,低价值,United Kingdom
3083,C17142,客户_17142,零售型,高价值,United Kingdom
3084,C17144,客户_17144,批发型,中价值,United Kingdom
3085,C17146,客户_17146,零售型,低价值,United Kingdom
3086,C17147,客户_17147,批发型,中价值,United Kingdom
3087,C17154,客户_17154,批发型,低价值,United Kingdom
3088,C17155,客户_17155,批发型,高价值,United Kingdom
3089,C17157,客户_17157,批发型,低价值,United Kingdom
3090,C17158,客户_17158,批发型,高价值,United Kingdom
3091,C17159,客户_17159,批发型,高价值,United Kingdom
3092,C17160,客户_17160,批发型,高价值,United Kingdom
3093,C17162,客户_17162,批发型,中价值,United Kingdom
3094,C17164,客户_17164,批发型,高价值,United Kingdom
3095,C17165,客户_17165,批发型,低价值,United Kingdom
3096,C17169,客户_17169,批发型,中价值,United Kingdom
3097,C17171,客户_17171,批发型,低价值,United Kingdom
3098,C17172,客户_17172,批发型,中价值,United Kingdom
3099,C17173,客户_17173,批发型,高价值,United Kingdom
3100,C17174,客户_17174,零售型,低价值,United Kingdom
3101,C17175,客户_17175,批发型,高价值,United Kingdom
3102,C17179,客户_17179,零售型,中价值,United Kingdom
3103,C17180,客户_17180,零售型,中价值,United Kingdom
3104,C17181,客户_17181,零售型,低价值,United Kingdom
3105,C17183,客户_17183,批发型,高价值,United Kingdom
3106,C17188,客户_17188,批发型,高价值,United Kingdom
3107,C17189,客户_17189,零售型,中价值,United Kingdom
3108,C17190,客户_17190,批发型,低价值,United Kingdom
3109,C17191,客户_17191,零售型,高价值,United Kingdom
3110,C17193,客户_17193,批发型,中价值,United Kingdom
3111,C17194,客户_17194,零售型,低价值,United Kingdom
3112,C17197,客户_17197,批发型,中价值,United Kingdom
3113,C17198,客户_17198,零售型,中价值,United Kingdom
3114,C17201,客户_17201,零售型,中价值,United Kingdom
3115,C17203,客户_17203,零售型,高价值,United Kingdom
3116,C17204,客户_17204,批发型,高价值,United Kingdom
3117,C17205,客户_17205,批发型,高价值,United Kingdom
3118,C17211,客户_17211,零售型,高价值,United Kingdom
3119,C17213,客户_17213,零售型,高价值,United Kingdom
3120,C17214,客户_17214,零售型,高价值,United Kingdom
3121,C17217,客户_17217,零售型,低价值,United Kingdom
3122,C17218,客户_17218,零售型,中价值,United Kingdom
3123,C17219,客户_17219,批发型,低价值,United Kingdom
3124,C17220,客户_17220,零售型,高价值,United Kingdom
3125,C17221,客户_17221,零售型,低价值,United Kingdom
3126,C17222,客户_17222,零售型,中价值,United Kingdom
3127,C17223,客户_17223,零售型,低价值,United Kingdom
3128,C17226,客户_17226,零售型,低价值,United Kingdom
3129,C17227,客户_17227,批发型,高价值,United Kingdom
3130,C17228,客户_17228,零售型,高价值,United Kingdom
3131,C17229,客户_17229,零售型,低价值,United Kingdom
3132,C17230,客户_17230,批发型,高价值,United Kingdom
3133,C17231,客户_17231,零售型,高价值,United Kingdom
3134,C17232,客户_17232,批发型,中价值,United Kingdom
3135,C17233,客户_17233,批发型,低价值,United Kingdom
3136,C17235,客户_17235,零售型,中价值,United Kingdom
3137,C17236,客户_17236,零售型,中价值,United Kingdom
3138,C17237,客户_17237,零售型,低价值,United Kingdom
3139,C17238,客户_17238,零售型,高价值,United Kingdom
3140,C17239,客户_17239,批发型,中价值,United Kingdom
3141,C17242,客户_17242,批发型,中价值,United Kingdom
3142,C17243,客户_17243,零售型,高价值,United Kingdom
3143,C17244,客户_17244,批发型,中价值,United Kingdom
3144,C17245,客户_17245,批发型,低价值,United Kingdom
3145,C17247,客户_17247,零售型,低价值,United Kingdom
3146,C17248,客户_17248,零售型,低价值,United Kingdom
3147,C17250,客户_17250,零售型,中价值,United Kingdom
3148,C17251,客户_17251,零售型,低价值,United Kingdom
3149,C17252,客户_17252,零售型,低价值,United Kingdom
3150,C17253,客户_17253,零售型,低价值,United Kingdom
3151,C17254,客户_17254,零售型,低价值,United Kingdom
3152,C17255,客户_17255,零售型,低价值,United Kingdom
3153,C17259,客户_17259,零售型,中价值,United Kingdom
3154,C17262,客户_17262,批发型,高价值,United Kingdom
3155,C17263,客户_17263,零售型,低价值,United Kingdom
3156,C17265,客户_17265,零售型,低价值,United Kingdom
3157,C17266,客户_17266,零售型,低价值,United Kingdom
3158,C17267,客户_17267,零售型,低价值,United Kingdom
3159,C17268,客户_17268,批发型,低价值,United Kingdom
3160,C17272,客户_17272,批发型,高价值,United Kingdom
3161,C17274,客户_17274,零售型,低价值,United Kingdom
3162,C17277,客户_17277,零售型,中价值,United Kingdom
3163,C17279,客户_17279,批发型,低价值,United Kingdom
3164,C17282,客户_17282,零售型,高价值,United Kingdom
3165,C17284,客户_17284,零售型,高价值,United Kingdom
3166,C17286,客户_17286,零售型,低价值,United Kingdom
3167,C17287,客户_17287,零售型,高价值,United Kingdom
3168,C17288,客户_17288,零售型,中价值,United Kingdom
3169,C17289,客户_17289,零售型,高价值,United Kingdom
3170,C17290,客户_17290,零售型,中价值,United Kingdom
3171,C17293,客户_17293,零售型,高价值,United Kingdom
3172,C17295,客户_17295,零售型,中价值,United Kingdom
3173,C17297,客户_17297,零售型,低价值,United Kingdom
3174,C17298,客户_17298,批发型,低价值,United Kingdom
3175,C17299,客户_17299,批发型,低价值,United Kingdom
3176,C17301,客户_17301,零售型,低价值,United Kingdom
3177,C17302,客户_17302,批发型,中价值,United Kingdom
3178,C17303,客户_17303,零售型,低价值,United Kingdom
3179,C17306,客户_17306,批发型,高价值,United Kingdom
3180,C17309,客户_17309,零售型,低价值,United Kingdom
3181,C17311,客户_17311,批发型,高价值,United Kingdom
3182,C17312,客户_17312,批发型,低价值,United Kingdom
3183,C17313,客户_17313,批发型,高价值,United Kingdom
3184,C17314,客户_17314,批发型,高价值,United Kingdom
3185,C17315,客户_17315,零售型,高价值,United Kingdom
3186,C17317,客户_17317,批发型,中价值,United Kingdom
3187,C17320,客户_17320,零售型,中价值,United Kingdom
3188,C17321,客户_17321,零售型,低价值,United Kingdom
3189,C17323,客户_17323,零售型,中价值,United Kingdom
3190,C17324,客户_17324,批发型,中价值,United Kingdom
3191,C17325,客户_17325,批发型,低价值,United Kingdom
3192,C17329,客户_17329,零售型,中价值,United Kingdom
3193,C17333,客户_17333,批发型,低价值,United Kingdom
3194,C17334,客户_17334,批发型,低价值,United Kingdom
3195,C17337,客户_17337,零售型,中价值,United Kingdom
3196,C17338,客户_17338,零售型,高价值,United Kingdom
3197,C17339,客户_17339,零售型,中价值,United Kingdom
3198,C17340,客户_17340,批发型,高价值,United Kingdom
3199,C17341,客户_17341,零售型,高价值,United Kingdom
3200,C17344,客户_17344,零售型,低价值,United Kingdom
3201,C17345,客户_17345,零售型,中价值,United Kingdom
3202,C17346,客户_17346,零售型,高价值,United Kingdom
3203,C17348,客户_17348,零售型,高价值,United Kingdom
3204,C17349,客户_17349,批发型,低价值,United Kingdom
3205,C17350,客户_17350,批发型,高价值,United Kingdom
3206,C17351,客户_17351,零售型,高价值,United Kingdom
3207,C17353,客户_17353,批发型,高价值,United Kingdom
3208,C17356,客户_17356,批发型,低价值,United Kingdom
3209,C17357,客户_17357,零售型,低价值,United Kingdom
3210,C17358,客户_17358,零售型,低价值,United Kingdom
3211,C17360,客户_17360,零售型,中价值,United Kingdom
3212,C17361,客户_17361,零售型,低价值,United Kingdom
3213,C17362,客户_17362,零售型,低价值,United Kingdom
3214,C17364,客户_17364,零售型,高价值,United Kingdom
3215,C17365,客户_17365,批发型,高价值,United Kingdom
3216,C17367,客户_17367,零售型,低价值,United Kingdom
3217,C17368,客户_17368,零售型,高价值,United Kingdom
3218,C17370,客户_17370,批发型,中价值,United Kingdom
3219,C17371,客户_17371,零售型,低价值,United Kingdom
3220,C17372,客户_17372,零售型,高价值,United Kingdom
3221,C17373,客户_17373,批发型,中价值,United Kingdom
3222,C17374,客户_17374,零售型,低价值,United Kingdom
3223,C17375,客户_17375,零售型,低价值,United Kingdom
3224,C17376,客户_17376,零售型,低价值,United Kingdom
3225,C17377,客户_17377,零售型,高价值,United Kingdom
3226,C17379,客户_17379,零售型,低价值,United Kingdom
3227,C17381,客户_17381,批发型,高价值,United Kingdom
3228,C17383,客户_17383,零售型,低价值,United Kingdom
3229,C17385,客户_17385,零售型,低价值,United Kingdom
3230,C17386,客户_17386,零售型,高价值,United Kingdom
3231,C17387,客户_17387,批发型,高价值,United Kingdom
3232,C17389,客户_17389,批发型,高价值,United Kingdom
3233,C17392,客户_17392,零售型,低价值,United Kingdom
3234,C17396,客户_17396,批发型,高价值,United Kingdom
3235,C17397,客户_17397,零售型,中价值,United Kingdom
3236,C17398,客户_17398,零售型,低价值,United Kingdom
3237,C17400,客户_17400,零售型,高价值,United Kingdom
3238,C17402,客户_17402,零售型,高价值,United Kingdom
3239,C17403,客户_17403,零售型,低价值,United Kingdom
3240,C17404,客户_17404,批发型,高价值,United Kingdom
3241,C17405,客户_17405,批发型,中价值,United Kingdom
3242,C17406,客户_17406,零售型,高价值,United Kingdom
3243,C17409,客户_17409,批发型,中价值,United Kingdom
3244,C17410,客户_17410,批发型,高价值,United Kingdom
3245,C17411,客户_17411,批发型,中价值,United Kingdom
3246,C17412,客户_17412,批发型,中价值,United Kingdom
3247,C17414,客户_17414,批发型,高价值,United Kingdom
3248,C17415,客户_17415,零售型,低价值,United Kingdom
3249,C17416,客户_17416,批发型,高价值,United Kingdom
3250,C17418,客户_17418,批发型,中价值,United Kingdom
3251,C17419,客户_17419,批发型,高价值,United Kingdom
3252,C17420,客户_17420,批发型,中价值,United Kingdom
3253,C17422,客户_17422,批发型,高价值,United Kingdom
3254,C17423,客户_17423,批发型,中价值,United Kingdom
3255,C17425,客户_17425,批发型,中价值,United Kingdom
3256,C17426,客户_17426,批发型,高价值,United Kingdom
3257,C17427,客户_17427,批发型,中价值,United Kingdom
3258,C17428,客户_17428,批发型,高价值,United Kingdom
3259,C17429,客户_17429,批发型,低价值,United Kingdom
3260,C17431,客户_17431,批发型,低价值,United Kingdom
3261,C17432,客户_17432,零售型,中价值,United Kingdom
3262,C17433,客户_17433,零售型,低价值,United Kingdom
3263,C17434,客户_17434,批发型,高价值,United Kingdom
3264,C17436,客户_17436,批发型,中价值,United Kingdom
3265,C17440,客户_17440,批发型,低价值,United Kingdom
3266,C17442,客户_17442,批发型,高价值,United Kingdom
3267,C17444,客户_17444,批发型,高价值,United Kingdom
3268,C17446,客户_17446,批发型,低价值,United Kingdom
3269,C17447,客户_17447,批发型,中价值,United Kingdom
3270,C17449,客户_17449,零售型,高价值,United Kingdom
3271,C17450,客户_17450,批发型,高价值,United Kingdom
3272,C17451,客户_17451,批发型,高价值,United Kingdom
3273,C17453,客户_17453,批发型,中价值,United Kingdom
3274,C17454,客户_17454,零售型,低价值,United Kingdom
3275,C17455,客户_17455,批发型,低价值,United Kingdom
3276,C17456,客户_17456,批发型,低价值,United Kingdom
3277,C17457,客户_17457,批发型,高价值,United Kingdom
3278,C17458,客户_17458,批发型,低价值,United Kingdom
3279,C17459,客户_17459,零售型,中价值,United Kingdom
3280,C17460,客户_17460,零售型,低价值,United Kingdom
3281,C17461,客户_17461,零售型,中价值,United Kingdom
3282,C17462,客户_17462,批发型,中价值,United Kingdom
3283,C17463,客户_17463,零售型,高价值,United Kingdom
3284,C17464,客户_17464,批发型,中价值,United Kingdom
3285,C17466,客户_17466,零售型,中价值,United Kingdom
3286,C17469,客户_17469,批发型,高价值,United Kingdom
3287,C17470,客户_17470,批发型,中价值,United Kingdom
3288,C17472,客户_17472,零售型,中价值,United Kingdom
3289,C17475,客户_17475,批发型,中价值,United Kingdom
3290,C17480,客户_17480,批发型,中价值,United Kingdom
3291,C17481,客户_17481,批发型,中价值,United Kingdom
3292,C17483,客户_17483,零售型,中价值,United Kingdom
3293,C17486,客户_17486,批发型,低价值,United Kingdom
3294,C17489,客户_17489,批发型,低价值,United Kingdom
3295,C17490,客户_17490,批发型,高价值,United Kingdom
3296,C17491,客户_17491,批发型,高价值,United Kingdom
3297,C17495,客户_17495,批发型,中价值,United Kingdom
3298,C17496,客户_17496,批发型,低价值,United Kingdom
3299,C17498,客户_17498,零售型,低价值,United Kingdom
3300,C17499,客户_17499,批发型,中价值,United Kingdom
3301,C17501,客户_17501,零售型,低价值,United Kingdom
3302,C17502,客户_17502,批发型,中价值,United Kingdom
3303,C17503,客户_17503,批发型,中价值,United Kingdom
3304,C17504,客户_17504,批发型,高价值,United Kingdom
3305,C17505,客户_17505,批发型,中价值,United Kingdom
3306,C17506,客户_17506,批发型,低价值,United Kingdom
3307,C17507,客户_17507,零售型,中价值,United Kingdom
3308,C17509,客户_17509,批发型,高价值,United Kingdom
3309,C17510,客户_17510,批发型,低价值,United Kingdom
3310,C17511,客户_17511,批发型,高价值,United Kingdom
3311,C17512,客户_17512,批发型,高价值,United Kingdom
3312,C17514,客户_17514,零售型,低价值,United Kingdom
3313,C17515,客户_17515,零售型,中价值,United Kingdom
3314,C17516,客户_17516,零售型,中价值,United Kingdom
3315,C17519,客户_17519,批发型,高价值,United Kingdom
3316,C17520,客户_17520,批发型,低价值,United Kingdom
3317,C17521,客户_17521,批发型,低价值,United Kingdom
3318,C17522,客户_17522,批发型,高价值,United Kingdom
3319,C17523,客户_17523,零售型,中价值,United Kingdom
3320,C17524,客户_17524,批发型,低价值,United Kingdom
3321,C17526,客户_17526,批发型,低价值,United Kingdom
3322,C17527,客户_17527,批发型,中价值,United Kingdom
3323,C17528,客户_17528,零售型,高价值,United Kingdom
3324,C17530,客户_17530,零售型,高价值,United Kingdom
3325,C17531,客户_17531,批发型,中价值,United Kingdom
3326,C17535,客户_17535,批发型,低价值,United Kingdom
3327,C17537,客户_17537,零售型,中价值,United Kingdom
3328,C17538,客户_17538,批发型,低价值,United Kingdom
3329,C17540,客户_17540,批发型,中价值,United Kingdom
3330,C17542,客户_17542,零售型,低价值,United Kingdom
3331,C17545,客户_17545,零售型,中价值,United Kingdom
3332,C17550,客户_17550,零售型,低价值,United Kingdom
3333,C17551,客户_17551,零售型,低价值,United Kingdom
3334,C17552,客户_17552,批发型,中价值,United Kingdom
3335,C17554,客户_17554,批发型,中价值,United Kingdom
3336,C17555,客户_17555,零售型,中价值,United Kingdom
3337,C17556,客户_17556,批发型,中价值,United Kingdom
3338,C17557,客户_17557,批发型,中价值,United Kingdom
3339,C17560,客户_17560,批发型,低价值,United Kingdom
3340,C17561,客户_17561,零售型,低价值,United Kingdom
3341,C17562,客户_17562,批发型,中价值,United Kingdom
3342,C17564,客户_17564,零售型,低价值,United Kingdom
3343,C17566,客户_17566,零售型,中价值,United Kingdom
3344,C17567,客户_17567,批发型,高价值,United Kingdom
3345,C17569,客户_17569,零售型,低价值,United Kingdom
3346,C17571,客户_17571,零售型,中价值,United Kingdom
3347,C17572,客户_17572,批发型,低价值,United Kingdom
3348,C17573,客户_17573,批发型,低价值,United Kingdom
3349,C17576,客户_17576,零售型,高价值,United Kingdom
3350,C17578,客户_17578,批发型,低价值,United Kingdom
3351,C17579,客户_17579,批发型,中价值,United Kingdom
3352,C17580,客户_17580,零售型,低价值,United Kingdom
3353,C17581,客户_17581,批发型,高价值,United Kingdom
3354,C17582,客户_17582,零售型,低价值,United Kingdom
3355,C17584,客户_17584,零售型,中价值,United Kingdom
3356,C17585,客户_17585,零售型,中价值,United Kingdom
3357,C17588,客户_17588,批发型,高价值,United Kingdom
3358,C17589,客户_17589,零售型,高价值,United Kingdom
3359,C17590,客户_17590,零售型,中价值,United Kingdom
3360,C17591,客户_17591,零售型,高价值,United Kingdom
3361,C17593,客户_17593,批发型,高价值,United Kingdom
3362,C17594,客户_17594,批发型,中价值,United Kingdom
3363,C17595,客户_17595,零售型,低价值,United Kingdom
3364,C17596,客户_17596,零售型,高价值,United Kingdom
3365,C17597,客户_17597,批发型,高价值,United Kingdom
3366,C17600,客户_17600,批发型,低价值,United Kingdom
3367,C17601,客户_17601,批发型,低价值,United Kingdom
3368,C17602,客户_17602,零售型,高价值,United Kingdom
3369,C17603,客户_17603,批发型,低价值,United Kingdom
3370,C17604,客户_17604,零售型,中价值,United Kingdom
3371,C17608,客户_17608,零售型,低价值,United Kingdom
3372,C17609,客户_17609,零售型,中价值,United Kingdom
3373,C17611,客户_17611,零售型,高价值,United Kingdom
3374,C17612,客户_17612,批发型,高价值,United Kingdom
3375,C17613,客户_17613,批发型,高价值,United Kingdom
3376,C17614,客户_17614,零售型,低价值,United Kingdom
3377,C17615,客户_17615,零售型,低价值,United Kingdom
3378,C17618,客户_17618,零售型,中价值,United Kingdom
3379,C17619,客户_17619,零售型,低价值,United Kingdom
3380,C17620,客户_17620,零售型,低价值,United Kingdom
3381,C17621,客户_17621,批发型,低价值,United Kingdom
3382,C17623,客户_17623,批发型,低价值,United Kingdom
3383,C17624,客户_17624,批发型,中价值,United Kingdom
3384,C17625,客户_17625,零售型,高价值,United Kingdom
3385,C17629,客户_17629,批发型,高价值,United Kingdom
3386,C17630,客户_17630,零售型,中价值,United Kingdom
3387,C17631,客户_17631,零售型,低价值,United Kingdom
3388,C17633,客户_17633,批发型,高价值,United Kingdom
3389,C17634,客户_17634,零售型,高价值,United Kingdom
3390,C17636,客户_17636,批发型,低价值,United Kingdom
3391,C17637,客户_17637,批发型,中价值,United Kingdom
3392,C17642,客户_17642,批发型,低价值,United Kingdom
3393,C17644,客户_17644,批发型,高价值,United Kingdom
3394,C17646,客户_17646,零售型,中价值,United Kingdom
3395,C17647,客户_17647,零售型,低价值,United Kingdom
3396,C17648,客户_17648,零售型,高价值,United Kingdom
3397,C17649,客户_17649,零售型,中价值,United Kingdom
3398,C17651,客户_17651,批发型,高价值,United Kingdom
3399,C17652,客户_17652,批发型,高价值,United Kingdom
3400,C17653,客户_17653,批发型,中价值,United Kingdom
3401,C17654,客户_17654,零售型,低价值,United Kingdom
3402,C17655,客户_17655,批发型,高价值,United Kingdom
3403,C17656,客户_17656,批发型,中价值,United Kingdom
3404,C17658,客户_17658,批发型,低价值,United Kingdom
3405,C17659,客户_17659,批发型,高价值,United Kingdom
3406,C17660,客户_17660,零售型,低价值,United Kingdom
3407,C17663,客户_17663,批发型,中价值,United Kingdom
3408,C17664,客户_17664,批发型,中价值,United Kingdom
3409,C17667,客户_17667,批发型,中价值,United Kingdom
3410,C17668,客户_17668,批发型,中价值,United Kingdom
3411,C17669,客户_17669,批发型,高价值,United Kingdom
3412,C17670,客户_17670,批发型,低价值,United Kingdom
3413,C17671,客户_17671,零售型,低价值,United Kingdom
3414,C17672,客户_17672,批发型,高价值,United Kingdom
3415,C17673,客户_17673,零售型,中价值,United Kingdom
3416,C17675,客户_17675,批发型,高价值,United Kingdom
3417,C17676,客户_17676,批发型,高价值,United Kingdom
3418,C17677,客户_17677,批发型,高价值,United Kingdom
3419,C17679,客户_17679,批发型,高价值,United Kingdom
3420,C17680,客户_17680,批发型,低价值,United Kingdom
3421,C17682,客户_17682,批发型,高价值,United Kingdom
3422,C17684,客户_17684,批发型,低价值,United Kingdom
3423,C17685,客户_17685,批发型,高价值,United Kingdom
3424,C17686,客户_17686,批发型,高价值,United Kingdom
3425,C17690,客户_17690,零售型,高价值,United Kingdom
3426,C17691,客户_17691,批发型,低价值,United Kingdom
3427,C17692,客户_17692,批发型,低价值,United Kingdom
3428,C17693,客户_17693,批发型,低价值,United Kingdom
3429,C17694,客户_17694,批发型,低价值,United Kingdom
3430,C17695,客户_17695,批发型,中价值,United Kingdom
3431,C17696,客户_17696,批发型,高价值,United Kingdom
3432,C17697,客户_17697,批发型,低价值,United Kingdom
3433,C17698,客户_17698,批发型,低价值,United Kingdom
3434,C17700,客户_17700,批发型,高价值,United Kingdom
3435,C17702,客户_17702,批发型,高价值,United Kingdom
3436,C17703,客户_17703,批发型,中价值,United Kingdom
3437,C17704,客户_17704,批发型,高价值,United Kingdom
3438,C17705,客户_17705,批发型,高价值,United Kingdom
3439,C17706,客户_17706,批发型,高价值,United Kingdom
3440,C17708,客户_17708,零售型,低价值,United Kingdom
3441,C17711,客户_17711,批发型,低价值,United Kingdom
3442,C17712,客户_17712,批发型,低价值,United Kingdom
3443,C17716,客户_17716,批发型,高价值,United Kingdom
3444,C17719,客户_17719,批发型,高价值,United Kingdom
3445,C17720,客户_17720,零售型,中价值,United Kingdom
3446,C17722,客户_17722,批发型,高价值,United Kingdom
3447,C17723,客户_17723,批发型,高价值,United Kingdom
3448,C17724,客户_17724,零售型,中价值,United Kingdom
3449,C17725,客户_17725,批发型,高价值,United Kingdom
3450,C17727,客户_17727,批发型,中价值,United Kingdom
3451,C17728,客户_17728,批发型,高价值,United Kingdom
3452,C17730,客户_17730,批发型,高价值,United Kingdom
3453,C17731,客户_17731,批发型,中价值,United Kingdom
3454,C17732,客户_17732,零售型,中价值,United Kingdom
3455,C17733,客户_17733,批发型,低价值,United Kingdom
3456,C17734,客户_17734,批发型,中价值,United Kingdom
3457,C17735,客户_17735,批发型,高价值,United Kingdom
3458,C17736,客户_17736,批发型,中价值,United Kingdom
3459,C17738,客户_17738,批发型,中价值,United Kingdom
3460,C17739,客户_17739,批发型,中价值,United Kingdom
3461,C17742,客户_17742,零售型,低价值,United Kingdom
3462,C17744,客户_17744,批发型,高价值,United Kingdom
3463,C17746,客户_17746,零售型,低价值,United Kingdom
3464,C17749,客户_17749,零售型,中价值,United Kingdom
3465,C17750,客户_17750,批发型,高价值,United Kingdom
3466,C17754,客户_17754,批发型,中价值,United Kingdom
3467,C17757,客户_17757,零售型,高价值,United Kingdom
3468,C17758,客户_17758,零售型,高价值,United Kingdom
3469,C17759,客户_17759,零售型,中价值,United Kingdom
3470,C17760,客户_17760,零售型,低价值,United Kingdom
3471,C17764,客户_17764,零售型,中价值,United Kingdom
3472,C17765,客户_17765,零售型,中价值,United Kingdom
3473,C17767,客户_17767,零售型,低价值,United Kingdom
3474,C17768,客户_17768,批发型,中价值,United Kingdom
3475,C17769,客户_17769,零售型,高价值,United Kingdom
3476,C17770,客户_17770,零售型,中价值,United Kingdom
3477,C17771,客户_17771,零售型,低价值,United Kingdom
3478,C17772,客户_17772,零售型,低价值,United Kingdom
3479,C17774,客户_17774,零售型,中价值,United Kingdom
3480,C17777,客户_17777,零售型,中价值,United Kingdom
3481,C17779,客户_17779,零售型,中价值,United Kingdom
3482,C17781,客户_17781,零售型,低价值,United Kingdom
3483,C17783,客户_17783,零售型,低价值,United Kingdom
3484,C17786,客户_17786,零售型,低价值,United Kingdom
3485,C17787,客户_17787,零售型,高价值,United Kingdom
3486,C17789,客户_17789,批发型,低价值,United Kingdom
3487,C17790,客户_17790,零售型,高价值,United Kingdom
3488,C17791,客户_17791,零售型,低价值,United Kingdom
3489,C17795,客户_17795,零售型,低价值,United Kingdom
3490,C17796,客户_17796,零售型,中价值,United Kingdom
3491,C17797,客户_17797,零售型,中价值,United Kingdom
3492,C17799,客户_17799,零售型,高价值,United Kingdom
3493,C17800,客户_17800,零售型,高价值,United Kingdom
3494,C17802,客户_17802,零售型,高价值,United Kingdom
3495,C17805,客户_17805,批发型,中价值,United Kingdom
3496,C17806,客户_17806,批发型,低价值,United Kingdom
3497,C17809,客户_17809,批发型,高价值,United Kingdom
3498,C17811,客户_17811,零售型,高价值,United Kingdom
3499,C17812,客户_17812,零售型,低价值,United Kingdom
3500,C17813,客户_17813,零售型,高价值,United Kingdom
3501,C17817,客户_17817,零售型,中价值,United Kingdom
3502,C17819,客户_17819,批发型,高价值,United Kingdom
3503,C17824,客户_17824,批发型,中价值,United Kingdom
3504,C17827,客户_17827,零售型,中价值,United Kingdom
3505,C17828,客户_17828,零售型,高价值,United Kingdom
3506,C17829,客户_17829,批发型,低价值,United Kingdom
3507,C17830,客户_17830,零售型,低价值,United Kingdom
3508,C17832,客户_17832,零售型,低价值,United Kingdom
3509,C17835,客户_17835,零售型,低价值,United Kingdom
3510,C17836,客户_17836,零售型,低价值,United Kingdom
3511,C17837,客户_17837,零售型,中价值,United Kingdom
3512,C17838,客户_17838,批发型,高价值,United Kingdom
3513,C17839,客户_17839,零售型,低价值,United Kingdom
3514,C17841,客户_17841,零售型,高价值,United Kingdom
3515,C17843,客户_17843,零售型,低价值,United Kingdom
3516,C17848,客户_17848,零售型,中价值,United Kingdom
3517,C17849,客户_17849,零售型,低价值,United Kingdom
3518,C17850,客户_17850,批发型,高价值,United Kingdom
3519,C17852,客户_17852,零售型,低价值,United Kingdom
3520,C17854,客户_17854,零售型,低价值,United Kingdom
3521,C17855,客户_17855,批发型,低价值,United Kingdom
3522,C17856,客户_17856,零售型,低价值,United Kingdom
3523,C17857,客户_17857,批发型,高价值,United Kingdom
3524,C17858,客户_17858,零售型,高价值,United Kingdom
3525,C17859,客户_17859,零售型,中价值,United Kingdom
3526,C17860,客户_17860,零售型,低价值,United Kingdom
3527,C17861,客户_17861,零售型,高价值,United Kingdom
3528,C17862,客户_17862,批发型,低价值,United Kingdom
3529,C17863,客户_17863,批发型,高价值,United Kingdom
3530,C17864,客户_17864,零售型,中价值,United Kingdom
3531,C17865,客户_17865,批发型,高价值,United Kingdom
3532,C17866,客户_17866,批发型,低价值,United Kingdom
3533,C17867,客户_17867,零售型,高价值,United Kingdom
3534,C17869,客户_17869,零售型,低价值,United Kingdom
3535,C17870,客户_17870,零售型,高价值,United Kingdom
3536,C17871,客户_17871,批发型,低价值,United Kingdom
3537,C17873,客户_17873,批发型,高价值,United Kingdom
3538,C17874,客户_17874,零售型,中价值,United Kingdom
3539,C17877,客户_17877,批发型,低价值,United Kingdom
3540,C17878,客户_17878,批发型,低价值,United Kingdom
3541,C17881,客户_17881,批发型,中价值,United Kingdom
3542,C17883,客户_17883,零售型,低价值,United Kingdom
3543,C17884,客户_17884,零售型,低价值,United Kingdom
3544,C17885,客户_17885,零售型,低价值,United Kingdom
3545,C17886,客户_17886,零售型,中价值,United Kingdom
3546,C17887,客户_17887,零售型,中价值,United Kingdom
3547,C17888,客户_17888,批发型,高价值,United Kingdom
3548,C17889,客户_17889,零售型,低价值,United Kingdom
3549,C17890,客户_17890,零售型,低价值,United Kingdom
3550,C17891,客户_17891,批发型,低价值,United Kingdom
3551,C17893,客户_17893,批发型,低价值,United Kingdom
3552,C17894,客户_17894,零售型,中价值,United Kingdom
3553,C17897,客户_17897,零售型,低价值,United Kingdom
3554,C17898,客户_17898,批发型,低价值,United Kingdom
3555,C17899,客户_17899,零售型,低价值,United Kingdom
3556,C17900,客户_17900,批发型,低价值,United Kingdom
3557,C17901,客户_17901,零售型,低价值,United Kingdom
3558,C17904,客户_17904,零售型,低价值,United Kingdom
3559,C17905,客户_17905,零售型,中价值,United Kingdom
3560,C17906,客户_17906,零售型,低价值,United Kingdom
3561,C17908,客户_17908,零售型,低价值,United Kingdom
3562,C17911,客户_17911,零售型,低价值,United Kingdom
3563,C17912,客户_17912,零售型,低价值,United Kingdom
3564,C17913,客户_17913,零售型,中价值,United Kingdom
3565,C17914,客户_17914,零售型,低价值,United Kingdom
3566,C17917,客户_17917,零售型,低价值,United Kingdom
3567,C17919,客户_17919,批发型,中价值,United Kingdom
3568,C17920,客户_17920,零售型,高价值,United Kingdom
3569,C17921,客户_17921,零售型,中价值,United Kingdom
3570,C17924,客户_17924,批发型,高价值,United Kingdom
3571,C17926,客户_17926,批发型,低价值,United Kingdom
3572,C17928,客户_17928,零售型,低价值,United Kingdom
3573,C17929,客户_17929,批发型,中价值,United Kingdom
3574,C17930,客户_17930,批发型,中价值,United Kingdom
3575,C17931,客户_17931,零售型,低价值,United Kingdom
3576,C17932,客户_17932,批发型,中价值,United Kingdom
3577,C17934,客户_17934,批发型,高价值,United Kingdom
3578,C17935,客户_17935,零售型,低价值,United Kingdom
3579,C17936,客户_17936,零售型,低价值,United Kingdom
3580,C17937,客户_17937,批发型,高价值,United Kingdom
3581,C17939,客户_17939,零售型,低价值,United Kingdom
3582,C17940,客户_17940,批发型,高价值,United Kingdom
3583,C17949,客户_17949,批发型,高价值,United Kingdom
3584,C17950,客户_17950,零售型,低价值,United Kingdom
3585,C17951,客户_17951,批发型,中价值,United Kingdom
3586,C17954,客户_17954,零售型,高价值,United Kingdom
3587,C17955,客户_17955,批发型,低价值,United Kingdom
3588,C17957,客户_17957,零售型,低价值,United Kingdom
3589,C17960,客户_17960,零售型,低价值,United Kingdom
3590,C17961,客户_17961,零售型,中价值,United Kingdom
3591,C17962,客户_17962,零售型,低价值,United Kingdom
3592,C17964,客户_17964,零售型,中价值,United Kingdom
3593,C17965,客户_17965,零售型,高价值,United Kingdom
3594,C17966,客户_17966,批发型,中价值,United Kingdom
3595,C17967,客户_17967,零售型,低价值,United Kingdom
3596,C17968,客户_17968,零售型,低价值,United Kingdom
3597,C17969,客户_17969,零售型,低价值,United Kingdom
3598,C17970,客户_17970,零售型,低价值,United Kingdom
3599,C17972,客户_17972,零售型,低价值,United Kingdom
3600,C17973,客户_17973,批发型,低价值,United Kingdom
3601,C17974,客户_17974,零售型,中价值,United Kingdom
3602,C17975,客户_17975,零售型,高价值,United Kingdom
3603,C17976,客户_17976,零售型,低价值,United Kingdom
3604,C17977,客户_17977,批发型,低价值,United Kingdom
3605,C17978,客户_17978,批发型,低价值,United Kingdom
3606,C17979,客户_17979,零售型,中价值,United Kingdom
3607,C17980,客户_17980,批发型,中价值,United Kingdom
3608,C17984,客户_17984,零售型,低价值,United Kingdom
3609,C17985,客户_17985,零售型,低价值,United Kingdom
3610,C17986,客户_17986,批发型,低价值,United Kingdom
3611,C17988,客户_17988,零售型,中价值,United Kingdom
3612,C17990,客户_17990,批发型,中价值,United Kingdom
3613,C17991,客户_17991,零售型,低价值,United Kingdom
3614,C17994,客户_17994,零售型,中价值,United Kingdom
3615,C17997,客户_17997,批发型,高价值,United Kingdom
3616,C17999,客户_17999,零售型,低价值,United Kingdom
3617,C18001,客户_18001,零售型,低价值,United Kingdom
3618,C18004,客户_18004,零售型,低价值,United Kingdom
3619,C18005,客户_18005,零售型,低价值,United Kingdom
3620,C18006,客户_18006,批发型,低价值,United Kingdom
3621,C18008,客户_18008,批发型,高价值,United Kingdom
3622,C18009,客户_18009,零售型,低价值,United Kingdom
3623,C18010,客户_18010,零售型,低价值,United Kingdom
3624,C18011,客户_18011,零售型,低价值,United Kingdom
3625,C18013,客户_18013,零售型,低价值,United Kingdom
3626,C18014,客户_18014,零售型,低价值,United Kingdom
3627,C18015,客户_18015,零售型,低价值,United Kingdom
3628,C18016,客户_18016,零售型,高价值,United Kingdom
3629,C18018,客户_18018,零售型,低价值,United Kingdom
3630,C18019,客户_18019,零售型,低价值,United Kingdom
3631,C18022,客户_18022,零售型,中价值,United Kingdom
3632,C18024,客户_18024,零售型,低价值,United Kingdom
3633,C18027,客户_18027,零售型,低价值,United Kingdom
3634,C18030,客户_18030,零售型,低价值,United Kingdom
3635,C18033,客户_18033,零售型,低价值,United Kingdom
3636,C18034,客户_18034,零售型,低价值,United Kingdom
3637,C18035,客户_18035,零售型,中价值,United Kingdom
3638,C18036,客户_18036,零售型,低价值,United Kingdom
3639,C18040,客户_18040,批发型,低价值,United Kingdom
3640,C18041,客户_18041,零售型,高价值,United Kingdom
3641,C18042,客户_18042,零售型,低价值,United Kingdom
3642,C18043,客户_18043,零售型,中价值,United Kingdom
3643,C18044,客户_18044,零售型,高价值,United Kingdom
3644,C18045,客户_18045,零售型,低价值,United Kingdom
3645,C18053,客户_18053,批发型,中价值,United Kingdom
3646,C18055,客户_18055,零售型,高价值,United Kingdom
3647,C18056,客户_18056,批发型,低价值,United Kingdom
3648,C18058,客户_18058,批发型,低价值,United Kingdom
3649,C18059,客户_18059,批发型,中价值,United Kingdom
3650,C18061,客户_18061,批发型,中价值,United Kingdom
3651,C18062,客户_18062,批发型,中价值,United Kingdom
3652,C18065,客户_18065,零售型,高价值,United Kingdom
3653,C18066,客户_18066,批发型,低价值,United Kingdom
3654,C18067,客户_18067,零售型,低价值,United Kingdom
3655,C18069,客户_18069,零售型,中价值,United Kingdom
3656,C18071,客户_18071,批发型,低价值,United Kingdom
3657,C18072,客户_18072,批发型,低价值,United Kingdom
3658,C18073,客户_18073,批发型,中价值,United Kingdom
3659,C18075,客户_18075,批发型,高价值,United Kingdom
3660,C18077,客户_18077,批发型,高价值,United Kingdom
3661,C18078,客户_18078,零售型,低价值,United Kingdom
3662,C18079,客户_18079,批发型,高价值,United Kingdom
3663,C18080,客户_18080,批发型,高价值,United Kingdom
3664,C18081,客户_18081,批发型,低价值,United Kingdom
3665,C18082,客户_18082,批发型,中价值,United Kingdom
3666,C18085,客户_18085,批发型,低价值,United Kingdom
3667,C18086,客户_18086,批发型,低价值,United Kingdom
3668,C18088,客户_18088,零售型,低价值,United Kingdom
3669,C18092,客户_18092,批发型,高价值,United Kingdom
3670,C18093,客户_18093,批发型,高价值,United Kingdom
3671,C18094,客户_18094,批发型,高价值,United Kingdom
3672,C18095,客户_18095,批发型,中价值,United Kingdom
3673,C18096,客户_18096,零售型,中价值,United Kingdom
3674,C18097,客户_18097,批发型,高价值,United Kingdom
3675,C18099,客户_18099,零售型,低价值,United Kingdom
3676,C18101,客户_18101,零售型,低价值,United Kingdom
3677,C18102,客户_18102,批发型,高价值,United Kingdom
3678,C18104,客户_18104,批发型,低价值,United Kingdom
3679,C18105,客户_18105,零售型,低价值,United Kingdom
3680,C18106,客户_18106,零售型,低价值,United Kingdom
3681,C18109,客户_18109,零售型,高价值,United Kingdom
3682,C18110,客户_18110,零售型,中价值,United Kingdom
3683,C18112,客户_18112,零售型,低价值,United Kingdom
3684,C18114,客户_18114,零售型,低价值,United Kingdom
3685,C18116,客户_18116,零售型,中价值,United Kingdom
3686,C18117,客户_18117,零售型,低价值,United Kingdom
3687,C18118,客户_18118,零售型,高价值,United Kingdom
3688,C18119,客户_18119,零售型,中价值,United Kingdom
3689,C18120,客户_18120,零售型,低价值,United Kingdom
3690,C18121,客户_18121,批发型,中价值,United Kingdom
3691,C18122,客户_18122,零售型,高价值,United Kingdom
3692,C18123,客户_18123,批发型,中价值,United Kingdom
3693,C18125,客户_18125,零售型,中价值,United Kingdom
3694,C18126,客户_18126,零售型,低价值,United Kingdom
3695,C18127,客户_18127,零售型,低价值,United Kingdom
3696,C18130,客户_18130,批发型,中价值,United Kingdom
3697,C18136,客户_18136,批发型,中价值,United Kingdom
3698,C18139,客户_18139,批发型,高价值,United Kingdom
3699,C18142,客户_18142,批发型,中价值,United Kingdom
3700,C18143,客户_18143,批发型,中价值,United Kingdom
3701,C18144,客户_18144,批发型,高价值,United Kingdom
3702,C18145,客户_18145,批发型,高价值,United Kingdom
3703,C18146,客户_18146,批发型,低价值,United Kingdom
3704,C18147,客户_18147,批发型,低价值,United Kingdom
3705,C18149,客户_18149,批发型,高价值,United Kingdom
3706,C18150,客户_18150,批发型,低价值,United Kingdom
3707,C18154,客户_18154,批发型,低价值,United Kingdom
3708,C18155,客户_18155,零售型,低价值,United Kingdom
3709,C18156,客户_18156,零售型,中价值,United Kingdom
3710,C18158,客户_18158,批发型,低价值,United Kingdom
3711,C18160,客户_18160,零售型,低价值,United Kingdom
3712,C18161,客户_18161,批发型,中价值,United Kingdom
3713,C18167,客户_18167,批发型,高价值,United Kingdom
3714,C18168,客户_18168,零售型,中价值,United Kingdom
3715,C18169,客户_18169,零售型,低价值,United Kingdom
3716,C18171,客户_18171,批发型,高价值,United Kingdom
3717,C18172,客户_18172,批发型,高价值,United Kingdom
3718,C18173,客户_18173,批发型,高价值,United Kingdom
3719,C18174,客户_18174,批发型,中价值,United Kingdom
3720,C18176,客户_18176,批发型,中价值,United Kingdom
3721,C18177,客户_18177,批发型,低价值,United Kingdom
3722,C18178,客户_18178,零售型,中价值,United Kingdom
3723,C18179,客户_18179,批发型,高价值,United Kingdom
3724,C18180,客户_18180,批发型,高价值,United Kingdom
3725,C18181,客户_18181,零售型,低价值,United Kingdom
3726,C18183,客户_18183,批发型,中价值,United Kingdom
3727,C18185,客户_18185,批发型,中价值,United Kingdom
3728,C18188,客户_18188,批发型,中价值,United Kingdom
3729,C18189,客户_18189,批发型,高价值,United Kingdom
3730,C18192,客户_18192,零售型,中价值,United Kingdom
3731,C18193,客户_18193,零售型,低价值,United Kingdom
3732,C18196,客户_18196,零售型,中价值,United Kingdom
3733,C18198,客户_18198,批发型,高价值,United Kingdom
3734,C18200,客户_18200,零售型,低价值,United Kingdom
3735,C18202,客户_18202,批发型,高价值,United Kingdom
3736,C18203,客户_18203,零售型,低价值,United Kingdom
3737,C18204,客户_18204,零售型,高价值,United Kingdom
3738,C18205,客户_18205,零售型,低价值,United Kingdom
3739,C18210,客户_18210,零售型,高价值,United Kingdom
3740,C18211,客户_18211,批发型,低价值,United Kingdom
3741,C18212,客户_18212,零售型,低价值,United Kingdom
3742,C18216,客户_18216,批发型,中价值,United Kingdom
3743,C18217,客户_18217,批发型,中价值,United Kingdom
3744,C18218,客户_18218,批发型,中价值,United Kingdom
3745,C18219,客户_18219,批发型,高价值,United Kingdom
3746,C18221,客户_18221,批发型,高价值,United Kingdom
3747,C18222,客户_18222,批发型,中价值,United Kingdom
3748,C18223,客户_18223,批发型,高价值,United Kingdom
3749,C18225,客户_18225,批发型,高价值,United Kingdom
3750,C18226,客户_18226,批发型,高价值,United Kingdom
3751,C18228,客户_18228,批发型,中价值,United Kingdom
3752,C18229,客户_18229,批发型,高价值,United Kingdom
3753,C18230,客户_18230,批发型,高价值,United Kingdom
3754,C18231,客户_18231,零售型,高价值,United Kingdom
3755,C18235,客户_18235,批发型,高价值,United Kingdom
3756,C18236,客户_18236,批发型,中价值,United Kingdom
3757,C18237,客户_18237,批发型,中价值,United Kingdom
3758,C18239,客户_18239,批发型,高价值,United Kingdom
3759,C18241,客户_18241,批发型,高价值,United Kingdom
3760,C18242,客户_18242,批发型,低价值,United Kingdom
3761,C18245,客户_18245,批发型,高价值,United Kingdom
3762,C18248,客户_18248,零售型,中价值,United Kingdom
3763,C18250,客户_18250,批发型,中价值,United Kingdom
3764,C18252,客户_18252,零售型,低价值,United Kingdom
3765,C18257,客户_18257,批发型,高价值,United Kingdom
3766,C18259,客户_18259,批发型,中价值,United Kingdom
3767,C18260,客户_18260,零售型,高价值,United Kingdom
3768,C18261,客户_18261,零售型,低价值,United Kingdom
3769,C18262,客户_18262,批发型,低价值,United Kingdom
3770,C18263,客户_18263,批发型,高价值,United Kingdom
3771,C18265,客户_18265,批发型,中价值,United Kingdom
3772,C18269,客户_18269,批发型,低价值,United Kingdom
3773,C18270,客户_18270,批发型,低价值,United Kingdom
3774,C18272,客户_18272,批发型,高价值,United Kingdom
3775,C18273,客户_18273,批发型,中价值,United Kingdom
3776,C18274,客户_18274,零售型,低价值,United Kingdom
3777,C18276,客户_18276,批发型,中价值,United Kingdom
3778,C18278,客户_18278,零售型,低价值,United Kingdom
3779,C18282,客户_18282,批发型,低价值,United Kingdom
3780,C18283,客户_18283,零售型,高价值,United Kingdom
3781,C18287,客户_18287,批发型,高价值,United Kingdom
